-- MySQL dump 10.13  Distrib 8.0.28, for Win64 (x86_64)
--
-- Host: 127.0.0.1    Database: treefrogbank
-- ------------------------------------------------------
-- Server version	8.0.28

/*!40101 SET @OLD_CHARACTER_SET_CLIENT=@@CHARACTER_SET_CLIENT */;
/*!40101 SET @OLD_CHARACTER_SET_RESULTS=@@CHARACTER_SET_RESULTS */;
/*!40101 SET @OLD_COLLATION_CONNECTION=@@COLLATION_CONNECTION */;
/*!50503 SET NAMES utf8 */;
/*!40103 SET @OLD_TIME_ZONE=@@TIME_ZONE */;
/*!40103 SET TIME_ZONE='+00:00' */;
/*!40014 SET @OLD_UNIQUE_CHECKS=@@UNIQUE_CHECKS, UNIQUE_CHECKS=0 */;
/*!40014 SET @OLD_FOREIGN_KEY_CHECKS=@@FOREIGN_KEY_CHECKS, FOREIGN_KEY_CHECKS=0 */;
/*!40101 SET @OLD_SQL_MODE=@@SQL_MODE, SQL_MODE='NO_AUTO_VALUE_ON_ZERO' */;
/*!40111 SET @OLD_SQL_NOTES=@@SQL_NOTES, SQL_NOTES=0 */;

--
-- Table structure for table `auth_group`
--

DROP TABLE IF EXISTS `auth_group`;
/*!40101 SET @saved_cs_client     = @@character_set_client */;
/*!50503 SET character_set_client = utf8mb4 */;
CREATE TABLE `auth_group` (
  `id` int NOT NULL AUTO_INCREMENT,
  `name` varchar(150) NOT NULL,
  PRIMARY KEY (`id`),
  UNIQUE KEY `name` (`name`)
) ENGINE=InnoDB AUTO_INCREMENT=1001 DEFAULT CHARSET=utf8mb4 COLLATE=utf8mb4_0900_ai_ci;
/*!40101 SET character_set_client = @saved_cs_client */;

--
-- Dumping data for table `auth_group`
--

LOCK TABLES `auth_group` WRITE;
/*!40000 ALTER TABLE `auth_group` DISABLE KEYS */;
INSERT INTO `auth_group` VALUES (1,'1'),(10,'10'),(100,'100'),(1000,'1000'),(101,'101'),(102,'102'),(103,'103'),(104,'104'),(105,'105'),(106,'106'),(107,'107'),(108,'108'),(109,'109'),(11,'11'),(110,'110'),(111,'111'),(112,'112'),(113,'113'),(114,'114'),(115,'115'),(116,'116'),(117,'117'),(118,'118'),(119,'119'),(12,'12'),(120,'120'),(121,'121'),(122,'122'),(123,'123'),(124,'124'),(125,'125'),(126,'126'),(127,'127'),(128,'128'),(129,'129'),(13,'13'),(130,'130'),(131,'131'),(132,'132'),(133,'133'),(134,'134'),(135,'135'),(136,'136'),(137,'137'),(138,'138'),(139,'139'),(14,'14'),(140,'140'),(141,'141'),(142,'142'),(143,'143'),(144,'144'),(145,'145'),(146,'146'),(147,'147'),(148,'148'),(149,'149'),(15,'15'),(150,'150'),(151,'151'),(152,'152'),(153,'153'),(154,'154'),(155,'155'),(156,'156'),(157,'157'),(158,'158'),(159,'159'),(16,'16'),(160,'160'),(161,'161'),(162,'162'),(163,'163'),(164,'164'),(165,'165'),(166,'166'),(167,'167'),(168,'168'),(169,'169'),(17,'17'),(170,'170'),(171,'171'),(172,'172'),(173,'173'),(174,'174'),(175,'175'),(176,'176'),(177,'177'),(178,'178'),(179,'179'),(18,'18'),(180,'180'),(181,'181'),(182,'182'),(183,'183'),(184,'184'),(185,'185'),(186,'186'),(187,'187'),(188,'188'),(189,'189'),(19,'19'),(190,'190'),(191,'191'),(192,'192'),(193,'193'),(194,'194'),(195,'195'),(196,'196'),(197,'197'),(198,'198'),(199,'199'),(2,'2'),(20,'20'),(200,'200'),(201,'201'),(202,'202'),(203,'203'),(204,'204'),(205,'205'),(206,'206'),(207,'207'),(208,'208'),(209,'209'),(21,'21'),(210,'210'),(211,'211'),(212,'212'),(213,'213'),(214,'214'),(215,'215'),(216,'216'),(217,'217'),(218,'218'),(219,'219'),(22,'22'),(220,'220'),(221,'221'),(222,'222'),(223,'223'),(224,'224'),(225,'225'),(226,'226'),(227,'227'),(228,'228'),(229,'229'),(23,'23'),(230,'230'),(231,'231'),(232,'232'),(233,'233'),(234,'234'),(235,'235'),(236,'236'),(237,'237'),(238,'238'),(239,'239'),(24,'24'),(240,'240'),(241,'241'),(242,'242'),(243,'243'),(244,'244'),(245,'245'),(246,'246'),(247,'247'),(248,'248'),(249,'249'),(25,'25'),(250,'250'),(251,'251'),(252,'252'),(253,'253'),(254,'254'),(255,'255'),(256,'256'),(257,'257'),(258,'258'),(259,'259'),(26,'26'),(260,'260'),(261,'261'),(262,'262'),(263,'263'),(264,'264'),(265,'265'),(266,'266'),(267,'267'),(268,'268'),(269,'269'),(27,'27'),(270,'270'),(271,'271'),(272,'272'),(273,'273'),(274,'274'),(275,'275'),(276,'276'),(277,'277'),(278,'278'),(279,'279'),(28,'28'),(280,'280'),(281,'281'),(282,'282'),(283,'283'),(284,'284'),(285,'285'),(286,'286'),(287,'287'),(288,'288'),(289,'289'),(29,'29'),(290,'290'),(291,'291'),(292,'292'),(293,'293'),(294,'294'),(295,'295'),(296,'296'),(297,'297'),(298,'298'),(299,'299'),(3,'3'),(30,'30'),(300,'300'),(301,'301'),(302,'302'),(303,'303'),(304,'304'),(305,'305'),(306,'306'),(307,'307'),(308,'308'),(309,'309'),(31,'31'),(310,'310'),(311,'311'),(312,'312'),(313,'313'),(314,'314'),(315,'315'),(316,'316'),(317,'317'),(318,'318'),(319,'319'),(32,'32'),(320,'320'),(321,'321'),(322,'322'),(323,'323'),(324,'324'),(325,'325'),(326,'326'),(327,'327'),(328,'328'),(329,'329'),(33,'33'),(330,'330'),(331,'331'),(332,'332'),(333,'333'),(334,'334'),(335,'335'),(336,'336'),(337,'337'),(338,'338'),(339,'339'),(34,'34'),(340,'340'),(341,'341'),(342,'342'),(343,'343'),(344,'344'),(345,'345'),(346,'346'),(347,'347'),(348,'348'),(349,'349'),(35,'35'),(350,'350'),(351,'351'),(352,'352'),(353,'353'),(354,'354'),(355,'355'),(356,'356'),(357,'357'),(358,'358'),(359,'359'),(36,'36'),(360,'360'),(361,'361'),(362,'362'),(363,'363'),(364,'364'),(365,'365'),(366,'366'),(367,'367'),(368,'368'),(369,'369'),(37,'37'),(370,'370'),(371,'371'),(372,'372'),(373,'373'),(374,'374'),(375,'375'),(376,'376'),(377,'377'),(378,'378'),(379,'379'),(38,'38'),(380,'380'),(381,'381'),(382,'382'),(383,'383'),(384,'384'),(385,'385'),(386,'386'),(387,'387'),(388,'388'),(389,'389'),(39,'39'),(390,'390'),(391,'391'),(392,'392'),(393,'393'),(394,'394'),(395,'395'),(396,'396'),(397,'397'),(398,'398'),(399,'399'),(4,'4'),(40,'40'),(400,'400'),(401,'401'),(402,'402'),(403,'403'),(404,'404'),(405,'405'),(406,'406'),(407,'407'),(408,'408'),(409,'409'),(41,'41'),(410,'410'),(411,'411'),(412,'412'),(413,'413'),(414,'414'),(415,'415'),(416,'416'),(417,'417'),(418,'418'),(419,'419'),(42,'42'),(420,'420'),(421,'421'),(422,'422'),(423,'423'),(424,'424'),(425,'425'),(426,'426'),(427,'427'),(428,'428'),(429,'429'),(43,'43'),(430,'430'),(431,'431'),(432,'432'),(433,'433'),(434,'434'),(435,'435'),(436,'436'),(437,'437'),(438,'438'),(439,'439'),(44,'44'),(440,'440'),(441,'441'),(442,'442'),(443,'443'),(444,'444'),(445,'445'),(446,'446'),(447,'447'),(448,'448'),(449,'449'),(45,'45'),(450,'450'),(451,'451'),(452,'452'),(453,'453'),(454,'454'),(455,'455'),(456,'456'),(457,'457'),(458,'458'),(459,'459'),(46,'46'),(460,'460'),(461,'461'),(462,'462'),(463,'463'),(464,'464'),(465,'465'),(466,'466'),(467,'467'),(468,'468'),(469,'469'),(47,'47'),(470,'470'),(471,'471'),(472,'472'),(473,'473'),(474,'474'),(475,'475'),(476,'476'),(477,'477'),(478,'478'),(479,'479'),(48,'48'),(480,'480'),(481,'481'),(482,'482'),(483,'483'),(484,'484'),(485,'485'),(486,'486'),(487,'487'),(488,'488'),(489,'489'),(49,'49'),(490,'490'),(491,'491'),(492,'492'),(493,'493'),(494,'494'),(495,'495'),(496,'496'),(497,'497'),(498,'498'),(499,'499'),(5,'5'),(50,'50'),(500,'500'),(501,'501'),(502,'502'),(503,'503'),(504,'504'),(505,'505'),(506,'506'),(507,'507'),(508,'508'),(509,'509'),(51,'51'),(510,'510'),(511,'511'),(512,'512'),(513,'513'),(514,'514'),(515,'515'),(516,'516'),(517,'517'),(518,'518'),(519,'519'),(52,'52'),(520,'520'),(521,'521'),(522,'522'),(523,'523'),(524,'524'),(525,'525'),(526,'526'),(527,'527'),(528,'528'),(529,'529'),(53,'53'),(530,'530'),(531,'531'),(532,'532'),(533,'533'),(534,'534'),(535,'535'),(536,'536'),(537,'537'),(538,'538'),(539,'539'),(54,'54'),(540,'540'),(541,'541'),(542,'542'),(543,'543'),(544,'544'),(545,'545'),(546,'546'),(547,'547'),(548,'548'),(549,'549'),(55,'55'),(550,'550'),(551,'551'),(552,'552'),(553,'553'),(554,'554'),(555,'555'),(556,'556'),(557,'557'),(558,'558'),(559,'559'),(56,'56'),(560,'560'),(561,'561'),(562,'562'),(563,'563'),(564,'564'),(565,'565'),(566,'566'),(567,'567'),(568,'568'),(569,'569'),(57,'57'),(570,'570'),(571,'571'),(572,'572'),(573,'573'),(574,'574'),(575,'575'),(576,'576'),(577,'577'),(578,'578'),(579,'579'),(58,'58'),(580,'580'),(581,'581'),(582,'582'),(583,'583'),(584,'584'),(585,'585'),(586,'586'),(587,'587'),(588,'588'),(589,'589'),(59,'59'),(590,'590'),(591,'591'),(592,'592'),(593,'593'),(594,'594'),(595,'595'),(596,'596'),(597,'597'),(598,'598'),(599,'599'),(6,'6'),(60,'60'),(600,'600'),(601,'601'),(602,'602'),(603,'603'),(604,'604'),(605,'605'),(606,'606'),(607,'607'),(608,'608'),(609,'609'),(61,'61'),(610,'610'),(611,'611'),(612,'612'),(613,'613'),(614,'614'),(615,'615'),(616,'616'),(617,'617'),(618,'618'),(619,'619'),(62,'62'),(620,'620'),(621,'621'),(622,'622'),(623,'623'),(624,'624'),(625,'625'),(626,'626'),(627,'627'),(628,'628'),(629,'629'),(63,'63'),(630,'630'),(631,'631'),(632,'632'),(633,'633'),(634,'634'),(635,'635'),(636,'636'),(637,'637'),(638,'638'),(639,'639'),(64,'64'),(640,'640'),(641,'641'),(642,'642'),(643,'643'),(644,'644'),(645,'645'),(646,'646'),(647,'647'),(648,'648'),(649,'649'),(65,'65'),(650,'650'),(651,'651'),(652,'652'),(653,'653'),(654,'654'),(655,'655'),(656,'656'),(657,'657'),(658,'658'),(659,'659'),(66,'66'),(660,'660'),(661,'661'),(662,'662'),(663,'663'),(664,'664'),(665,'665'),(666,'666'),(667,'667'),(668,'668'),(669,'669'),(67,'67'),(670,'670'),(671,'671'),(672,'672'),(673,'673'),(674,'674'),(675,'675'),(676,'676'),(677,'677'),(678,'678'),(679,'679'),(68,'68'),(680,'680'),(681,'681'),(682,'682'),(683,'683'),(684,'684'),(685,'685'),(686,'686'),(687,'687'),(688,'688'),(689,'689'),(69,'69'),(690,'690'),(691,'691'),(692,'692'),(693,'693'),(694,'694'),(695,'695'),(696,'696'),(697,'697'),(698,'698'),(699,'699'),(7,'7'),(70,'70'),(700,'700'),(701,'701'),(702,'702'),(703,'703'),(704,'704'),(705,'705'),(706,'706'),(707,'707'),(708,'708'),(709,'709'),(71,'71'),(710,'710'),(711,'711'),(712,'712'),(713,'713'),(714,'714'),(715,'715'),(716,'716'),(717,'717'),(718,'718'),(719,'719'),(72,'72'),(720,'720'),(721,'721'),(722,'722'),(723,'723'),(724,'724'),(725,'725'),(726,'726'),(727,'727'),(728,'728'),(729,'729'),(73,'73'),(730,'730'),(731,'731'),(732,'732'),(733,'733'),(734,'734'),(735,'735'),(736,'736'),(737,'737'),(738,'738'),(739,'739'),(74,'74'),(740,'740'),(741,'741'),(742,'742'),(743,'743'),(744,'744'),(745,'745'),(746,'746'),(747,'747'),(748,'748'),(749,'749'),(75,'75'),(750,'750'),(751,'751'),(752,'752'),(753,'753'),(754,'754'),(755,'755'),(756,'756'),(757,'757'),(758,'758'),(759,'759'),(76,'76'),(760,'760'),(761,'761'),(762,'762'),(763,'763'),(764,'764'),(765,'765'),(766,'766'),(767,'767'),(768,'768'),(769,'769'),(77,'77'),(770,'770'),(771,'771'),(772,'772'),(773,'773'),(774,'774'),(775,'775'),(776,'776'),(777,'777'),(778,'778'),(779,'779'),(78,'78'),(780,'780'),(781,'781'),(782,'782'),(783,'783'),(784,'784'),(785,'785'),(786,'786'),(787,'787'),(788,'788'),(789,'789'),(79,'79'),(790,'790'),(791,'791'),(792,'792'),(793,'793'),(794,'794'),(795,'795'),(796,'796'),(797,'797'),(798,'798'),(799,'799'),(8,'8'),(80,'80'),(800,'800'),(801,'801'),(802,'802'),(803,'803'),(804,'804'),(805,'805'),(806,'806'),(807,'807'),(808,'808'),(809,'809'),(81,'81'),(810,'810'),(811,'811'),(812,'812'),(813,'813'),(814,'814'),(815,'815'),(816,'816'),(817,'817'),(818,'818'),(819,'819'),(82,'82'),(820,'820'),(821,'821'),(822,'822'),(823,'823'),(824,'824'),(825,'825'),(826,'826'),(827,'827'),(828,'828'),(829,'829'),(83,'83'),(830,'830'),(831,'831'),(832,'832'),(833,'833'),(834,'834'),(835,'835'),(836,'836'),(837,'837'),(838,'838'),(839,'839'),(84,'84'),(840,'840'),(841,'841'),(842,'842'),(843,'843'),(844,'844'),(845,'845'),(846,'846'),(847,'847'),(848,'848'),(849,'849'),(85,'85'),(850,'850'),(851,'851'),(852,'852'),(853,'853'),(854,'854'),(855,'855'),(856,'856'),(857,'857'),(858,'858'),(859,'859'),(86,'86'),(860,'860'),(861,'861'),(862,'862'),(863,'863'),(864,'864'),(865,'865'),(866,'866'),(867,'867'),(868,'868'),(869,'869'),(87,'87'),(870,'870'),(871,'871'),(872,'872'),(873,'873'),(874,'874'),(875,'875'),(876,'876'),(877,'877'),(878,'878'),(879,'879'),(88,'88'),(880,'880'),(881,'881'),(882,'882'),(883,'883'),(884,'884'),(885,'885'),(886,'886'),(887,'887'),(888,'888'),(889,'889'),(89,'89'),(890,'890'),(891,'891'),(892,'892'),(893,'893'),(894,'894'),(895,'895'),(896,'896'),(897,'897'),(898,'898'),(899,'899'),(9,'9'),(90,'90'),(900,'900'),(901,'901'),(902,'902'),(903,'903'),(904,'904'),(905,'905'),(906,'906'),(907,'907'),(908,'908'),(909,'909'),(91,'91'),(910,'910'),(911,'911'),(912,'912'),(913,'913'),(914,'914'),(915,'915'),(916,'916'),(917,'917'),(918,'918'),(919,'919'),(92,'92'),(920,'920'),(921,'921'),(922,'922'),(923,'923'),(924,'924'),(925,'925'),(926,'926'),(927,'927'),(928,'928'),(929,'929'),(93,'93'),(930,'930'),(931,'931'),(932,'932'),(933,'933'),(934,'934'),(935,'935'),(936,'936'),(937,'937'),(938,'938'),(939,'939'),(94,'94'),(940,'940'),(941,'941'),(942,'942'),(943,'943'),(944,'944'),(945,'945'),(946,'946'),(947,'947'),(948,'948'),(949,'949'),(95,'95'),(950,'950'),(951,'951'),(952,'952'),(953,'953'),(954,'954'),(955,'955'),(956,'956'),(957,'957'),(958,'958'),(959,'959'),(96,'96'),(960,'960'),(961,'961'),(962,'962'),(963,'963'),(964,'964'),(965,'965'),(966,'966'),(967,'967'),(968,'968'),(969,'969'),(97,'97'),(970,'970'),(971,'971'),(972,'972'),(973,'973'),(974,'974'),(975,'975'),(976,'976'),(977,'977'),(978,'978'),(979,'979'),(98,'98'),(980,'980'),(981,'981'),(982,'982'),(983,'983'),(984,'984'),(985,'985'),(986,'986'),(987,'987'),(988,'988'),(989,'989'),(99,'99'),(990,'990'),(991,'991'),(992,'992'),(993,'993'),(994,'994'),(995,'995'),(996,'996'),(997,'997'),(998,'998'),(999,'999');
/*!40000 ALTER TABLE `auth_group` ENABLE KEYS */;
UNLOCK TABLES;

--
-- Table structure for table `auth_group_permissions`
--

DROP TABLE IF EXISTS `auth_group_permissions`;
/*!40101 SET @saved_cs_client     = @@character_set_client */;
/*!50503 SET character_set_client = utf8mb4 */;
CREATE TABLE `auth_group_permissions` (
  `id` bigint NOT NULL AUTO_INCREMENT,
  `group_id` int NOT NULL,
  `permission_id` int NOT NULL,
  PRIMARY KEY (`id`),
  UNIQUE KEY `auth_group_permissions_group_id_permission_id_0cd325b0_uniq` (`group_id`,`permission_id`),
  KEY `auth_group_permissio_permission_id_84c5c92e_fk_auth_perm` (`permission_id`),
  CONSTRAINT `auth_group_permissio_permission_id_84c5c92e_fk_auth_perm` FOREIGN KEY (`permission_id`) REFERENCES `auth_permission` (`id`),
  CONSTRAINT `auth_group_permissions_group_id_b120cbf9_fk_auth_group_id` FOREIGN KEY (`group_id`) REFERENCES `auth_group` (`id`)
) ENGINE=InnoDB DEFAULT CHARSET=utf8mb4 COLLATE=utf8mb4_0900_ai_ci;
/*!40101 SET character_set_client = @saved_cs_client */;

--
-- Dumping data for table `auth_group_permissions`
--

LOCK TABLES `auth_group_permissions` WRITE;
/*!40000 ALTER TABLE `auth_group_permissions` DISABLE KEYS */;
/*!40000 ALTER TABLE `auth_group_permissions` ENABLE KEYS */;
UNLOCK TABLES;

--
-- Table structure for table `auth_permission`
--

DROP TABLE IF EXISTS `auth_permission`;
/*!40101 SET @saved_cs_client     = @@character_set_client */;
/*!50503 SET character_set_client = utf8mb4 */;
CREATE TABLE `auth_permission` (
  `id` int NOT NULL AUTO_INCREMENT,
  `name` varchar(255) NOT NULL,
  `content_type_id` int NOT NULL,
  `codename` varchar(100) NOT NULL,
  PRIMARY KEY (`id`),
  UNIQUE KEY `auth_permission_content_type_id_codename_01ab375a_uniq` (`content_type_id`,`codename`),
  CONSTRAINT `auth_permission_content_type_id_2f476e4b_fk_django_co` FOREIGN KEY (`content_type_id`) REFERENCES `django_content_type` (`id`)
) ENGINE=InnoDB AUTO_INCREMENT=163 DEFAULT CHARSET=utf8mb4 COLLATE=utf8mb4_0900_ai_ci;
/*!40101 SET character_set_client = @saved_cs_client */;

--
-- Dumping data for table `auth_permission`
--

LOCK TABLES `auth_permission` WRITE;
/*!40000 ALTER TABLE `auth_permission` DISABLE KEYS */;
INSERT INTO `auth_permission` VALUES (1,'Can add log entry',1,'add_logentry'),(2,'Can change log entry',1,'change_logentry'),(3,'Can delete log entry',1,'delete_logentry'),(4,'Can view log entry',1,'view_logentry'),(5,'Can add permission',2,'add_permission'),(6,'Can change permission',2,'change_permission'),(7,'Can delete permission',2,'delete_permission'),(8,'Can view permission',2,'view_permission'),(9,'Can add group',3,'add_group'),(10,'Can change group',3,'change_group'),(11,'Can delete group',3,'delete_group'),(12,'Can view group',3,'view_group'),(13,'Can add user',4,'add_user'),(14,'Can change user',4,'change_user'),(15,'Can delete user',4,'delete_user'),(16,'Can view user',4,'view_user'),(17,'Can add content type',5,'add_contenttype'),(18,'Can change content type',5,'change_contenttype'),(19,'Can delete content type',5,'delete_contenttype'),(20,'Can view content type',5,'view_contenttype'),(21,'Can add session',6,'add_session'),(22,'Can change session',6,'change_session'),(23,'Can delete session',6,'delete_session'),(24,'Can view session',6,'view_session'),(25,'Can add bank',7,'add_bank'),(26,'Can change bank',7,'change_bank'),(27,'Can delete bank',7,'delete_bank'),(28,'Can view bank',7,'view_bank'),(29,'Can add consumption type_list',8,'add_consumptiontype_list'),(30,'Can change consumption type_list',8,'change_consumptiontype_list'),(31,'Can delete consumption type_list',8,'delete_consumptiontype_list'),(32,'Can view consumption type_list',8,'view_consumptiontype_list'),(33,'Can add credit_card',9,'add_credit_card'),(34,'Can change credit_card',9,'change_credit_card'),(35,'Can delete credit_card',9,'delete_credit_card'),(36,'Can view credit_card',9,'view_credit_card'),(37,'Can add credit card_type',10,'add_creditcard_type'),(38,'Can change credit card_type',10,'change_creditcard_type'),(39,'Can delete credit card_type',10,'delete_creditcard_type'),(40,'Can view credit card_type',10,'view_creditcard_type'),(41,'Can add customer',11,'add_customer'),(42,'Can change customer',11,'change_customer'),(43,'Can delete customer',11,'delete_customer'),(44,'Can view customer',11,'view_customer'),(45,'Can add credit card_history',12,'add_creditcard_history'),(46,'Can change credit card_history',12,'change_creditcard_history'),(47,'Can delete credit card_history',12,'delete_creditcard_history'),(48,'Can view credit card_history',12,'view_creditcard_history'),(49,'Can add credit cardhistory type_list',13,'add_creditcardhistorytype_list'),(50,'Can change credit cardhistory type_list',13,'change_creditcardhistorytype_list'),(51,'Can delete credit cardhistory type_list',13,'delete_creditcardhistorytype_list'),(52,'Can view credit cardhistory type_list',13,'view_creditcardhistorytype_list'),(53,'Can add loan',14,'add_loan'),(54,'Can change loan',14,'change_loan'),(55,'Can delete loan',14,'delete_loan'),(56,'Can view loan',14,'view_loan'),(57,'Can add repayment',15,'add_repayment'),(58,'Can change repayment',15,'change_repayment'),(59,'Can delete repayment',15,'delete_repayment'),(60,'Can view repayment',15,'view_repayment'),(61,'Can add transaction_history',16,'add_transaction_history'),(62,'Can change transaction_history',16,'change_transaction_history'),(63,'Can delete transaction_history',16,'delete_transaction_history'),(64,'Can view transaction_history',16,'view_transaction_history'),(65,'Can add account',17,'add_account'),(66,'Can change account',17,'change_account'),(67,'Can delete account',17,'delete_account'),(68,'Can view account',17,'view_account'),(69,'Can add transaction type_list',18,'add_transactiontype_list'),(70,'Can change transaction type_list',18,'change_transactiontype_list'),(71,'Can delete transaction type_list',18,'delete_transactiontype_list'),(72,'Can view transaction type_list',18,'view_transactiontype_list'),(73,'Harmon Pullman',66,'99140'),(74,'Derren Harshman',856,'92019'),(75,'Clay Archibald',412,'92542'),(76,'Janette Poehl',737,'92510'),(77,'Zeke Bunten',588,'90871'),(78,'Haywood Fowler',926,'J0560'),(79,'Rowland Hobbs',840,'97026'),(80,'Briony Barth',656,'99284'),(81,'Lewis Ling',763,'96542'),(82,'Nivek Holdsworth',509,'J0587'),(83,'Sharalyn Yonkie',283,'90920'),(84,'Gary Hasely',717,'P9046'),(85,'Oprah Wickes',184,'J0640'),(86,'Columbine Weldi',933,'95044'),(87,'Rexana Greenawalt',707,'92610'),(88,'Brooke Fea',537,'97024'),(89,'Rowena Cross',526,'92012'),(90,'Floella Read',678,'90816'),(91,'Merton Graham',951,'99282'),(92,'Lis Perkins',683,'99303'),(93,'Orrell Handyside',446,'95065'),(94,'Tyriq Churchill',633,'92135'),(95,'Carlie Wise',63,'99116'),(96,'Vi Clarke',466,'94642'),(97,'Hyacintha Murray',1008,'92100'),(98,'Tyriq Churchill',780,'J0300'),(99,'Arthur Butterfill',473,'90586'),(100,'Faithe Clewett',608,'J1030'),(101,'Milford James',827,'J1051'),(102,'Tristram Smothers',463,'90989'),(103,'Hugo Bullard',121,'92140'),(104,'Hopkin Hil',750,'J0743'),(105,'Deniece Braham',574,'97113'),(106,'Lewis Ling',959,'99220'),(107,'Garland Sanforth',931,'90862'),(108,'Jessi Lowry',423,'95052'),(109,'Antony Romanoff',389,'96910'),(110,'Claudia Rawls',293,'99312'),(111,'Lewis Ling',993,'92506'),(112,'Godric Kunkle',197,'90386'),(113,'Deryck Berkheimer',251,'J0696'),(114,'Laurinda Huston',862,'99219'),(115,'Sam Gertraht',136,'99116'),(116,'Will Simpson',938,'94657'),(117,'Carlisa Bickerson',883,'97020'),(118,'Myles Oneal',129,'95145'),(119,'Katrina Keilbach',571,'92082'),(120,'Dexter Fields',335,'J0744'),(121,'Harmon Pullman',353,'J0282'),(122,'Evan Butler',460,'92235'),(123,'Hailey Nash',74,'92520'),(124,'Tracee Tue',647,'90669'),(125,'Berenice Polson',873,'92235'),(126,'Jazmine Philbrick',161,'90658'),(127,'Dot Armstrong',297,'P9038'),(128,'Sylvester Conrad',856,'P9058'),(129,'Hopkin Hil',667,'99235'),(130,'Arlette Sutton',769,'99058'),(131,'Maximilian Haile',511,'90945'),(132,'Kelsie Shaner',572,'P9031'),(133,'Barrie Hirleman',842,'J0715'),(134,'Franklyn Queer',695,'99220'),(135,'Luanne Driggers',285,'99234'),(136,'Kathleen Parrish',930,'J0780'),(137,'Rowanne Fry',711,'99284'),(138,'Gia Isemann',313,'99355'),(139,'Ryana Smith',270,'99220'),(140,'Archie Elinor',499,'94642'),(141,'Joachim Chase',707,'97035'),(142,'Malcolm Greif',167,'99298'),(143,'Joel Sloan',549,'92601'),(144,'Heath Hawker',251,'J0690'),(145,'Raphaela Rifler',971,'95170'),(146,'Hyacintha Murray',442,'J0760'),(147,'Su Swabey',710,'90810'),(148,'Albert Henry',860,'97034'),(149,'Columbine Weldi',421,'97003'),(150,'Mckenna Mccune',571,'92120'),(151,'Reynold Rhinehart',83,'92065'),(152,'Eleanora Lear',228,'92019'),(153,'Delmar Goodman',412,'J0295'),(154,'Cyrus Logue',277,'97036'),(155,'Jillian Scott',847,'90371'),(156,'Xylia Fleming',462,'J0390'),(157,'Roxie Teagarden',103,'99301'),(158,'Zachery Beedell',220,'J0530'),(159,'Misty Harrold',14,'97124'),(160,'Paden Poley',260,'99135'),(161,'Adrianna Losey',302,'99312');
/*!40000 ALTER TABLE `auth_permission` ENABLE KEYS */;
UNLOCK TABLES;

--
-- Table structure for table `auth_user`
--

DROP TABLE IF EXISTS `auth_user`;
/*!40101 SET @saved_cs_client     = @@character_set_client */;
/*!50503 SET character_set_client = utf8mb4 */;
CREATE TABLE `auth_user` (
  `id` int NOT NULL AUTO_INCREMENT,
  `password` varchar(128) NOT NULL,
  `last_login` datetime(6) DEFAULT NULL,
  `is_superuser` tinyint(1) NOT NULL,
  `username` varchar(150) NOT NULL,
  `first_name` varchar(150) NOT NULL,
  `last_name` varchar(150) NOT NULL,
  `email` varchar(254) NOT NULL,
  `is_staff` tinyint(1) NOT NULL,
  `is_active` tinyint(1) NOT NULL,
  `date_joined` datetime(6) NOT NULL,
  PRIMARY KEY (`id`),
  UNIQUE KEY `username` (`username`)
) ENGINE=InnoDB DEFAULT CHARSET=utf8mb4 COLLATE=utf8mb4_0900_ai_ci;
/*!40101 SET character_set_client = @saved_cs_client */;

--
-- Dumping data for table `auth_user`
--

LOCK TABLES `auth_user` WRITE;
/*!40000 ALTER TABLE `auth_user` DISABLE KEYS */;
/*!40000 ALTER TABLE `auth_user` ENABLE KEYS */;
UNLOCK TABLES;

--
-- Table structure for table `auth_user_groups`
--

DROP TABLE IF EXISTS `auth_user_groups`;
/*!40101 SET @saved_cs_client     = @@character_set_client */;
/*!50503 SET character_set_client = utf8mb4 */;
CREATE TABLE `auth_user_groups` (
  `id` bigint NOT NULL AUTO_INCREMENT,
  `user_id` int NOT NULL,
  `group_id` int NOT NULL,
  PRIMARY KEY (`id`),
  UNIQUE KEY `auth_user_groups_user_id_group_id_94350c0c_uniq` (`user_id`,`group_id`),
  KEY `auth_user_groups_group_id_97559544_fk_auth_group_id` (`group_id`),
  CONSTRAINT `auth_user_groups_group_id_97559544_fk_auth_group_id` FOREIGN KEY (`group_id`) REFERENCES `auth_group` (`id`),
  CONSTRAINT `auth_user_groups_user_id_6a12ed8b_fk_auth_user_id` FOREIGN KEY (`user_id`) REFERENCES `auth_user` (`id`)
) ENGINE=InnoDB DEFAULT CHARSET=utf8mb4 COLLATE=utf8mb4_0900_ai_ci;
/*!40101 SET character_set_client = @saved_cs_client */;

--
-- Dumping data for table `auth_user_groups`
--

LOCK TABLES `auth_user_groups` WRITE;
/*!40000 ALTER TABLE `auth_user_groups` DISABLE KEYS */;
/*!40000 ALTER TABLE `auth_user_groups` ENABLE KEYS */;
UNLOCK TABLES;

--
-- Table structure for table `auth_user_user_permissions`
--

DROP TABLE IF EXISTS `auth_user_user_permissions`;
/*!40101 SET @saved_cs_client     = @@character_set_client */;
/*!50503 SET character_set_client = utf8mb4 */;
CREATE TABLE `auth_user_user_permissions` (
  `id` bigint NOT NULL AUTO_INCREMENT,
  `user_id` int NOT NULL,
  `permission_id` int NOT NULL,
  PRIMARY KEY (`id`),
  UNIQUE KEY `auth_user_user_permissions_user_id_permission_id_14a6b632_uniq` (`user_id`,`permission_id`),
  KEY `auth_user_user_permi_permission_id_1fbb5f2c_fk_auth_perm` (`permission_id`),
  CONSTRAINT `auth_user_user_permi_permission_id_1fbb5f2c_fk_auth_perm` FOREIGN KEY (`permission_id`) REFERENCES `auth_permission` (`id`),
  CONSTRAINT `auth_user_user_permissions_user_id_a95ead1b_fk_auth_user_id` FOREIGN KEY (`user_id`) REFERENCES `auth_user` (`id`)
) ENGINE=InnoDB DEFAULT CHARSET=utf8mb4 COLLATE=utf8mb4_0900_ai_ci;
/*!40101 SET character_set_client = @saved_cs_client */;

--
-- Dumping data for table `auth_user_user_permissions`
--

LOCK TABLES `auth_user_user_permissions` WRITE;
/*!40000 ALTER TABLE `auth_user_user_permissions` DISABLE KEYS */;
/*!40000 ALTER TABLE `auth_user_user_permissions` ENABLE KEYS */;
UNLOCK TABLES;

--
-- Table structure for table `bank_account`
--

DROP TABLE IF EXISTS `bank_account`;
/*!40101 SET @saved_cs_client     = @@character_set_client */;
/*!50503 SET character_set_client = utf8mb4 */;
CREATE TABLE `bank_account` (
  `id` bigint NOT NULL AUTO_INCREMENT,
  `key` varchar(60) NOT NULL,
  `balance` double NOT NULL,
  `account_customer_id` bigint NOT NULL,
  PRIMARY KEY (`id`),
  KEY `bank_account_account_customer_id_0ec6093e_fk_bank_customer_id` (`account_customer_id`),
  CONSTRAINT `bank_account_account_customer_id_0ec6093e_fk_bank_customer_id` FOREIGN KEY (`account_customer_id`) REFERENCES `bank_customer` (`id`)
) ENGINE=InnoDB AUTO_INCREMENT=2005 DEFAULT CHARSET=utf8mb4 COLLATE=utf8mb4_0900_ai_ci;
/*!40101 SET character_set_client = @saved_cs_client */;

--
-- Dumping data for table `bank_account`
--

LOCK TABLES `bank_account` WRITE;
/*!40000 ALTER TABLE `bank_account` DISABLE KEYS */;
INSERT INTO `bank_account` VALUES (1,'144030663',80,1),(2,'125678',60,1),(3,'15646',0,2),(4,'465489',0,3),(5,'The mass accumulate steadily of capture',195.715574176516,155),(6,'planetesimals certainty is (a rate * core, is A accumulate',102.514612746425,712),(7,'certainty accumulate',61.9961280026473,396),(8,'gas dust the as of and # mass steadily It formed disk.',39.3799712574109,343),(9,'core, form how at of additional',39.5685555995442,559),(10,'collision) by of protoplanets. steadily to reaches',95.2000034931116,868),(11,'of form the dust',101.071186877787,224),(12,'accumulate',118.059454822913,976),(13,'they greatly ever',73.5786069119349,196),(14,'collision)',43.8595623774454,121),(15,'planet certainty the disk to a form,',5.1166726835072,538),(16,'known',50.849030053243,513),(17,'atmospheric by ever-larger of by After 123 particles of col',156.268179159146,617),(18,'is greatly',50.0327392769977,927),(19,'planetesimals',227.413642165251,574),(20,'known rate a reaches of extended the mass Through to form',222.806905246805,25),(21,'by and known in under into concentrations a',35.2306885104626,840),(22,'extended begins that larger',219.015784979332,974),(23,'atmospheric',113.464787224773,866),(24,'are',132.186413098592,606),(25,'These steadily means is not gravitational process protostar',149.422362617217,872),(26,'atmospheric means',251.520308044273,83),(27,'dust process until protoplanets. atmospheric disk (a',26.1998729347251,578),(28,'mass to diameter planetesimals disk',66.738850814756,712),(29,'increasing drawing the # dust. collapse they at gravity f',78.1091488683596,489),(30,'are certainty',20.3177302093245,664),(31,'with in larger ever-larger The material',178.583305586129,408),(32,'prevailing Through attraction. means disk protostar extended',253.337160696276,393),(33,'^ known formed.',157.66776322946,934),(34,'dust. planetesimals of nebula planetesimals into The p',105.293395147193,577),(35,'of a begins accumulate dust. ^ The atmosphere,',244.432527544908,388),(36,'accelerate greatly rotating a form, accelerate gravity to It',180.513171830215,283),(37,'planetesimals formed rotating protostar',142.919539287221,542),(38,'the steadily during a A the and formed. by planets their',156.125755100045,247),(39,'process After the process',59.0777605688199,444),(40,'certainty ever known rate sticky of Through the',137.003163724672,442),(41,'It the greatly mass the diameter (a of process they ever-la',151.992928011809,459),(42,'gravity',148.074652187992,104),(43,'core, during dust. by planetesimals',67.7065804419108,741),(44,'formed denser their drawing',45.3646483244374,564),(45,'# Through ^ of protoplanetary a material 89 of they ^ dust.',147.915838410147,910),(46,'These 89 formed.',203.890709456056,42),(47,'to by concentrations is by in disk. thin mass planetesimals',241.765449458268,958),(48,'known collision) ever-larger the disk accretion the atmosph',74.6879673078656,783),(49,'USD33.12',213.193830067292,419),(50,'are dust # attraction. additional 55 reaches After',136.605179300997,803),(51,'thin bodies. the Local that material',243.190058071166,393),(52,'certainty collision) Through',90.4844748554751,317),(53,'accumulate bodies. These prevailing Local the',238.63477821881,245),(54,'planetesimals',20.891019966919,371),(55,'in protostar not the accretion dust',88.7259976435453,396),(56,'a planetesimals',85.2552450182848,437),(57,'become accretion to * these is gravity the dust. accumulate',46.9185944264755,636),(58,'become disk greatly the formed atmosphere, additional ev',94.8045657123439,52),(59,'a particles thin that particles accretion moon, certainty',66.6647813078016,891),(60,'collision)',205.014248423278,641),(61,'a disk. under in they disk nebula planet certainty begins h',100.917994792573,925),(62,'means larger they a mass',15.0975339701399,858),(63,'with a greatly accelerate',253.136596215423,728),(64,'gravitational a increasing is a 89 the drawing extended',146.87364410935,8),(65,'reaches that',174.797552536242,104),(66,'additional of disk. greatly accelerate',136.371061726473,995),(67,'of ever-larger concentrations',7.49136663042009,69),(68,'form, certainty accretion in in process mass increasing',55.5775394611992,410),(69,'is surrounded how bodies.',216.518462742679,784),(70,'ever-larger',176.166955676861,192),(71,'ever-larger material',250.0296539017,706),(72,'* process',149.466256162152,344),(73,'than disk protoplanets. by and',49.8344222549349,926),(74,'particles rotating form under to mass',144.185479959007,961),(75,'as',179.478865250479,396),(76,'increasing 89 process accretion',92.5318493135273,484),(77,'ever-larger protoplanetary under surrounded',42.0289123640396,622),(78,'and inward to not of',26.7461590045132,739),(79,'form, a the forms',126.961879606359,623),(80,'concentrations dust by as collapse how and greatly dust',149.422743708827,515),(81,'than disk mass disk begins concentrations',173.729029678274,327),(82,'are are After protostar nebula in concentrations ever',110.220030794851,785),(83,'in the',64.8169546131976,895),(84,'theory in until and the collision) It a extended and Through',239.390337280463,646),(85,'inward The dust. rate accretion accretion the their A',54.3371022394858,423),(86,'drag. 123 during to accelerate prevailing',4.0723053207621,430),(87,'^ collapse (a planetesimals is mass by a collision) steadily',205.640247278381,875),(88,'denser the to material surrounded collapse Local',187.550648828503,848),(89,'known by',11.6284944238141,869),(90,'prevailing mass',16.430538544897,282),(91,'a extended A protostar ^ with collapse of particles',27.1105130990036,288),(92,'the of extended sticky in accretion',90.1100244354457,4),(93,'accumulate attraction. during accretion drag. in atmosphere,',80.6578339627013,183),(94,'process are theory become mass',236.066486599855,128),(95,'in increasing at certainty',212.193265707698,762),(96,'and form mass reaches and concentrations',100.619773457758,157),(97,'nebula Through with',22.2495657224208,311),(98,'collapse become increasing ever-larger',193.509818424005,219),(99,'bodies.',106.129382161889,413),(100,'# After mass protostar form, extended and # USD33.12',151.171895590145,984),(101,'capture during mass formed to disk that particles certainty',172.309394831304,366),(102,'is',242.436101261992,497),(103,'disk that ever-larger a dust. atmospheric of of',146.868926770054,750),(104,'After',69.1010004961863,809),(105,'After a 89 nebula to accretion disk',190.675509603694,197),(106,'gravity drawing prevailing',142.021943704225,753),(107,'these dust.',158.816645084415,352),(108,'and at planetesimals begins (a as until',250.140129189473,757),(109,'the in accumulate accumulate',95.3253047466278,442),(110,'these increasing of these ^ thin planetesimals to denser',220.345692327246,111),(111,'process',33.4181692674756,654),(112,'is disk.',223.844042868819,476),(113,'to concentrations After Earth\'s during ever It and is The',65.0056452872232,272),(114,'core, (a',5.49985657120124,77),(115,'# they dust 89 accretion greatly to of planet of theory',196.465102599468,711),(116,'extended of form a of material as a in until the means accum',172.023351514246,64),(117,'protoplanetary are moon, and protoplanets. (a a atmospheric',127.296519555151,956),(118,'capture sticky is these mass',81.7211683802307,772),(119,'during into These larger the by with the 55 A forms in ever',198.131485570222,304),(120,'collapse thin during planetesimals',148.949174164329,440),(121,'they accumulate accumulate 123 mass',179.118830549065,640),(122,'accumulate by how as means with increasing',98.632114529144,569),(123,'A form, collision) to not known',37.8248210856691,665),(124,'is to 89 123 form, rotating',55.838280164171,943),(125,'with is than by disk known USD33.12 by inward drawing',52.9269021302462,33),(126,'dust. these moon, dust the it concentrations 55 formed',3.50563002191484,872),(127,'as a',203.459519616794,663),(128,'of known material dust.',206.806187536567,554),(129,'These they particles mass the disk surrounded begins of by',74.8004447459243,930),(130,'form forms extended of the a under diameter',42.3285878673196,166),(131,'by a planetesimals',174.816212541424,827),(132,'ever inward Earth\'s',26.4035905878991,517),(133,'gravity drawing',157.709693774115,692),(134,'in USD33.12 and rotating form larger under a Local ever 123',240.577689044178,38),(135,'increasing thin form It form 89 additional These gravity',128.286329431459,255),(136,'the extended process theory form accretion',171.404449278023,510),(137,'drag. until protostar Earth\'s and It',18.8842868236825,698),(138,'mass',112.104644243605,446),(139,'particles collision) form',59.5301665775478,577),(140,'# dust bodies. the additional sticky inward diameter',49.338339090813,754),(141,'core,',171.328685025219,952),(142,'collapse of to ever rate # Earth\'s process mass inward proto',60.3713474734686,248),(143,'the process atmosphere, form',125.952710820362,58),(144,'begins',70.6394137442112,37),(145,'the',46.2113476563245,699),(146,'Through a particles drag. moon, protostar',56.0967557257973,751),(147,'inward drawing',59.51606867183,945),(148,'accumulate A planets process',89.406497921329,151),(149,'capture mass diameter greatly',197.378223821521,879),(150,'formed. become by process planets collision) how are After',18.2197762485594,980),(151,'of are thin surrounded',220.520310052205,632),(152,'prevailing attraction. to known atmospheric that extended',55.4621660462581,360),(153,'how collision) formed disk. collapse a ever',16.7386043914594,910),(154,'it accumulate material at the the process process',152.927302365191,249),(155,'form, collapse drag. process it certainty a drag. protostar',254.803888152353,233),(156,'moon, Local theory',31.0372742433101,957),(157,'forms the atmospheric the larger a These It',243.470411567483,328),(158,'by under form,',215.378684388008,609),(159,'attraction. gravity accumulate by is',151.421224480029,742),(160,'planet in core, atmosphere, the',217.570482039358,507),(161,'mass concentrations',234.472470761277,472),(162,'to than drag. a The means of ever dust of become',12.1401215009391,475),(163,'drawing the attraction.',4.90777025651187,206),(164,'than at # a collision) the protoplanetary',187.804089356214,700),(165,'disk the reaches by nebula',147.67394541949,889),(166,'gravity accumulate in the formed larger planet prevailing',5.84414362581447,111),(167,'are ^ gas accelerate form, an known disk. bodies. planetesim',20.3441055454314,979),(168,'larger in dust diameter core, it rotating',213.194510047324,863),(169,'It collapse attraction.',63.6694336645305,768),(170,'of rotating planet known and a formed.',133.086972963996,133),(171,'#',85.4664729675278,579),(172,'form mass ^ that mass disk. formed.',132.760002158582,816),(173,'until formed. of into form ever-larger mass 123 collapse',217.614009691402,565),(174,'at accretion under a greatly',131.454918103293,368),(175,'begins',96.8338612057269,392),(176,'the ^ (a thin by forms Earth\'s and',77.3715656329878,785),(177,'gas gravitational atmosphere, the 55 planet',128.747490493581,1001),(178,'as rate larger to as the',182.211128631141,373),(179,'it by to thin Earth\'s form, collapse',26.1432919488288,663),(180,'concentrations concentrations accumulate',252.317809419241,928),(181,'Local it of 89 collapse into accumulate these theory',195.185178160202,413),(182,'extended of by Through at surrounded the capture',77.3419074919075,745),(183,'is not in of how extended gravity 55 attraction.',202.728767525405,41),(184,'steadily formed. with larger formed as gas as begins',204.250281335786,60),(185,'by a ever-larger gas increasing material Earth\'s a 89',58.7826786860824,231),(186,'capture by It begins It capture',49.6725061642937,366),(187,'These and it disk. form protoplanets.',61.717001167126,28),(188,'a how concentrations extended sticky collapse during It gra',24.5578784076497,509),(189,'means nebula to additional USD33.12 is increasing',67.5126954726875,847),(190,'concentrations in protoplanets. thin core, by *',216.843083483167,132),(191,'atmospheric diameter means in nebula how during the',135.109039781149,575),(192,'protoplanetary they After drag. process',138.707821504679,375),(193,'It the planets of disk an an the mass larger',140.811037060805,714),(194,'USD33.12 larger by form, material Through',197.189737413544,642),(195,'accretion ever form collision)',193.62507409323,867),(196,'to surrounded extended under accelerate accumulate mass a',52.1561946771108,840),(197,'protostar of 55 into',87.9912605900317,336),(198,'Earth\'s planet atmospheric disk in (a of at protoplanetary',210.035793446004,481),(199,'their and and concentrations',39.1294987970032,213),(200,'thin begins 55 than protoplanets.',202.950472182129,446),(201,'planets formed. larger planets',93.936430095695,777),(202,'theory The moon, means particles steadily by during inward',214.652160142548,45),(203,'a planetesimals a diameter atmosphere, are the # greatly US',224.533735296223,701),(204,'forms accumulate',115.199080081657,144),(205,'The known planetesimals',4.77269800100476,780),(206,'particles steadily form',16.2848979756236,766),(207,'planetesimals',248.587936380878,666),(208,'These of of known are mass are form,',197.254913067911,857),(209,'disk. It they of denser',173.90691193426,498),(210,'the concentrations',107.120355715975,47),(211,'accumulate a of process',73.7428468097933,887),(212,'rotating',51.940900745336,254),(213,'are rate surrounded (a ever-larger rate',190.62533159554,820),(214,'in form, in disk. drawing accumulate',219.955191764515,569),(215,'bodies. collapse planet a accretion are',149.15886225272,394),(216,'become accumulate',197.144464629237,556),(217,'known of ever-larger 55 and atmosphere, mass',100.379944949877,483),(218,'Earth\'s under After by concentrations gravitational',142.901721716858,832),(219,'89 The gravitational process surrounded surrounded (a',119.280446792021,195),(220,'moon, greatly',180.741818930488,937),(221,'accretion form, formed of mass of bodies.',95.1892263595946,403),(222,'become Through a at the',144.366935510654,199),(223,'protostar collapse are collapse with Earth\'s',173.239693680778,569),(224,'ever-larger',157.850793179125,355),(225,'at accretion 55 a Earth\'s accumulate 89 ever extended the p',235.647033660673,38),(226,'during planet',251.482011531014,141),(227,'greatly',55.2360969916917,522),(228,'become Through core, sticky',51.1177726155147,736),(229,'sticky Earth\'s a 89 these under',9.34529327461496,265),(230,'as than a is by become diameter a collision) and planets s',39.430571991019,679),(231,'they by gravity and they drawing larger',185.77737936005,16),(232,'(a After to concentrations These is bodies. they inward of i',209.520808457397,602),(233,'the of by 123 how is Local surrounded',234.926135070156,583),(234,'to the reaches by with USD33.12 denser a',64.8797501008958,295),(235,'of a theory',4.93951014894992,56),(236,'the of are 89 in protostar is accretion drag.',244.588315713219,227),(237,'known of the to by sticky is they particles',205.950029515661,712),(238,'in by gravitational',142.635575592518,691),(239,'thin theory',223.471863740589,788),(240,'their a # sticky capture',59.5021278983913,471),(241,'protoplanetary # prevailing',254.243018113542,744),(242,'of rate the at',82.6482787514105,468),(243,'extended bodies. capture * collapse',178.820880484767,689),(244,'collapse known',102.751755634788,357),(245,'planet nebula core, dust steadily to of increasing mass',155.584862150718,40),(246,'certainty certainty planetesimals',224.936850618105,941),(247,'accumulate of as core, ever surrounded concentrations',117.214145079721,847),(248,'disk. moon, a by ^ larger',81.0900094714016,597),(249,'mass process',210.581410713028,15),(250,'protostar (a planets',163.277608843986,356),(251,'ever-larger',91.1531416592188,60),(252,'forms gas collapse protoplanetary as during',32.7604120094329,120),(253,'gravity form greatly that increasing',220.104081666097,522),(254,'rate Earth\'s theory a to larger',3.82200803002343,128),(255,'the steadily a accretion formed.',7.58534184610471,625),(256,'are Earth\'s forms accumulate',51.0514145363122,284),(257,'* how denser Through by',9.40718393586576,320),(258,'a drag. USD33.12',237.008296911605,755),(259,'concentrations',88.5877329474315,52),(260,'a 55 dust drawing the of material of to',152.291545045562,130),(261,'denser collapse at bodies.',219.956531617325,410),(262,'gas than form ^ by atmosphere, gas formed',2.28808183409274,564),(263,'known process diameter than',105.793132331688,391),(264,'accelerate of The in than the to with of moon, planetesimals',157.445076155942,673),(265,'how is form disk. These disk planet disk forms an into',195.789576324169,755),(266,'^ under at dust prevailing denser in',79.2289206231944,301),(267,'into how to attraction. drawing',159.744829419535,613),(268,'Local the a and It process additional After of the disk',117.934565531556,168),(269,'After',178.194247659761,331),(270,'accelerate and extended process',159.487487611361,549),(271,'accretion',214.020000129007,238),(272,'into by planet These forms gravity',6.81603439012542,998),(273,'A collision) their of 55 the concentrations',84.2955385404639,988),(274,'After forms dust. rotating',40.0773200541735,311),(275,'USD33.12 a of accumulate by the the accretion',192.209782708902,988),(276,'a forms in',215.587761275005,631),(277,'atmosphere, collapse increasing It',188.995183493942,333),(278,'is concentrations of nebula a with are their',202.254057899583,113),(279,'protostar the forms 123 to',206.994738642592,831),(280,'than attraction.',184.553842522204,788),(281,'dust an of disk. drawing 55 the their protoplanets.',146.531114606187,724),(282,'they',57.7570752948523,410),(283,'increasing a gravitational',19.7513442775235,729),(284,'denser collision) A bodies.',189.679851887282,125),(285,'mass',160.186448595952,854),(286,'process',179.705334202852,770),(287,'to ever to accretion by reaches is disk. of drag. the plane',133.686617063358,759),(288,'not with accumulate form, moon,',196.610131671652,838),(289,'collapse to rate planets their planet ever-larger',40.8690946465358,12),(290,'mass planet disk. gravitational as that a by dust. inward',13.0541710276157,384),(291,'accumulate a until the a a that by to additional',14.0048243324272,584),(292,'means',39.1336509450339,772),(293,'thin steadily is A are * atmosphere,',230.437060541008,815),(294,'known the mass moon, with by',129.432586047798,714),(295,'form are 123 are with is of',227.020909165032,312),(296,'prevailing concentrations',238.020328911487,81),(297,'in 89 means the ever-larger',107.112501999829,176),(298,'USD33.12 with After steadily of',238.944648514036,324),(299,'dust capture 89 atmospheric forms with disk. and Through',166.457461126614,402),(300,'the the * Earth\'s gravity',156.904894885141,391),(301,'planet Earth\'s',193.032662928104,871),(302,'a mass of an into accretion',144.414042431395,910),(303,'material to sticky diameter protoplanetary A form',146.791334353853,22),(304,'during accretion prevailing form, form, planet an dust.',55.5789331896231,972),(305,'planetesimals',251.382554841228,986),(306,'by diameter',90.1513559021987,98),(307,'certainty the accretion',49.8362840092741,502),(308,'a inward dust. planets additional',96.976376043167,320),(309,'into is how collision) accelerate concentrations * form,',134.689442247152,296),(310,'It',2.06485535390675,663),(311,'a core, mass rotating in under core, in gas * at prevailing',226.984488599468,622),(312,'disk. larger disk. until and 55',237.426956323907,687),(313,'certainty ever prevailing until reaches 89 than form,',32.4968801238574,480),(314,'collision) greatly are',18.6827039695345,977),(315,'planetesimals ever-larger diameter to USD33.12 attraction.',59.0090382313356,456),(316,'rate',214.170480691828,253),(317,'begins',39.4157456113026,468),(318,'that under gravity the and',177.576041548513,890),(319,'of planet',198.775093649048,597),(320,'disk. drag. how Earth\'s',115.254312698729,639),(321,'# formed. a as certainty their nebula known these',251.512641916983,820),(322,'greatly disk by # a the process gravitational the',211.292829797603,598),(323,'not 55 process drawing 55 inward a',53.9433288071305,992),(324,'123 of 89 they ^ as as known After',138.866747528315,293),(325,'the begins is until form accretion concentrations',231.019533813931,230),(326,'material',129.250002834015,416),(327,'These mass USD33.12 protoplanets. process',139.856947130524,910),(328,'theory an disk of form,',152.930931369774,42),(329,'protoplanetary certainty it Through how denser',50.7059415676631,457),(330,'of thin not After increasing how form gravitational ^ a',118.439812162891,108),(331,'attraction.',106.798623796552,195),(332,'form, disk',175.825973486062,8),(333,'and is accretion dust disk. thin',177.569433121942,357),(334,'the concentrations planet to concentrations',148.652127507143,585),(335,'larger the begins',96.1122910920531,37),(336,'Local inward',124.447975035291,962),(337,'Earth\'s of',216.673615048639,456),(338,'than',224.248658132739,413),(339,'a a extended of core, disk.',184.789783824701,655),(340,'to It how formed.',244.893752713688,165),(341,'extended of',189.605377810542,306),(342,'planetesimals until by denser in',180.120311385486,181),(343,'is by than',126.047029042151,614),(344,'disk. ^ with at as as steadily bodies. a and USD33.12',250.071787588764,826),(345,'planetesimals',111.430376859847,478),(346,'a A collision)',81.9456228814088,513),(347,'sticky increasing until USD33.12',174.139576109126,673),(348,'accretion Earth\'s material',137.902887956239,732),(349,'planetesimals moon, dust a dust. The 55 123 form',184.812754056416,597),(350,'moon, drag. in rotating the After',15.4053888679482,697),(351,'steadily 89 of drawing and not is the bodies. protoplanets.',63.8066765572876,519),(352,'of by in',143.263367955573,911),(353,'diameter these',100.344521763269,426),(354,'USD33.12 are reaches',43.4550391337834,722),(355,'form the',148.195213806815,913),(356,'the of gravitational',241.788829404861,80),(357,'collapse concentrations',54.0300762928091,138),(358,'accumulate protostar that',76.1085253735073,410),(359,'planet theory accretion formed these capture sticky',51.1149606159888,462),(360,'accumulate a moon, is diameter process',60.0817105760798,510),(361,'# known formed 89 additional known',206.100204034243,595),(362,'than into',61.8167107943446,820),(363,'are process (a gas additional',7.77561697177589,214),(364,'concentrations rotating Local prevailing known the ever and',149.907053957228,105),(365,'accretion certainty accretion',248.597214636859,155),(366,'disk. form, planets Local an',168.586516456213,451),(367,'of the accelerate additional atmospheric accretion',192.10874038469,715),(368,'ever-larger accumulate',67.3073568199761,473),(369,'extended steadily material by It a means with Earth\'s known',135.285611458123,526),(370,'core, ever theory disk form sticky drag. greatly',176.324469816405,545),(371,'drawing 123 additional steadily greatly material',66.8714635390788,8),(372,'the with planetesimals',152.074461922981,429),(373,'reaches process protoplanetary a under into protoplanets.',127.545039305463,752),(374,'of steadily (a known into known',54.7684061578475,389),(375,'in protoplanets. (a to concentrations',227.935840749647,292),(376,'rotating dust',21.7124589690939,114),(377,'to surrounded these in After the an # drag.',77.9799479311332,280),(378,'formed. additional a it',221.296779712196,301),(379,'by begins atmosphere,',185.26389727043,559),(380,'^ gravity disk that Through by steadily',186.657280204352,641),(381,'the they # attraction. bodies. increasing and by prevailing',20.9964577960782,607),(382,'protoplanets. to into dust. an and dust',8.54279784904793,681),(383,'of sticky are into prevailing it increasing gravitational',153.40986913722,460),(384,'process to not certainty',123.898638458457,865),(385,'an capture by sticky protoplanets.',27.6102425954305,842),(386,'dust accelerate the steadily and the collapse thin to',164.754171940964,998),(387,'capture collision) by concentrations a gravitational',58.6547950105742,819),(388,'formed additional formed. as in under The',148.278746319935,366),(389,'inward are accumulate the known at mass nebula',3.1783136674203,474),(390,'their with',158.569344839081,917),(391,'protostar',176.540954984725,341),(392,'A increasing atmospheric',130.515190548263,190),(393,'to collapse a accretion than',3.93200163077563,346),(394,'become',135.932044428773,581),(395,'of process a rotating increasing',86.3759110728279,843),(396,'sticky A mass capture by by form',48.0017363820225,670),(397,'by mass capture the It core, Local mass a material not addi',12.5224710558541,910),(398,'After at as gravitational',128.830394477583,907),(399,'accumulate ever-larger',213.618515564594,934),(400,'larger the',194.536001199856,361),(401,'Local are in by become',246.500670431182,551),(402,'drag. accumulate of of accretion begins as accelerate',204.971276322845,942),(403,'disk. is attraction. ever of as bodies. A disk.',59.0943704028614,631),(404,'disk as prevailing',79.3116399752907,301),(405,'protostar',254.307749634143,971),(406,'is * collapse',202.620496288408,490),(407,'that accelerate nebula A the',30.9630294484086,103),(408,'ever-larger gravitational larger by disk. ever',68.7354760412127,267),(409,'planetesimals',243.226670306176,196),(410,'form of dust.',27.2308989567682,318),(411,'concentrations they thin',102.195778282359,189),(412,'diameter * drawing a is planetesimals form with These than',117.783695242833,741),(413,'the',145.330191628542,129),(414,'attraction. steadily known by of the atmospheric',133.338688171003,540),(415,'known prevailing their larger become',130.863686228637,681),(416,'formed. A # core, forms of USD33.12 of they planetesimals',46.3559637609869,486),(417,'A these mass * formed. the known in dust inward 55',174.852713358589,330),(418,'the',254.761250837706,430),(419,'Earth\'s of forms forms into that with of reaches known',219.095043518115,925),(420,'and The ever ^ how diameter',27.7359436284751,819),(421,'thin into',39.4212066824548,575),(422,'protostar formed by they a These',175.053791106679,956),(423,'accumulate',55.8790725199506,859),(424,'forms',181.469849918969,13),(425,'and to nebula of forms formed. accelerate',14.539224235341,902),(426,'of 89 and',212.3073335113,464),(427,'of ever-larger form, at a gravitational theory',200.647700523958,689),(428,'a The form, certainty Earth\'s ever-larger planet pla',62.2848464124836,986),(429,'Earth\'s USD33.12',37.4839519094676,377),(430,'Local sticky',132.060518621933,752),(431,'until collapse larger form, protostar rate in concentrations',100.698887815699,568),(432,'is concentrations surrounded in by denser form bodies. form',184.869271408766,181),(433,'a formed. gravity is by inward they it greatly 123 accretion',60.3798789223656,944),(434,'protoplanets. by',127.422297705431,698),(435,'planets a atmosphere, in begins that',64.4631036613137,660),(436,'protoplanets. gravity is it their larger gravity',103.508221711032,544),(437,'their USD33.12 the (a',216.889367484953,877),(438,'greatly core,',216.356797815301,15),(439,'into process by to protoplanets. become',152.367131822277,196),(440,'form, theory',120.129517715424,544),(441,'surrounded',125.411446241662,283),(442,'Through drawing It by process core,',123.360274055507,694),(443,'is until known their A Through until under It surrounded',84.1585109727457,956),(444,'protostar planet dust theory mass the by gravity',49.4578162780963,301),(445,'greatly concentrations',203.149165150709,909),(446,'rotating',207.273296206258,985),(447,'become extended a accelerate a known',81.7810640470125,109),(448,'the known',144.712105924264,347),(449,'Earth\'s the than planetesimals',113.813864063937,456),(450,'the extended in of by in the gas by collapse',66.0039710588753,476),(451,'than collapse (a atmospheric forms drawing process',86.1978994207457,740),(452,'steadily * protoplanetary protoplanets. The known',37.2084439066239,623),(453,'are rotating formed formed.',8.14462163764983,754),(454,'55 planetesimals is the formed a a formed.',161.421449644025,324),(455,'core, disk',41.0744557129219,46),(456,'known drawing',144.122944387142,277),(457,'accumulate of during',173.231815954205,501),(458,'of Earth\'s accumulate the the The',249.681085362099,245),(459,'# by until dust by collision) greatly',210.424089603126,932),(460,'capture by by a the steadily drag. by collapse known',53.5589089146815,901),(461,'to attraction. protostar how form, USD33.12',110.311365514062,73),(462,'is until by and accumulate than Local of certainty',159.267122511752,535),(463,'planet are particles',72.3257382027805,285),(464,'form a rate their',46.5084575922228,286),(465,'until to These greatly protoplanets. USD33.12',206.652839679271,282),(466,'formed to formed under and a an they accelerate accelerate',217.396699534263,460),(467,'of the is of is It mass gravity in forms forms',208.477787748445,178),(468,'bodies. during disk. a ever-larger of the collision)',104.434528383426,837),(469,'of disk. the disk. 55 Earth\'s known increasing',23.6345238941722,541),(470,'by collapse disk. with Earth\'s gravitational',244.129193526693,38),(471,'their of in bodies. prevailing',188.801367894746,871),(472,'planets of rotating',195.801670305431,478),(473,'a of additional planets a form # a a during',65.1827981821261,425),(474,'to nebula formed',229.443694755901,99),(475,'protoplanetary',1.24329748237506,728),(476,'atmosphere, atmosphere,',118.862363984808,141),(477,'nebula dust by the atmospheric the that known collision)',159.98898441717,365),(478,'they known additional',160.552396426909,318),(479,'disk as known The their (a drag. by bodies. Earth\'s accretio',25.6023387368768,523),(480,'rotating the The',50.9414364891127,803),(481,'to mass 55 ever form, are the it protoplanets. theory disk',211.85882499814,577),(482,'of mass denser',151.000034569763,684),(483,'(a mass it planet',244.685913664754,610),(484,'dust. It into ever-larger than mass of diameter forms until',163.210679777898,937),(485,'additional of The of of After 123',189.427697869018,172),(486,'gas 55 drag. protoplanets.',132.702820379753,558),(487,'a inward The It',198.705457200296,484),(488,'theory rate larger they how ^',77.3053749171086,764),(489,'particles of a is not become',116.839557634667,481),(490,'* * of disk',4.09294370235875,439),(491,'of that These formed. of how',138.021236771718,149),(492,'denser they sticky not denser USD33.12 the certainty',205.447687199805,991),(493,'of a a larger',111.183675928973,966),(494,'accretion planetesimals prevailing',247.791893964633,247),(495,'the After core, ever to process',209.814480052795,872),(496,'accretion rate as of of by Through atmospheric disk',154.360949307214,224),(497,'gravitational of',3.64776879455894,119),(498,'gravitational is 89 and It The',226.913212640677,677),(499,'the they 123 After form by prevailing known prevailing',2.61627356382087,375),(500,'planet',198.581172427628,974),(501,'a reaches',189.485220702365,363),(502,'disk. ^ and of sticky is (a a become ^ a protoplanetary',110.858194657136,774),(503,'steadily the material',153.011352758389,58),(504,'ever-larger than Local USD33.12 ^ extended Local certainty',161.903054283932,978),(505,'form USD33.12 protostar these accumulate',180.910160353407,588),(506,'planetesimals means material they',115.772931837011,528),(507,'disk the planetesimals A planet',236.980855536181,498),(508,'the in greatly it diameter a accretion',181.910248407628,107),(509,'reaches (a a planet ever-larger',106.124628452118,232),(510,'by concentrations form, formed',28.7030150387436,70),(511,'thin dust # their',179.339394119102,614),(512,'by formed. A disk concentrations concentrations',127.083167629316,759),(513,'drag. of drag. prevailing',97.3966333908029,878),(514,'123 ^ rate',89.9008756945841,621),(515,'and to and 55 atmosphere, known a protostar they to',138.217833559029,842),(516,'by of of surrounded that The The drawing diameter',110.82639296446,552),(517,'not a an diameter',73.7611658195965,831),(518,'theory 55 it with to that the with of mass moon, known',68.7819046378136,149),(519,'the',111.906461821869,683),(520,'additional the prevailing',159.179741115309,291),(521,'# is dust. form,',16.6949327359907,619),(522,'disk are the protoplanets.',212.906274329871,613),(523,'It denser formed. planet of disk. by protoplanetary',203.25029712962,879),(524,'it increasing Local than sticky process become',25.486222950276,739),(525,'The dust atmosphere, it gravitational of accretion',8.72570266062394,935),(526,'gravity by sticky',43.6894887736999,78),(527,'collapse collision) the atmosphere, atmospheric',250.634415888693,217),(528,'forms',75.5942931058817,757),(529,'formed.',202.885420364793,361),(530,'bodies. It mass a of disk rate they how After into the ce',145.060986717697,891),(531,'is a is drag. gas gravity that the they become',195.740109817125,991),(532,'extended of the concentrations moon,',191.093193222769,824),(533,'# at planets as not increasing',62.7869493928738,730),(534,'an gravitational Through process',57.7998279305175,741),(535,'greatly known * until to rotating The of process',30.9350743917748,140),(536,'gravity inward gas by are prevailing a',238.573304723948,310),(537,'accumulate theory accretion',228.431701551192,552),(538,'protostar',133.599841368385,710),(539,'A form as under extended formed the until form of under',116.530190967023,131),(540,'is of how 123 gas accumulate into prevailing',67.0284654167481,924),(541,'with',29.4981386126019,832),(542,'by they it form reaches sticky a These the prevailing',169.667671164498,133),(543,'dust nebula means collapse # bodies.',11.1487641348504,867),(544,'into formed. mass form',225.697786418721,237),(545,'rotating by the surrounded the',106.461317034438,704),(546,'thin surrounded are a accumulate',63.2422673460096,195),(547,'as accumulate planetesimals than',15.6259458144195,122),(548,'of the Local',205.50319020031,911),(549,'planet',238.12856898224,1),(550,'of to denser drag. in rate steadily',84.6156234391965,12),(551,'collision) collision)',182.202573290095,626),(552,'is planetesimals to their formed',202.369507426396,299),(553,'diameter to (a accumulate collapse planet form of is It',129.58040375961,912),(554,'nebula as surrounded Earth\'s',111.645996470004,399),(555,'After become greatly in certainty by extended nebula',7.08178392844275,826),(556,'under become form disk planets disk.',87.7119869124144,203),(557,'disk.',196.038289636374,637),(558,'atmosphere,',246.582754867151,900),(559,'Through',154.693996820599,700),(560,'mass increasing accumulate',247.011657151394,827),(561,'disk. extended accretion',42.0478335861117,179),(562,'accumulate form planetesimals and ever-larger',65.237733034417,914),(563,'they planets a accretion moon,',192.606608422473,143),(564,'process disk of accumulate particles known surrounded the',155.773544900119,864),(565,'ever-larger by mass not particles',23.2173716388643,763),(566,'# concentrations',245.279863034841,151),(567,'a of greatly protoplanets.',70.2123997677118,957),(568,'is the of',159.57110682223,7),(569,'of prevailing diameter disk a with accumulate sticky the',143.539411461912,68),(570,'planet and disk. A known 55 It form steadily',53.3141502263024,166),(571,'greatly',254.476187690161,446),(572,'ever process the inward they gas the to * at',29.0521225710399,524),(573,'of of 123 the of forms formed.',93.2986291102134,493),(574,'of Through prevailing nebula by',227.243893825915,316),(575,'atmosphere, The greatly',29.1160082858987,383),(576,'thin rotating known steadily certainty',35.2870311071165,238),(577,'USD33.12',20.4436598145403,487),(578,'the theory diameter collision)',167.50259522628,956),(579,'their in disk',25.4379044491798,381),(580,'a known to',88.666135863401,980),(581,'planets the increasing',53.8657557293773,44),(582,'how core, planetesimals gravity mass the extended',180.49199345056,668),(583,'attraction. accumulate',44.8451874018647,747),(584,'the with forms as greatly mass (a prevailing the It',215.143619170412,361),(585,'concentrations by collapse It collision) denser dust. dust.',248.790864410345,676),(586,'gravity atmosphere, into drawing',182.907144139521,908),(587,'until than rotating Through collapse by 89 to Through disk m',234.426143055782,163),(588,'in a of certainty accretion',70.3684330079705,978),(589,'begins capture disk is by the ^ moon, accumulate the',214.098839431535,846),(590,'become process mass planet',120.846241507679,384),(591,'into process by formed. is ever the disk. is by',253.412084998097,887),(592,'is known they the certainty ^ by prevailing Earth\'s into p',124.868192404974,906),(593,'under to the planet planet gravity',251.175419723615,931),(594,'of increasing planetesimals a during',218.706697979942,828),(595,'formed. rotating',4.54150591371581,885),(596,'how ^ accelerate protostar',46.6846206188202,686),(597,'become thin planet a 89 concentrations how means the',178.134848287329,987),(598,'the gas The material protostar how collision) prevailing',131.759634258691,865),(599,'under it a diameter the planets in # at means by core,',207.014316662215,926),(600,'Local extended After bodies. surrounded to',175.244251100812,865),(601,'by their atmospheric',244.813653395977,864),(602,'under as material increasing',25.3808608781546,153),(603,'form known of rotating (a',225.908727603033,904),(604,'It bodies. # planetesimals ever surrounded a the USD33.12',101.057568825781,451),(605,'Local are in After particles reaches 89 of the',176.092741338536,831),(606,'accelerate by a 89 accumulate at planetesimals',89.2856401344761,848),(607,'gas mass these concentrations ever sticky are',213.202429585159,477),(608,'# gravity drawing the how the the',52.6912762159482,225),(609,'into known',172.691353654955,811),(610,'until accretion 123',102.080109113362,345),(611,'Earth\'s',79.3765575471334,733),(612,'drawing in to',77.7625426785089,796),(613,'an Through by that protoplanetary the Through',127.64864873467,410),(614,'capture a greatly steadily gas The into inward',174.948078872636,986),(615,'by particles is Local',243.107369412202,213),(616,'dust. means certainty their',226.985915918834,671),(617,'of to planet of the * by These These',19.8109625233337,399),(618,'of to protoplanets. of bodies. known',127.591724033002,372),(619,'certainty the The planetesimals accelerate',148.849360807333,460),(620,'Through planet nebula inward Local A the particles 55 theory',86.3415502589196,893),(621,'accumulate',66.067932471633,855),(622,'of it than diameter accelerate to theory a collapse',235.737635647878,948),(623,'formed. of of collapse',221.136528797913,471),(624,'formed. protoplanetary',19.9113416038454,904),(625,'particles at protostar protoplanets. gravitational',150.436509013176,984),(626,'greatly mass moon, # how moon, an',164.83940807078,272),(627,'accretion the the # protoplanets. moon,',224.539730333257,868),(628,'prevailing 55 accumulate',205.490758712869,937),(629,'capture',214.197085132357,305),(630,'ever ever that',93.4371492867358,445),(631,'disk. collapse',144.966114718467,823),(632,'known',229.872982567176,738),(633,'a Earth\'s the formed. inward bodies. dust. concentrations',219.412250595633,920),(634,'planetesimals a # Earth\'s dust. is by of particles process a',90.949251615908,652),(635,'concentrations with * capture are particles',246.25506422203,695),(636,'the a the protoplanetary',41.6139739765786,955),(637,'the disk how these by of they',30.7530791969039,854),(638,'concentrations particles',212.935634942725,42),(639,'123 collision) Through an their mass rate',80.7564281104132,297),(640,'until denser planets their formed. the a',103.120402332395,9),(641,'larger is by denser of rate ever-larger',228.283009824343,43),(642,'by material particles denser',152.227655250113,746),(643,'to protoplanets.',171.996239188127,586),(644,'the the a these diameter additional',165.688954057638,847),(645,'process Local moon,',227.046674778219,79),(646,'attraction. mass material a disk',33.1184811084531,964),(647,'and and Local dust how planetesimals of accumulate',116.351127587259,817),(648,'at known greatly',228.334083906375,837),(649,'protoplanetary ever-larger',127.06565746339,390),(650,'rotating ever-larger certainty into the USD33.12 until It a',124.138645920902,426),(651,'under collision) of than material',193.307002522051,693),(652,'means to accumulate',129.5332298344,567),(653,'increasing form,',55.6539609846659,257),(654,'by accretion particles diameter form during disk the their',165.558298537973,116),(655,'into by forms 123 protoplanetary capture # become that',209.894527860451,188),(656,'and by process of drag. accumulate with the protoplanets. by',229.399212837219,993),(657,'drawing planetesimals a gravitational',113.31279530609,4),(658,'and disk. ever-larger planetesimals',102.352650704794,12),(659,'by is and It process * these a the to of',68.0377188306302,186),(660,'in increasing',27.9959808732383,598),(661,'inward gas 55 increasing accretion',204.081516477745,318),(662,'89 to planets Earth\'s core, by and the',163.662482568994,845),(663,'of a 123 that protoplanets. collapse surrounded form they',144.187477141619,134),(664,'in a planet these (a an by accelerate ^ prevailing',212.351677281316,698),(665,'the and moon, dust',25.9597364310175,582),(666,'steadily of greatly',166.998875149526,46),(667,'under sticky the a the protoplanetary',62.6155650918372,325),(668,'the # an protoplanets. is is process bodies.',54.2860083458945,91),(669,'planetesimals the ever-larger by gravity',55.1639558887109,398),(670,'an gas extended means become',88.8927476955578,821),(671,'certainty accelerate by',170.073136078194,534),(672,'These atmosphere, concentrations (a It process',120.256565106567,687),(673,'mass planetesimals the collapse',106.025521392003,649),(674,'mass with (a accumulate surrounded',224.455610392615,313),(675,'as during steadily concentrations concentrations',205.5949182529,330),(676,'moon, of become an protostar larger formed and rotating',122.429714284837,154),(677,'begins denser Through',171.586926928721,822),(678,'disk moon, known A a planetesimals',235.917550569866,745),(679,'process sticky of',229.382185363676,972),(680,'planetesimals Through planet to of * at rotating',94.5877223983407,117),(681,'reaches known they accretion ^ planets concentrations',198.640165396966,321),(682,'accretion particles',108.008969506714,300),(683,'attraction. of steadily',122.784122207668,976),(684,'planet it of into of drag.',244.68759350758,618),(685,'Local known thin these of planets a planets',56.6950721549802,983),(686,'disk. formed 89 in how the rate 55 additional',149.601607376244,919),(687,'into an prevailing gas',66.6064844634384,636),(688,'a collapse',93.2404739628546,742),(689,'during disk at mass USD33.12',236.015875871759,953),(690,'core, formed gas to a with 89 protoplanets. to are',39.6689867815003,949),(691,'form to by material process the * Through rate bodies.',91.286877610255,301),(692,'dust ever by is accumulate accretion that and disk.',90.0472377003171,567),(693,'atmosphere, denser protoplanets.',207.972480499651,754),(694,'as disk. USD33.12 a surrounded',54.8091344661079,361),(695,'planetesimals protostar',19.3014387832955,995),(696,'in diameter form, mass ever',49.1801067674533,141),(697,'in theory',42.5804519862868,592),(698,'atmospheric by * dust. prevailing disk theory',26.5561628374271,188),(699,'It known mass',19.4315377459861,770),(700,'their process material collapse by of moon, prevailing',152.825501465239,475),(701,'of It prevailing they a is accretion the a * 89 Through',29.775675851386,804),(702,'inward disk. of in formed. to a in and collapse concentratio',61.5650710486807,508),(703,'begins of how these into and gravity',179.821629121434,744),(704,'form their accumulate it accretion 89',9.40749488864094,307),(705,'atmospheric Earth\'s form, how These',188.305455346592,270),(706,'the disk by larger as planetesimals',194.674024668057,672),(707,'of is is the a are and to 123 material the',219.145154226106,152),(708,'# theory',103.123440775089,719),(709,'known 123 disk they',54.5431069745682,52),(710,'forms collision) thin * inward greatly by become sticky',142.480018361937,463),(711,'particles by of the increasing',143.047560993116,660),(712,'Earth\'s surrounded',181.467478918843,789),(713,'planetesimals of a concentrations',132.783204333391,986),(714,'during of accretion',22.2703151670285,99),(715,'the nebula',249.457066774368,446),(716,'thin in inward mass by the accumulate',174.408424885012,995),(717,'collision) Through to mass a to the drag. process protopl',211.835354568902,406),(718,'dust. the accumulate protoplanets.',248.88699973654,741),(719,'formed extended It collapse by',91.9839712223038,46),(720,'dust ever-larger',176.677959133405,123),(721,'of and of as of disk. moon, form,',81.7668659007177,921),(722,'The are disk. of disk bodies.',81.7272967756726,192),(723,'are',86.064376429189,435),(724,'collapse atmosphere,',97.6455546356738,737),(725,'concentrations additional of how Earth\'s inward',156.069272048306,230),(726,'formed. steadily',125.822602099739,737),(727,'protostar theory it in known a It a as Earth\'s conc',113.9186198432,936),(728,'Earth\'s are',37.928454998415,260),(729,'in rotating',146.12702916842,269),(730,'It rotating of accretion is bodies. attraction.',139.476664897054,322),(731,'rate their',213.229925250169,218),(732,'form dust. larger Through is form the additional It',183.722598749679,427),(733,'a drag. of The bodies.',172.295854724478,661),(734,'than at',244.450380421244,286),(735,'sticky thin increasing',62.493082402274,440),(736,'than',65.3696382790804,20),(737,'a with Through until ^',121.976670403034,650),(738,'that A attraction. reaches denser',27.4771464690566,82),(739,'by they in by After concentrations by # planetesimals inward',77.5713384202681,166),(740,'planetesimals',178.95186594082,627),(741,'concentrations concentrations',125.271037875675,560),(742,'ever-larger by larger',50.9714505877346,444),(743,'by the of planetesimals formed. attraction.',210.27843815228,73),(744,'a reaches thin not disk process become',100.59720655391,261),(745,'ever-larger is how',164.591011980083,406),(746,'collapse to to 89 of until',253.820484447293,607),(747,'ever-larger these',235.420722313691,524),(748,'of form, these a in theory the they 123 during',158.802216887474,9),(749,'known the into material collision)',136.519866172224,916),(750,'atmosphere, bodies. become form,',243.847691787872,214),(751,'rate protoplanetary in theory material atmospheric',150.222002457827,792),(752,'extended',227.922051845118,602),(753,'protostar a are by attraction. sticky dust. It of',43.7978107519448,340),(754,'known forms capture process in by to planetesimals attrac',167.235135743394,200),(755,'formed. by',152.683228861075,192),(756,'of not additional diameter collapse by It gravitational',93.6025319863111,342),(757,'not to accumulate Through accelerate atmospheric',128.646045906004,423),(758,'ever not core, gas formed by moon, to known process moon, of',200.063343970105,401),(759,'123 mass accelerate protoplanetary',140.077542931307,193),(760,'^ 55 gravity accretion the of form 89 planetesimals',65.0184777961113,583),(761,'are',104.448845990468,189),(762,'forms than drawing',150.112630407792,951),(763,'forms how # protoplanetary',113.10853523016,597),(764,'concentrations is',105.768216723111,686),(765,'extended the disk formed. means how a After',134.178408570588,326),(766,'bodies. during of the protostar steadily denser',250.329283394851,26),(767,'USD33.12 they Local a It and',91.1683545713313,564),(768,'formed. process the formed. attraction.',119.703307260294,563),(769,'begins means additional means forms in it dust at A mass',118.122316073161,42),(770,'by ever-larger Local by prevailing to planets of under',132.034460329916,78),(771,'capture larger the 123 means atmosphere, form',143.612746699248,57),(772,'larger atmospheric',244.155788445845,925),(773,'bodies.',135.310595076531,404),(774,'After accretion',78.1129171452485,18),(775,'dust. planets 55 diameter sticky protostar to ^ are',100.091757194139,603),(776,'than forms',142.893713174853,528),(777,'# denser drawing of 55 protoplanetary a than core, it by Aft',147.133870835416,359),(778,'and form, known during reaches the capture means a begins',243.981348965783,124),(779,'is how how known planetesimals begins in as the',236.215255739633,849),(780,'accumulate the in A is in means accelerate to planet steadil',206.807029971387,580),(781,'a they accretion Local a a concentrations',90.7240043566562,993),(782,'It form of collapse sticky',30.6194955878891,65),(783,'formed collapse disk until',33.1805210364982,628),(784,'planetesimals',235.885762360878,9),(785,'with forms how material',125.475779342931,304),(786,'surrounded',201.275500161108,443),(787,'reaches',40.4511778424494,204),(788,'mass to the disk collision) These',191.166428574361,813),(789,'nebula the protostar planets these means',132.070809633005,383),(790,'is capture means # nebula of theory to drag. diameter',90.0480342432857,502),(791,'55 formed. at a is it',55.4807340311818,582),(792,'inward forms nebula diameter',201.566783487797,3),(793,'atmospheric known accelerate diameter steadily diameter',17.0872697415762,445),(794,'the disk. A accretion of inward dust',169.480598651338,542),(795,'of the to are attraction. USD33.12 concentrations',186.386229684111,490),(796,'The dust rotating process increasing of The until',161.26300181821,659),(797,'with rotating sticky to planetesimals accumulate not of',123.055688538123,190),(798,'denser attraction. additional gravity certainty formed Local',193.085938458797,20),(799,'diameter reaches a of are denser is particles',144.299161348492,549),(800,'capture',28.1380272116512,682),(801,'# prevailing of',54.5346397506073,598),(802,'(a the',146.796389790718,445),(803,'gravity rotating',100.415697244927,453),(804,'protostar form until the additional',60.8529014904052,350),(805,'^ are attraction. under is to disk. by these',81.4640060588717,458),(806,'by by form',215.36165549513,370),(807,'sticky mass disk A under thin of moon, dust capture # drag.',87.5095914294943,939),(808,'planet dust. an ever process',133.496386232786,678),(809,'disk. of the rate',118.132911176886,755),(810,'a (a of to at the accretion are of dust. by drawing diameter',253.038386234548,120),(811,'rate inward',20.8022768953815,620),(812,'with become with The certainty',236.387678225525,916),(813,'concentrations accretion concentrations',151.59894534573,1001),(814,'dust 123 begins accelerate an ^ until accretion',179.635836080182,865),(815,'accretion are the an accelerate accumulate accelerate',191.878953439649,584),(816,'by to forms',72.6455792714842,183),(817,'atmospheric greatly disk',199.328355516773,120),(818,'the protoplanetary are',5.15365459630266,820),(819,'The After by',90.6267085461877,623),(820,'inward of a A surrounded of is mass # that these',192.624756224919,523),(821,'disk and disk collapse A of an during The particles',177.923347175121,989),(822,'of dust',192.568484181073,468),(823,'form into an the certainty to the form bodies. that of the t',126.043606550898,561),(824,'the the accretion',240.036378514487,108),(825,'^ an and begins with accretion USD33.12 ever are',130.938155929092,523),(826,'form',253.670027126092,546),(827,'with additional process denser gas thin accumulate',172.70181380352,674),(828,'capture',178.261904667597,430),(829,'Through by formed planetesimals',124.854998320341,50),(830,'diameter under additional capture they at in forms form col',242.741242212709,182),(831,'form,',201.243817515206,778),(832,'greatly',154.570613326039,880),(833,'additional',182.244089152198,247),(834,'these reaches collision) form mass a collision) a These',85.7923410674557,554),(835,'the into by reaches 123 mass by in by known',206.950212665368,596),(836,'by are atmospheric attraction.',70.5119620198384,243),(837,'they protostar',251.194048917387,647),(838,'planets process become the greatly extended moon, accretion',31.528035194613,39),(839,'the and collapse',3.39250684529543,839),(840,'extended accumulate',171.36674699327,529),(841,'collapse disk. rate',219.767289590556,272),(842,'of how gravity an surrounded',70.7872024779208,86),(843,'USD33.12 prevailing form, thin',155.314036772586,260),(844,'a these moon, prevailing prevailing are disk these',134.823159865104,447),(845,'at concentrations protoplanets. collapse a dust. an USD33.12',135.583850830328,971),(846,'disk accretion process mass 89 during how than denser The',184.010816666298,294),(847,'sticky',66.9066210733727,201),(848,'by concentrations dust accelerate as are drawing nebula',58.4880778989755,787),(849,'prevailing the of particles protoplanetary',208.082399526145,295),(850,'by a planet are 55 of to additional sticky form,',27.2869596378878,7),(851,'inward',158.925215682946,419),(852,'until atmosphere, a denser in during Through',26.3032262921333,623),(853,'concentrations their than',41.5817156126723,787),(854,'a capture core, surrounded prevailing planetesimals',107.514965964947,553),(855,'planetesimals',92.104598485399,405),(856,'planet Through they drag. of that planets protoplanets.',144.431522081606,714),(857,'It extended',133.202262342442,428),(858,'concentrations by greatly a process accelerate Local',211.511583892163,175),(859,'by accelerate gravity',226.990326799918,93),(860,'disk diameter at the concentrations',223.230648246128,222),(861,'the USD33.12 thin planetesimals means greatly',88.7855491805822,912),(862,'the the how After ever additional',183.727569026407,279),(863,'means These accretion become protoplanetary during collapse',101.591391059104,255),(864,'moon, the collapse to forms concentrations',122.719392165542,72),(865,'mass concentrations',95.3459048061632,480),(866,'drawing form the begins It the and known process',13.4754575709812,238),(867,'rotating the ever planetesimals drag.',64.3724438953213,808),(868,'that',94.8430365673266,521),(869,'theory the mass of collapse moon,',100.590884773992,992),(870,'become of they',88.7906015422195,488),(871,'material gas attraction. particles After',36.7809819523245,467),(872,'prevailing thin attraction. begins thin greatly',167.619865169283,989),(873,'into certainty a are collapse planetesimals',195.909601434134,547),(874,'rate sticky accretion known rotating',142.143340188079,561),(875,'gas not means protoplanets.',136.242806480732,120),(876,'Through moon, a particles to the until are of of (a',111.807702735532,996),(877,'After of are',20.7813612702303,282),(878,'in Local of disk and moon,',134.343502257951,95),(879,'theory they formed to Local mass are collapse',157.570374866482,242),(880,'accumulate during planet ever 89 means thin planets',143.216823328286,251),(881,'form with forms accretion the mass',108.062427244615,457),(882,'Local Local greatly theory of atmosphere, accumulate the',19.3683092426509,115),(883,'Earth\'s atmospheric become planets dust. formed surrounded',61.1603261521086,268),(884,'protoplanets. are planetesimals',138.361817231402,860),(885,'extended process disk the and dust.',115.09208873054,3),(886,'gas moon, known ever Local (a denser',39.7163879186846,985),(887,'a until surrounded gas are a material accretion',211.894802198745,538),(888,'a drag.',247.88014724711,341),(889,'they larger drag. inward',159.263566366397,704),(890,'to accumulate a until process atmosphere,',67.1033181012608,469),(891,'ever-larger',101.394843593705,45),(892,'is means to thin drag. capture reaches',225.250394863542,331),(893,'protostar theory of thin Through attraction. in of p',144.610575939994,863),(894,'than gravity',130.416218857281,88),(895,'a process to inward begins drawing 55 rate',213.668765130918,217),(896,'collapse protoplanetary a atmospheric thin extended',98.0885140197352,377),(897,'accretion form formed 55 of an steadily nebula conc',105.159143681638,677),(898,'rate by a steadily process',95.9306647470221,889),(899,'collision) theory It # formed.',53.4475689558312,501),(900,'It formed they diameter in protoplanets. as dust. drag.',34.4589736247435,991),(901,'atmosphere, USD33.12 an rotating',135.295027389657,169),(902,'planets',5.74051166465506,573),(903,'123 ever-larger larger theory forms formed.',42.712257581763,74),(904,'that planets form prevailing denser Through',225.517664628569,107),(905,'the the by thin the to',179.18134406209,136),(906,'form, surrounded disk. means known It of is by dust.',147.783307415899,754),(907,'dust. form known in by process of Through',217.146617036313,80),(908,'disk their a # dust. capture accumulate during',184.906913549174,439),(909,'attraction. capture accretion',231.31735933153,928),(910,'of a form gravity',29.4218292757869,539),(911,'additional',212.417557576671,623),(912,'these inward drag. their additional',7.03983150236309,280),(913,'# the accretion they the increasing',244.099268668797,415),(914,'theory these to # than planet as a the forms',28.1265231417492,37),(915,'with are',238.020945849363,167),(916,'ever-larger a form, surrounded form',193.539650729392,518),(917,'of of process until accumulate',97.7826124825515,963),(918,'* that gas the',35.4030425725505,985),(919,'a rate not',129.571290383115,863),(920,'they # is diameter A not disk accretion process',75.6094122827053,48),(921,'by become the the at than form, of additional formed formed',251.563022239599,232),(922,'collision) of greatly a are in not disk. * * diameter',23.0386231741868,762),(923,'rate atmosphere, with formed A of with',58.4991083838977,551),(924,'certainty the they the accumulate disk',108.181306950748,992),(925,'accretion than core, the into of of mass form protostar',165.499909555074,177),(926,'^ they accumulate',211.458555266727,66),(927,'protostar of Local into planets greatly how drawing',92.8587867645547,686),(928,'the of a concentrations ever accretion After a',246.123180444818,804),(929,'disk form a formed. It * ^ by',5.36221987195313,400),(930,'form until drawing surrounded the are a Earth\'s',134.808023183141,243),(931,'they 123 drawing mass moon,',41.8300364785828,974),(932,'their particles denser at of 55',85.8948718607426,248),(933,'protoplanetary # concentrations sticky',158.44436329091,255),(934,'form, moon, by formed Local reaches planets',204.207761175465,747),(935,'known ^ as formed planetesimals rate to # rate process a ca',104.039535209537,761),(936,'Earth\'s moon, an of the begins increasing mass to',51.6015504356474,773),(937,'theory collision) known concentrations a planets',151.497216181364,422),(938,'The attraction. gravitational planetesimals ever-larger A a',16.7069461108185,983),(939,'These extended a known (a as form, core,',150.525745362975,5),(940,'formed a attraction. form rate process by to the sticky',31.8938553445041,329),(941,'These of protostar a planetesimals process * a disk atm',205.71329374006,165),(942,'# known',117.12657390628,497),(943,'additional are by it ever-larger Local begins ever rate',238.641200653277,782),(944,'^ 89 known prevailing',216.702577715274,409),(945,'by core,',248.40399202425,588),(946,'to forms #',226.858968768269,107),(947,'123 become collapse planets',129.890504105482,132),(948,'thin by extended into the rate is accelerate',87.3683568919078,115),(949,'until means rotating into larger is',131.974892825354,117),(950,'concentrations the steadily',173.006367031019,779),(951,'an process',174.838886427693,35),(952,'of of prevailing',8.43737415410578,985),(953,'an form disk Local a at their drawing inward rate of These',186.074975654949,809),(954,'form reaches forms',198.725475687068,743),(955,'as is the ^ USD33.12 to during',35.6239511002786,106),(956,'they 89 is dust denser larger * drag. a form',59.3560836464167,362),(957,'After USD33.12 USD33.12 until extended',154.3403759785,785),(958,'drag. the Through the',136.49037870625,556),(959,'protoplanetary greatly they and protostar extended the with',36.8903125459328,285),(960,'the After * After USD33.12 the not planets to mass a of',194.788021386601,236),(961,'the process planetesimals become',187.58224678738,780),(962,'rotating that a reaches begins protoplanets. not until conce',123.395634909626,517),(963,'atmospheric that of planets an not thin Earth\'s protoplanet',252.744194630068,73),(964,'of and are attraction. are known means thin',18.0490618739277,945),(965,'become',77.6973689757288,673),(966,'(a by an collapse dust.',108.555897057056,626),(967,'forms a in dust. that ever',165.947884279769,434),(968,'the moon, form',87.5405916706659,373),(969,'inward are 123 an until gas sticky at an to accretion',231.680975844618,301),(970,'diameter The inward 89 ^ accretion into form and',218.314833435696,46),(971,'formed. ^ of USD33.12',124.536992393434,407),(972,'sticky disk. a the',214.091028945986,803),(973,'ever-larger',182.33410140546,387),(974,'gravity means drawing drawing atmosphere,',133.179376975168,539),(975,'reaches surrounded gravity to concentrations a A attraction.',226.671843680553,843),(976,'nebula',207.4813663112,334),(977,'These begins their',209.402865808457,719),(978,'disk of they 55 planets form These atmospheric a',13.7864005882293,883),(979,'to known larger and inward at accumulate * process',105.757974974811,466),(980,'the the the additional a (a a the a collapse known',215.404067194555,10),(981,'accumulate into prevailing',168.294961267617,165),(982,'protoplanets. atmosphere, theory of at prevailing a proto',101.779352076352,139),(983,'collapse capture Local',132.787191069685,206),(984,'increasing planet formed than and protoplanets.',36.749068132136,723),(985,'collapse inward increasing of by protostar',183.5178434439,677),(986,'accumulate gravitational',46.5340312994085,562),(987,'means forms the by become become is',33.7351756864227,247),(988,'nebula the protoplanetary planetesimals',120.556016827933,18),(989,'diameter particles to mass in After not process known',74.7436136612669,893),(990,'forms # forms by of of their USD33.12 drawing by sticky for',142.191853966098,721),(991,'core, These collapse under',105.536506578326,143),(992,'collapse accretion material gas the 55 89 the are',70.7074275966734,248),(993,'concentrations',79.3649563118815,458),(994,'mass moon, a After gravity protoplanetary concentrations The',73.1164802876301,371),(995,'formed. collapse',94.9273533225059,350),(996,'a the rate their collapse',112.813335660845,6),(997,'denser collapse ever-larger capture accelerate how they',238.184755806811,419),(998,'to accumulate ever-larger collision) until inward',96.0028070327826,896),(999,'It gravitational disk of mass ever bodies. of attraction.',50.9585821814835,1001),(1000,'as These',119.312617985066,625),(1001,'theory known reaches an ever-larger Earth\'s It gravitational',21.98175862059,169),(1002,'theory theory protoplanetary concentrations',95.8352731526829,731),(1003,'planets under become',2.52044227113947,298),(1004,'the the how bodies. atmosphere,',63.2066884464584,310),(1005,'a of the a extended the',72.6272260793485,850),(1006,'planet',115.347599063534,638),(1007,'mass as ^ forms a are until',29.7897161557339,744),(1008,'by drag. 123 gravity',31.4631813745946,101),(1009,'^ denser process the process in',192.80151827028,514),(1010,'diameter mass prevailing drag. surrounded',180.62126978999,955),(1011,'are',142.956793061923,633),(1012,'and rotating planetesimals drawing means gravity disk forms',96.5182262789458,14),(1013,'in to means and planetesimals accretion to accretion form',220.705562267452,551),(1014,'the an ever disk. process of',172.567924327683,22),(1015,'during until',154.969434625469,700),(1016,'accumulate to form,',28.9498256724328,185),(1017,'by material by of planet A planets forms The After are under',109.823728461284,755),(1018,'USD33.12 of Local accretion gravitational accretion',220.900226274505,601),(1019,'the form, certainty',28.8302614325657,15),(1020,'material theory nebula ever-larger',214.733153759968,946),(1021,'that',66.4722641049884,258),(1022,'they process',146.06257453654,786),(1023,'disk accelerate',13.8757188455202,260),(1024,'they and accumulate the',58.3874808913097,395),(1025,'prevailing in of and protoplanetary larger inward accumulate',75.5862960959785,759),(1026,'collapse is known known accelerate formed. a Local in theory',218.995480614714,661),(1027,'by a certainty means drawing',134.743328860961,199),(1028,'concentrations that These',221.811079693958,761),(1029,'not ever 55 larger surrounded mass planets protostar p',168.200523111969,740),(1030,'by of that bodies. begins # # dust increasing',204.160478079692,588),(1031,'protoplanets. a',95.9113092082553,974),(1032,'accelerate',124.711188693997,85),(1033,'(a by It mass it form core, prevailing by the drag. they to',53.789504585322,355),(1034,'accumulate ever means as the',70.39548654994,903),(1035,'forms the they accretion form, sticky',101.916434939019,172),(1036,'123 collapse during to particles become 89',178.272821191698,819),(1037,'collapse that collapse inward of gas they of gravity',85.3197994176298,713),(1038,'gravitational',249.696724902838,920),(1039,'gravitational dust protostar greatly by accumulate',16.9340728069656,422),(1040,'^ greatly process planets of concentrations rotating',239.143146146554,831),(1041,'the by extended',64.4881542841904,290),(1042,'formed The The',127.740543263499,813),(1043,'of formed',239.269429935142,454),(1044,'begins formed. extended core, inward at denser sticky 55',233.397601876408,842),(1045,'steadily accretion as is a than until a These',248.741930508986,743),(1046,'the the begins how mass',79.9566293042153,314),(1047,'form gravitational particles the mass extended',103.311428168323,613),(1048,'gravity accumulate not in the planets formed. under these t',75.873058010824,961),(1049,'process concentrations',53.2026503556408,191),(1050,'of protoplanetary atmosphere, begins 89 how protoplanets.',208.067302762996,636),(1051,'increasing accretion',188.448515622877,421),(1052,'the how the by in moon, Earth\'s material known',178.493987624533,492),(1053,'planetesimals atmospheric process',72.9264994375408,229),(1054,'known',47.2019024472684,782),(1055,'the denser collision)',150.794104349799,638),(1056,'collision) to',40.0674837627448,522),(1057,'additional',103.577315737028,181),(1058,'a the as extended rotating',171.60375628667,445),(1059,'accretion reaches into bodies. ever-larger',71.3167816665955,610),(1060,'in they',179.222281485796,981),(1061,'planetesimals these',247.242324912455,69),(1062,'These These by process nebula',106.195971829351,521),(1063,'Earth\'s means mass inward with by certainty to of disk the',58.1466852244921,178),(1064,'by steadily',43.048844859004,283),(1065,'(a gas a planet the planets mass form',155.643189747352,240),(1066,'to core, with in the by under the to as form a thin of thin',11.2638433924876,659),(1067,'sticky that how gas',116.134689079598,276),(1068,'planets',158.606370810419,345),(1069,'core, These planetesimals',208.868004444055,840),(1070,'* of increasing than It known disk Through greatly',242.111080446281,286),(1071,'form nebula known',158.415466859937,719),(1072,'protostar thin 89 These After of as in capture greatly',140.879842606839,161),(1073,'they accretion ^ larger particles a concentrations',15.8857398205437,693),(1074,'gravity by core,',223.545259003993,332),(1075,'by they',88.0592643888667,473),(1076,'accretion',234.313225327991,160),(1077,'and disk mass Local form gravitational are at USD33.12',58.763729964383,863),(1078,'bodies. accretion planetesimals',187.491685073823,982),(1079,'55 disk (a core, nebula a disk disk ^ larger to process',248.887923310045,942),(1080,'an of known bodies. Through',215.597351370845,557),(1081,'ever-larger they',60.4676436576992,385),(1082,'a capture protostar',195.218573057093,733),(1083,'formed material',59.0750979543664,981),(1084,'dust. form accretion of surrounded',32.5691015967168,473),(1085,'disk. by mass accumulate until how prevailing in disk.',28.7500519980676,365),(1086,'planetesimals bodies. in than additional sticky the the the',213.837731948588,382),(1087,'to in it * * into form After',135.208750532009,177),(1088,'is reaches nebula their additional rate diameter',44.0068592522293,192),(1089,'Through of atmospheric accumulate gravitational',196.293711615726,618),(1090,'it in of not bodies. * formed.',183.842642902397,550),(1091,'known the they accelerate',39.3145618266426,6),(1092,'mass known attraction. a protostar concentrations certainty',141.125065358821,592),(1093,'forms formed drag. to The the are not particles',48.1805662219413,195),(1094,'ever rate concentrations',46.3559474977665,586),(1095,'disk. a accumulate how gas It accretion',21.572636493016,66),(1096,'formed as accelerate steadily 55 the (a of form, planets',94.6456663012505,581),(1097,'by sticky until The',188.642809952144,945),(1098,'capture not are',187.007138860878,793),(1099,'inward of the to 55 prevailing process of process',74.6774543481879,840),(1100,'larger ever rate 89 123',146.155685022008,790),(1101,'by diameter mass of',21.3792648501694,325),(1102,'89 USD33.12 denser protoplanetary a accretion collapse',10.1081201033667,724),(1103,'dust. that to a',243.47007317422,697),(1104,'protoplanetary of 123 as rotating disk greatly during',235.063881294802,579),(1105,'and accumulate is by that form,',37.6219189590774,856),(1106,'these by ever surrounded during * under become it conce',88.3685380900279,841),(1107,'steadily formed concentrations',226.456958517432,975),(1108,'they',245.915173204616,507),(1109,'the and a additional planetesimals steadily',182.280140039977,513),(1110,'dust by planetesimals Earth\'s to the',97.4299458479509,997),(1111,'the planets collapse in of disk the and a moon, and steadily',91.6868254481815,427),(1112,'are surrounded begins',174.853331301827,976),(1113,'accretion # atmosphere,',184.293101168703,164),(1114,'by accretion sticky',92.0942380451597,239),(1115,'of the disk atmosphere, concentrations with begins they',226.626896870323,707),(1116,'become than by core, in is',159.734831501264,523),(1117,'denser disk. After Local known as the of 89 rotating',137.999166812748,332),(1118,'to and of concentrations by',54.6765587627888,989),(1119,'protoplanetary begins how diameter',229.758854205254,643),(1120,'The a form,',1.53215084737167,160),(1121,'it USD33.12 particles of particles process under prevailing',9.63430152460933,213),(1122,'of are sticky extended protoplanetary',244.440591618419,70),(1123,'and Through a steadily form, that certainty it 123 to These',68.2665927289054,887),(1124,'a is The begins Earth\'s collapse gravity of the particles',184.781372841913,702),(1125,'to means attraction. the',79.5628754468635,78),(1126,'than collapse disk After',243.75248594908,723),(1127,'(a extended ever-larger Local begins',20.3503085742705,237),(1128,'larger planetesimals theory begins These 55 theory',131.306081545074,385),(1129,'form into the a greatly that that 55',142.904607935809,256),(1130,'are',245.003322110511,149),(1131,'during a disk disk After disk. Earth\'s',148.955493578687,915),(1132,'it larger extended dust formed.',254.369964731857,488),(1133,'Through how disk core, diameter accelerate 55 collision)',159.677762145642,267),(1134,'to become become protoplanetary',146.355282935314,804),(1135,'rotating greatly the accretion the',54.3374351328239,353),(1136,'to the their * collision) they moon, not an',157.5163692059,846),(1137,'surrounded form with protostar',16.8106412324123,54),(1138,'as',132.298861262854,152),(1139,'with is planetesimals disk capture sticky their as planet of',59.5478026503697,387),(1140,'a an at Through are dust increasing',17.0921259392053,782),(1141,'extended protoplanetary gas # form of and rate it',211.13144672662,520),(1142,'as atmosphere, to atmospheric',119.190255525056,127),(1143,'it',195.380681585986,609),(1144,'and by gravitational a the form by known planetesimals',170.646132210735,855),(1145,'Local surrounded nebula',58.6798500097357,341),(1146,'it nebula accretion The These by',173.722962669097,628),(1147,'become # is dust 55 at reaches accretion accretion atmosp',69.0151960407384,818),(1148,'of Earth\'s with become a the with denser',195.25678417366,724),(1149,'concentrations collapse by collision) disk to gravitational',80.7966093830764,496),(1150,'begins accelerate form, known is moon, moon, ever attractio',233.189304204658,239),(1151,'gas the a is reaches form 123',116.008697378449,617),(1152,'gravitational',64.3445783751085,309),(1153,'to of a thin sticky by accumulate begins accumulate protosta',17.3811721564271,178),(1154,'accretion it the formed under concentrations Earth\'s It to',31.5980931860395,164),(1155,'begins they formed gas accretion begins thin drag. The gas',120.030160438269,588),(1156,'to surrounded capture at disk. certainty is are begins',178.131796242669,626),(1157,'Local theory forms',80.5178285697475,950),(1158,'they larger accumulate a * the their',103.702184448019,229),(1159,'particles accretion gravitational drawing form the acc',21.3771671904251,162),(1160,'begins It material planetesimals',72.7789929150604,420),(1161,'form atmospheric formed. gas Earth\'s attraction.',228.938284191303,188),(1162,'under rotating',252.567062847782,577),(1163,'accelerate as of formed. # is collision) capture',88.9029460949823,53),(1164,'concentrations',147.439570886083,59),(1165,'of thin bodies. theory theory material formed gas process',103.407169747166,927),(1166,'disk theory',23.0414103944786,554),(1167,'disk. * Through USD33.12 a that form bodies. (a mass',147.87711763382,622),(1168,'123 gas After by 55 nebula',77.9432102623396,778),(1169,'It process the under 55 mass inward 89 a of inward',244.21827984089,214),(1170,'disk gas attraction. ever 89 by it forms the of protoplane',210.819018611219,854),(1171,'steadily diameter Through the under',14.3145075119101,770),(1172,'than the planetesimals they surrounded sticky A dust.',21.2504487894475,722),(1173,'gravitational by a it particles',132.599097758532,693),(1174,'form,',78.119813637808,116),(1175,'certainty the and 89 55 certainty moon, the',96.9671185449697,837),(1176,'collision) a',41.1323204878718,502),(1177,'accretion Through gravitational A USD33.12',29.1070729177445,686),(1178,'to and',10.717401787173,880),(1179,'that it surrounded a Earth\'s not dust.',49.9405210805126,298),(1180,'accumulate 55 form, USD33.12 known the an bodies. means',120.937455760781,897),(1181,'^ disk is 55 process they attraction.',157.32611548854,271),(1182,'disk the',41.2119767954573,653),(1183,'are are atmosphere, nebula collapse',203.918149116449,580),(1184,'It mass A during that drag. by not',186.27506660996,667),(1185,'nebula core, the by denser (a',246.331385445781,928),(1186,'and during and protostar extended a 123',209.748158698902,869),(1187,'the accumulate by Through accelerate These A the Through',8.13399377092719,860),(1188,'collapse planets collapse capture the of protoplanetary as',203.033973351587,988),(1189,'into by forms',113.716890442651,948),(1190,'of',196.110806626733,121),(1191,'form a disk theory become accumulate',24.7023435896263,998),(1192,'protostar known 123 particles ever material',79.2789523215033,809),(1193,'of prevailing of theory disk a is as a 89 as',129.555175778922,1000),(1194,'planetesimals a as concentrations rotating are',241.211942932568,958),(1195,'surrounded It it during * accretion diameter',235.7230001688,603),(1196,'USD33.12 begins concentrations',16.1797641208395,467),(1197,'protostar formed. gas ^ rate protoplanets.',213.435031427536,500),(1198,'larger capture',121.993470842019,234),(1199,'known',202.127839755267,981),(1200,'formed. by an the process accretion',16.4722020770423,955),(1201,'form, protoplanets. the ^ additional concentrations with',154.07736735465,56),(1202,'as until in to than of moon, accretion The by rate protostar',75.3192441398278,693),(1203,'ever form sticky',17.2984654009342,256),(1204,'and',214.910625295714,300),(1205,'accumulate theory drawing',234.824413002469,287),(1206,'are A the of to concentrations',8.38363450067118,41),(1207,'by steadily * to they',150.709091883618,398),(1208,'dust protoplanetary',14.335889980197,233),(1209,'a extended denser at',143.871160874609,168),(1210,'planetesimals mass these certainty',213.399767029099,195),(1211,'89 nebula is by accelerate',142.43180926796,233),(1212,'of formed. increasing to until theory means',60.9984347224236,987),(1213,'in disk. core, # the gravitational',205.127678472083,181),(1214,'their larger extended forms with during attraction. a acc',170.588004858699,409),(1215,'and gas reaches',150.082203519065,205),(1216,'concentrations that drawing',36.4353352333419,52),(1217,'accumulate collapse form, dust. accumulate material',87.5728424647823,450),(1218,'collapse to gravity the the',237.307854314335,331),(1219,'formed means',213.201200144831,438),(1220,'increasing the protoplanetary a a',248.41495574126,93),(1221,'thin drawing protoplanets. disk atmospheric',46.2151050516404,881),(1222,'material A of to mass After A particles',156.373611961491,802),(1223,'are (a Local they These concentrations particles',247.664809493348,62),(1224,'greatly their begins in # prevailing accumulate form,',13.488516996149,763),(1225,'process a a formed. core, form, thin by by certainty collaps',175.834173934069,810),(1226,'known diameter mass theory and how the by',76.5296981334686,173),(1227,'that the of by their planetesimals',181.66347207455,593),(1228,'they by',22.8655269769952,240),(1229,'is The accumulate After under',108.225054777227,562),(1230,'atmosphere, a these disk. during a # formed surrounded',156.724610817619,916),(1231,'steadily protoplanets. Through',189.662045080215,524),(1232,'ever',24.2215485032648,987),(1233,'certainty the the accumulate inward formed',208.468972609844,899),(1234,'rotating',88.9278090107255,844),(1235,'not under',107.593463207595,642),(1236,'the planetesimals',152.649277762044,451),(1237,'the sticky increasing dust concentrations',111.931735162158,811),(1238,'disk collapse under',15.4463753770106,679),(1239,'the material',137.531734771095,141),(1240,'protoplanetary protoplanets.',217.203140598256,551),(1241,'accumulate',27.7868873090483,13),(1242,'the of are 123 atmosphere, material attraction.',230.868531349581,400),(1243,'of a planetesimals planet dust core, After planet',69.1517444644123,92),(1244,'Through the of process',1.80047541530803,32),(1245,'surrounded is atmosphere,',192.549589275848,746),(1246,'prevailing bodies. by their forms means at by concentrations',231.697104228195,134),(1247,'form,',72.7712246547453,587),(1248,'dust disk. prevailing certainty ^ inward an accumulate',234.04178035073,103),(1249,'formed After disk denser (a forms the greatly',170.06505242968,629),(1250,'rate that disk',132.656537619885,790),(1251,'form denser these as',2.26574338413775,309),(1252,'is an theory extended of',241.813500059769,827),(1253,'of The Through',135.130670514889,275),(1254,'in',217.847327529453,325),(1255,'USD33.12 process are form protoplanetary as rotating',130.766745902598,155),(1256,'to diameter material gravity',19.3363585197367,654),(1257,'planet accelerate The inward the thin ^ in they by become',95.6681961803697,848),(1258,'the dust. known until the means until',188.724748669658,311),(1259,'protoplanets.',122.547585316468,18),(1260,'After forms atmospheric are',152.029015743174,407),(1261,'Through drawing A concentrations',119.920505940448,153),(1262,'formed. known ever these atmosphere,',103.415265578311,207),(1263,'by accretion until concentrations by',227.991121269297,72),(1264,'atmosphere, in by attraction. (a thin of larger',209.435837684199,705),(1265,'gravity formed by to These prevailing',146.719264158513,772),(1266,'to by planet the extended to of disk disk',9.76054912013933,229),(1267,'thin greatly process rate at protostar',217.530736916699,579),(1268,'formed sticky are These ever to begins thin',29.1797661422752,690),(1269,'are Through certainty during sticky certainty protostar',212.656656427775,794),(1270,'The Local collapse 55 ^ to planets of',211.599244483747,836),(1271,'planets These surrounded',82.9295410364866,77),(1272,'gravity under steadily as form mass planetesimals particles',90.4779116702266,765),(1273,'mass of attraction. in by these After become as collision)',155.351710315794,541),(1274,'^ under dust by are the in disk Earth\'s These their form',198.408474768046,866),(1275,'is ^ thin',195.375844371971,571),(1276,'by the concentrations to accelerate planet and known rotati',210.76171695767,758),(1277,'become Earth\'s',4.2452963097021,507),(1278,'disk',81.1363603593782,783),(1279,'they gravitational form drawing by particles # the',44.2861292040907,385),(1280,'surrounded of the the',11.6447584722191,649),(1281,'rotating how at by gas means accretion mass',194.847095376346,575),(1282,'atmospheric process',218.402501242235,186),(1283,'increasing they particles',88.477263928391,24),(1284,'The collision) the disk',218.205445713829,262),(1285,'USD33.12 planetesimals gravitational',7.08206472033635,804),(1286,'by gravitational These accretion they as planets gravity',247.929985028692,169),(1287,'steadily',41.6941061755642,609),(1288,'by 89 rate nebula a surrounded concentrations',43.6587343141437,917),(1289,'collapse moon, by reaches',143.699427890126,681),(1290,'the',32.6436221566983,354),(1291,'inward it the the form, bodies.',156.703441308811,441),(1292,'a drawing It during planetesimals concentrations',205.490620327648,672),(1293,'gravity protostar formed. are the gas formed.',136.150445463602,128),(1294,'atmosphere,',252.701053333003,22),(1295,'gravitational collapse core, to certainty certainty',85.0835074800998,698),(1296,'and larger disk. attraction. bodies.',55.256930058822,425),(1297,'Through protoplanetary',51.0132848541252,916),(1298,'of of',166.055598190986,782),(1299,'gravitational ever-larger by of These 123 surrounded',133.848960906267,267),(1300,'The capture larger the sticky',155.312607619911,311),(1301,'to inward',4.91666446393356,387),(1302,'process prevailing bodies. the known is',186.26395279821,266),(1303,'^ to are increasing gravitational',111.05795733165,27),(1304,'rotating 123 diameter collapse gravity These a formed. of',14.6162256756797,901),(1305,'is * accumulate * drawing and',158.997221239377,783),(1306,'collapse',189.037162887398,849),(1307,'accretion',10.2419114676304,213),(1308,'dust ever-larger begins begins surrounded surrounded',228.660645233467,287),(1309,'greatly they how It accretion dust. with under sticky a disk',97.7435189532116,300),(1310,'concentrations ^ denser formed. Through form the these dust',193.167736957781,158),(1311,'accumulate to form mass material',56.5708817681298,701),(1312,'their forms disk. nebula Through',115.765506523661,612),(1313,'disk mass nebula dust. they of concentrations',180.658286239952,266),(1314,'nebula nebula formed gas accumulate process',242.685530215036,602),(1315,'the drawing',226.704072534107,28),(1316,'bodies. known the their to Local thin protostar of dust.',34.5200372864492,589),(1317,'these planetesimals a 89 accretion',207.679610651452,690),(1318,'is 123 to the the their process attraction. in is formed. p',112.653172508813,864),(1319,'the process',99.3586857900955,967),(1320,'The dust. mass rate ever-larger moon,',71.8751937709749,495),(1321,'at disk forms how a 123 dust at',12.0188150857575,21),(1322,'certainty mass material disk as core, additional certainty',52.499937239103,125),(1323,'an concentrations denser concentrations',215.653424234595,607),(1324,'atmosphere, they until dust begins drawing the',29.6884828717448,464),(1325,'how disk during The',42.6164812883362,524),(1326,'formed theory material the a accelerate',152.953839032445,390),(1327,'drag. drawing a * *',88.4508584314026,673),(1328,'a known form',227.738763635512,29),(1329,'planet accelerate than process as',31.1092450260185,970),(1330,'ever-larger disk',3.71685046050698,74),(1331,'by a After as',64.4475177596323,365),(1332,'atmosphere,',185.213100077119,529),(1333,'known into 123',99.8984215077944,53),(1334,'surrounded as that during an (a 123',129.5732775121,75),(1335,'planetesimals known of',217.646596868057,128),(1336,'capture',243.706607936416,240),(1337,'with dust. to core, forms concentrations collision) After',236.2332010502,906),(1338,'are collapse',44.890908932779,114),(1339,'^ these to',160.410866135266,713),(1340,'Through',108.741786080878,241),(1341,'until disk process process the reaches the how',173.303621561732,555),(1342,'and increasing accumulate of as of the ^ ^ larger',114.165564012714,628),(1343,'gravity they',107.376427928451,109),(1344,'atmospheric a dust. denser of a a during by as as accumulate',190.232454887591,840),(1345,'protostar accretion disk These known larger additional',115.902116984129,644),(1346,'are begins diameter rate collision) accretion',228.162045705598,509),(1347,'the',15.65559987491,661),(1348,'drawing gravitational dust. as collision) to greatly under',161.303224842995,288),(1349,'disk. accumulate disk. until diameter rate Earth\'s accumul',188.100948542822,108),(1350,'become form dust the (a with Through formed',234.458430456929,553),(1351,'Earth\'s collapse planetesimals #',7.63774229725823,784),(1352,'certainty',61.5474134492688,454),(1353,'After surrounded is process begins the are as',52.7654723394662,597),(1354,'of atmosphere, collapse',149.543663532473,569),(1355,'form how of accretion sticky of by extended',247.741263957229,388),(1356,'inward planets protostar that a',47.25331746554,289),(1357,'reaches not into',229.622286916245,279),(1358,'a to * collapse by bodies. by # an gas Earth\'s formed.',111.87848730851,748),(1359,'Local moon, process',199.220115032047,545),(1360,'to of their atmospheric is and',177.046739071142,870),(1361,'89 an at accretion form, the',74.1569398054853,815),(1362,'form into disk. gravity diameter process they that',133.170416118111,329),(1363,'formed. into atmosphere, they concentrations Local by by',201.315195843577,635),(1364,'additional concentrations these they than denser to bodies.',47.7490669083782,204),(1365,'material protoplanets. atmosphere, collision) of accelerate',85.6613350901753,991),(1366,'A Earth\'s collapse of ^ gravity * accretion',123.933852529619,40),(1367,'^ a of increasing planet',123.908555711154,557),(1368,'the accelerate ever-larger process A they prevailing inc',139.250887279399,368),(1369,'by disk atmospheric form the',51.7003131294623,206),(1370,'than dust an mass After Earth\'s',66.9038018588908,478),(1371,'protoplanets. ever-larger collision) become',223.862049565651,291),(1372,'greatly by the and',87.511594526004,510),(1373,'the protoplanets.',84.1549756443128,268),(1374,'to moon,',27.0660836366005,703),(1375,'material dust. the under ^ of to collapse the',36.4278966137208,970),(1376,'thin during planets become',23.1291562644765,987),(1377,'atmospheric',130.719700013287,628),(1378,'to formed. the to capture drag.',78.3581377682276,77),(1379,'form,',26.8439564318396,629),(1380,'gravity ever',26.0299604255706,979),(1381,'a sticky process theory accretion After with to gas',172.581536643207,667),(1382,'particles',61.9145938549191,27),(1383,'Earth\'s they means disk inward concentrations',71.5937894931994,828),(1384,'in formed.',93.7053549261764,20),(1385,'123 After',48.3956246622838,892),(1386,'extended',212.053988788743,144),(1387,'extended the reaches as prevailing',10.4832103480585,526),(1388,'core, drag. to additional',3.84451780561358,98),(1389,'process',175.013465653174,286),(1390,'their atmosphere, protoplanets. nebula a reaches not colla',170.634687516373,727),(1391,'steadily capture',136.359354573302,77),(1392,'of capture forms',155.997449586168,321),(1393,'form a form form atmospheric the',114.073554103728,536),(1394,'the planetesimals',106.044744518586,776),(1395,'These collapse accretion',190.652459356934,881),(1396,'These ever-larger at capture',148.142365141306,288),(1397,'collapse dust form nebula',241.557165092789,500),(1398,'they process accumulate become',30.3972386321984,507),(1399,'planetesimals A under to the',113.662760057952,4),(1400,'concentrations After are known mass is accretion',78.9497979865409,676),(1401,'USD33.12 protoplanets. formed. planetesimals',80.9628444528207,200),(1402,'with concentrations a collapse',58.4711272469722,66),(1403,'they means form theory steadily accumulate',225.995771079324,199),(1404,'forms accretion',198.789801750798,508),(1405,'it greatly in',115.236761845183,522),(1406,'sticky 89 planetesimals mass mass',213.737976666074,942),(1407,'Local USD33.12 are that of collision)',232.088810634799,193),(1408,'forms as an accretion After',129.945891962387,745),(1409,'These their',192.326185970102,402),(1410,'by formed. certainty mass accelerate core, diameter',1.75151224015281,451),(1411,'planetesimals capture are drag.',75.9868874251843,197),(1412,'in is It',7.37548154499382,530),(1413,'their accretion the theory increasing as form atmosphere,',38.0979194114916,551),(1414,'Through disk additional 89 core,',3.35787275014445,887),(1415,'theory it * of attraction. additional bodies. these Local of',115.163882805966,740),(1416,'planetesimals of inward the collapse under denser planet in',67.4523631827906,501),(1417,'these drag. of',110.037547644228,739),(1418,'sticky',219.857214732096,746),(1419,'known',156.547009944916,674),(1420,'reaches planets it the the increasing',62.0908590736799,123),(1421,'drag. the planets form begins',239.892632580828,563),(1422,'the Local prevailing',70.9947204613127,597),(1423,'accumulate sticky of planet',28.3207329614088,51),(1424,'After',132.951504004188,171),(1425,'material ever by planetesimals',197.893606874626,368),(1426,'These inward',16.5264164982364,669),(1427,'at protoplanets.',200.116126873065,299),(1428,'in to certainty additional to a 55 they',214.535730387084,499),(1429,'the in disk at of is accumulate prevailing core,',156.172494472004,873),(1430,'formed.',217.129222723655,131),(1431,'gravitational under particles attraction.',93.0656390204094,448),(1432,'drag. of',125.994050034322,452),(1433,'a steadily accretion',105.360751196742,651),(1434,'rate means drag. moon, accelerate',223.97453628853,193),(1435,'drag. particles',92.0451485491358,596),(1436,'concentrations nebula # USD33.12 89 gravity inward rotating',105.724818821996,166),(1437,'in in bodies. until attraction. 55 to additional larger',239.655068622902,664),(1438,'# rotating formed. are to moon,',247.848280442413,479),(1439,'under into a Local rotating material a the bodies.',163.826218839269,850),(1440,'accretion reaches The # a in',60.9482000591233,392),(1441,'formed. the than capture than the 55 by become',213.328773754649,232),(1442,'89 a collapse thin the it',252.043381708208,822),(1443,'an denser attraction. gas than by planetesimals',10.1587229068391,292),(1444,'additional accumulate certainty until',165.15253964439,784),(1445,'a in to capture gas they',236.350761957001,125),(1446,'USD33.12 the an mass planetesimals',43.1344388979487,292),(1447,'123 accretion accelerate are with',214.193921669852,556),(1448,'the It formed. formed. a of 55 a capture',187.165394780692,932),(1449,'ever accretion into form larger the to planet',238.213817294687,700),(1450,'by process the',190.041968221776,460),(1451,'formed. gas means means accumulate',54.9863828113303,418),(1452,'gravity their a thin the is ever',118.853013165295,120),(1453,'mass bodies. disk ^ collapse reaches they rate the known',18.3689522645436,338),(1454,'# formed.',156.969523799606,282),(1455,'certainty greatly to dust. under to of collapse',21.5907560861669,585),(1456,'the are in known become a accumulate they 123 become known d',132.796436740085,842),(1457,'dust their core, dust.',113.665056661237,835),(1458,'the Through',118.21305224672,519),(1459,'form denser process and rate dust.',79.2738293479197,864),(1460,'a the begins capture until planetesimals they accelerate',155.994782654569,14),(1461,'under dust. nebula drag. protoplanetary planet protoplanets.',240.152899994515,731),(1462,'during the reaches the in 89 to these planetesimals',235.027080406435,436),(1463,'are disk collapse known by accelerate concentrations process',93.1146945706569,54),(1464,'the of how USD33.12 capture protoplanets. increasing',102.320135677699,260),(1465,'123 form,',62.0016828682274,834),(1466,'not collision) planet known steadily of they under',7.02303928369656,712),(1467,'accelerate collision)',11.8883254509419,383),(1468,'denser protostar of of collapse means an surrounded',118.886565963272,821),(1469,'material dust ever-larger material',15.0742658553645,727),(1470,'a certainty is into (a in larger additional certainty surr',223.984432783443,833),(1471,'not (a by surrounded known',156.876831308473,636),(1472,'surrounded Earth\'s and is ^ Local bodies.',4.54841689532623,48),(1473,'accelerate 89 known USD33.12',86.3412630800158,745),(1474,'process inward certainty',207.783063598908,276),(1475,'rotating additional into a additional of means an mass',23.7515543242916,279),(1476,'89 means process as of that process (a mass at disk',236.209384480491,734),(1477,'accumulate by by formed.',141.823276993353,43),(1478,'by form larger core, concentrations to they of is nebula',28.757987562567,558),(1479,'certainty are material accumulate and become as become to at',46.965425582137,321),(1480,'mass known increasing',69.0264906403609,20),(1481,'into',169.192064991686,46),(1482,'in is process the to',116.769348720554,68),(1483,'After certainty',234.063270037994,293),(1484,'extended to at Through',44.1441489239223,441),(1485,'of a # a means inward form,',167.275263731834,536),(1486,'form, the Earth\'s extended protostar and means concentrati',208.768556211144,147),(1487,'at prevailing disk disk. protoplanetary',212.909147538245,339),(1488,'known formed. formed particles',185.783540400211,382),(1489,'atmosphere,',181.934338909108,294),(1490,'dust planet rotating',201.744713350665,923),(1491,'accretion Local',50.7190746208653,204),(1492,'attraction. a theory',217.142121290788,594),(1493,'of (a concentrations',62.1394834415987,303),(1494,'they',73.9400930022821,297),(1495,'rotating the to 89 become increasing process',31.3436163067818,591),(1496,'rate nebula not additional extended',133.446841839701,910),(1497,'collision) than the It it these',213.083759940695,398),(1498,'not dust. bodies. form, than Through',47.109931983985,445),(1499,'the collision) disk. planets Through',68.0875111343339,602),(1500,'dust. a The Local and by dust inward a gravity mass',192.668553195894,353),(1501,'form, of moon, by',205.919834392611,929),(1502,'forms Through an formed core, in thin as inward by by',71.5933972834609,491),(1503,'process in 89 greatly until protoplanetary process',89.9967273310758,101),(1504,'protoplanetary by (a dust. Through by these disk. these by',217.872160343453,164),(1505,'and until planetesimals dust begins',186.619903834537,448),(1506,'accelerate 89 certainty planetesimals not are greatly and',98.0349112139083,267),(1507,'of the',149.644643465057,487),(1508,'during forms additional',14.2824575537816,328),(1509,'concentrations 123 greatly in increasing rotating by',60.2143121231347,29),(1510,'accumulate denser the a as as the ever-larger these core, #',78.0742275943048,453),(1511,'capture',113.78899848694,435),(1512,'the process A',60.2717664144002,104),(1513,'theory into an It into planetesimals # After forms',175.955765340012,915),(1514,'increasing the It USD33.12',89.1000126823783,568),(1515,'the of of thin the how A in protoplanetary increasing plan',185.80257930886,350),(1516,'they protoplanets. by is',32.8049082397483,28),(1517,'theory',141.915440249722,229),(1518,'protoplanetary protoplanetary',176.329947683029,446),(1519,'gravity dust certainty known',18.2349504246376,840),(1520,'Through in the dust. a gravity concentrations they',143.611762449145,268),(1521,'ever the',214.732838430908,7),(1522,'planets of certainty',38.4426915240474,748),(1523,'denser until accumulate these',96.0144597189501,99),(1524,'and',100.982395253144,144),(1525,'rate they disk. a USD33.12 concentrations disk rate',244.263290166389,451),(1526,'a Earth\'s known form, form, mass into Local',89.2349709179252,553),(1527,'disk. are during atmospheric of collapse attraction.',233.465388990007,99),(1528,'in',253.058222928084,991),(1529,'mass additional collapse the their extended gas',86.5567778367549,844),(1530,'it dust in under the in certainty of the protoplanets. pro',110.12481679488,305),(1531,'rate dust surrounded to extended',50.1259160572663,495),(1532,'prevailing USD33.12',68.0121773541905,265),(1533,'bodies. until become is',36.3751043668017,145),(1534,'attraction.',174.011650563218,629),(1535,'* a of formed',144.980627484154,843),(1536,'planetesimals mass to accretion dust',175.827662731986,20),(1537,'a rotating 123',85.2633405537345,259),(1538,'known to is increasing',16.2410813113675,588),(1539,'are the planetesimals form, rotating',166.142015385441,122),(1540,'not concentrations formed under under the theory atmospheric',169.900810580235,861),(1541,'under reaches disk. formed the accelerate denser greatly',140.183010743931,125),(1542,'rotating The is 55 by',112.083011558279,652),(1543,'extended protoplanetary and with disk *',161.851188035216,202),(1544,'greatly by is',82.8358160969801,958),(1545,'bodies. attraction. the disk.',213.489647638984,801),(1546,'rate larger',181.978153089527,518),(1547,'the attraction.',237.565448468551,76),(1548,'in formed drawing',189.019763429649,697),(1549,'forms It of is of accumulate mass these a ever-larger',2.22224778542295,291),(1550,'form rate to accelerate A disk gas After in inward the drag.',19.8035129038617,834),(1551,'diameter The that 55 rotating 55 process collapse inward',108.737775334157,804),(1552,'core, * denser 55 than protoplanets.',238.742774755228,526),(1553,'Earth\'s capture gas additional gravitational',29.9926713299938,952),(1554,'form a drag. larger a ever-larger 55 disk 55 of is dust',223.326300525106,340),(1555,'how to nebula known a of in accelerate planet become addi',88.1453131474554,403),(1556,'^ rate as dust. planet The',86.2182902465574,665),(1557,'they USD33.12 form, Earth\'s',49.3288527838886,46),(1558,'formed. material the reaches',86.5481193573214,935),(1559,'dust',235.168028533924,338),(1560,'is extended attraction. sticky (a increasing',14.12328982912,742),(1561,'by',205.058270536363,838),(1562,'are form, core, core, in After concentrations the their in',243.035106187221,695),(1563,'of by dust.',10.34666742431,967),(1564,'become capture additional an in form begins diameter',247.124356183223,689),(1565,'planetesimals accumulate 123 ^ dust with diameter',41.7018920592964,528),(1566,'certainty process to of moon, means attraction.',189.62442026753,820),(1567,'at rate ever by protoplanets. the ^ than',231.721480844077,821),(1568,'of * it core, into thin After of by mass thin',202.978595134337,689),(1569,'accumulate under (a 123 during gravitational process forms',149.175824969076,330),(1570,'After disk their begins',148.218483281787,203),(1571,'collapse moon, accretion a accumulate of',109.923549092375,293),(1572,'(a and reaches a process of form',198.597115173936,250),(1573,'89',40.8813696522266,884),(1574,'material protoplanets. a the of planets',83.3395911729895,382),(1575,'* are is greatly greatly the of accretion formed. a',223.576970332302,696),(1576,'to larger an until drag. in',227.854004815686,595),(1577,'certainty',42.9572264500894,414),(1578,'mass until of not the the prevailing ^ by disk disk and',215.020176596008,451),(1579,'their during is in inward rate the steadily and become',56.8706850116141,617),(1580,'not A until form of',45.8047360968776,38),(1581,'is until concentrations of accumulate increasing After',229.750191645231,203),(1582,'The ever-larger the (a into process gravity extended conc',60.9264612193219,641),(1583,'mass process greatly forms drag. larger inward',37.4724015337415,993),(1584,'prevailing the process are',19.91492104996,812),(1585,'# they 89 core, (a',218.144868292846,683),(1586,'particles',81.5647955639288,226),(1587,'forms protoplanetary',44.6026709680446,316),(1588,'known collision)',33.5488224215806,583),(1589,'After planets mass',141.224935430102,821),(1590,'during at in gas become accumulate protoplanetary concen',236.678578804713,200),(1591,'at mass known dust. sticky Earth\'s Local dust. the',243.035467171576,362),(1592,'the by is accretion concentrations',78.0252182907425,467),(1593,'are bodies.',102.351049457677,107),(1594,'additional by accumulate accumulate',116.676083113533,110),(1595,'nebula rotating gravitational they collapse',50.0955169047229,904),(1596,'of not greatly certainty of gravity',80.5402919212356,30),(1597,'dust accumulate These until inward rate form, # sticky',42.6946724867448,381),(1598,'After',58.0712848538533,837),(1599,'atmospheric to a a an nebula',184.100289986003,572),(1600,'the mass core, dust. The concentrations drawing accretion of',47.1136518851854,946),(1601,'these extended known disk. accumulate',85.4713380360045,17),(1602,'their known',199.47188979201,768),(1603,'the of disk it protoplanetary',43.9574748892337,177),(1604,'by an mass steadily disk nebula * nebula by increasing grav',122.584108074196,375),(1605,'denser until drawing the they disk the planetesimals atmo',38.7665717853233,340),(1606,'to It begins disk. material accelerate they than it dust. di',36.748731335625,619),(1607,'are theory The accretion are larger disk',96.9841249650344,303),(1608,'extended form denser 55 concentrations',193.640701214783,727),(1609,'process surrounded inward a a is concentrations (a Local',82.5637194672599,546),(1610,'not The core, begins',147.180451951455,93),(1611,'a disk a drag. # Earth\'s accretion',35.7679393854924,469),(1612,'the by a of',137.142451939173,34),(1613,'planetesimals are under the how in',26.38106969418,888),(1614,'inward formed. atmosphere, into drag.',48.3012523283251,210),(1615,'extended reaches a and',199.533222713508,992),(1616,'formed.',183.577812383883,634),(1617,'# The collapse gas rate into',145.498298565391,544),(1618,'not means and accumulate core, disk certainty 89 it',211.193023123313,272),(1619,'at dust. collision) accumulate disk It larger',48.9251945069991,532),(1620,'by planet in mass protoplanetary collision)',251.578129588626,730),(1621,'process they A accelerate rotating the collision) protostar',24.5424998472445,307),(1622,'of it Local of Through dust. concentrations dust accretion',197.663956244942,306),(1623,'(a under during mass accelerate',213.370374658611,230),(1624,'gravitational under protoplanets. a accelerate in reaches',65.4644065485336,956),(1625,'disk. how certainty increasing ever core, sticky',24.9501287746243,438),(1626,'prevailing particles attraction.',128.504332697485,622),(1627,'of particles in These concentrations bodies. means thin',108.890606553294,680),(1628,'the concentrations in into process disk',144.921104215551,325),(1629,'during that disk. with inward (a dust rate process inward',139.066803827882,934),(1630,'of they of by Earth\'s during attraction.',234.593157813884,979),(1631,'collision) diameter',10.918873755727,104),(1632,'protoplanetary',233.829987742472,94),(1633,'particles a these concentrations mass',163.536821868736,88),(1634,'It are is the a accumulate planet',157.524705850985,442),(1635,'theory is protostar',22.3883726638742,790),(1636,'until accretion',205.15130893141,121),(1637,'bodies. It become ^ the atmosphere, The by particles',145.620809523389,433),(1638,'rate',71.1374434679747,820),(1639,'these',15.9426325280219,796),(1640,'larger a process accretion (a gravity',16.523792324122,416),(1641,'to form, moon,',122.298895009328,750),(1642,'After (a they is accretion certainty',205.406311733648,854),(1643,'These certainty inward a',154.247286901344,854),(1644,'increasing that A concentrations',251.247522563674,152),(1645,'diameter concentrations of accelerate disk',239.054857735522,798),(1646,'gravity Local disk. the with attraction.',144.691695582587,344),(1647,'the drag.',1.28668875992298,717),(1648,'how After',192.936305948999,966),(1649,'gravity extended means concentrations particles',106.594402042683,777),(1650,'formed. mass with is are theory',56.4863489782438,6),(1651,'the in (a the of are protoplanets. rate theory known',205.702611938585,429),(1652,'gravity mass of accumulate planet 89 bodies.',114.732613129076,280),(1653,'known are of the After',187.496928395238,500),(1654,'by extended',106.848968931474,627),(1655,'it certainty not form it collapse diameter',187.160250576213,165),(1656,'ever-larger ^ particles atmospheric sticky of These collapse',204.173281847034,158),(1657,'these planets rotating steadily gravitational planets accum',67.0773266362958,174),(1658,'by USD33.12 by they disk under',172.308100101538,363),(1659,'extended',252.536839692853,117),(1660,'Through the additional',241.6767849233,169),(1661,'certainty into USD33.12 gravitational the',144.587068134919,212),(1662,'core,',92.9869876615703,47),(1663,'the the means denser known accretion concentrations * ever',236.93549102731,440),(1664,'as the to an the formed collapse under dust accumulate the',10.0737456874922,144),(1665,'collapse',241.260612896644,755),(1666,'accretion in These of planetesimals than to they drag.',2.21288886386901,405),(1667,'of Through form It concentrations',249.706392825581,704),(1668,'until Local (a',38.1493749991059,634),(1669,'in known means collapse these 55 * and',96.9746810016222,60),(1670,'into It by ^ mass means mass the gravitational accretion',23.5292857773602,307),(1671,'it dust. collapse protoplanets.',169.54763221601,254),(1672,'by how the of mass protoplanetary',20.3810697756708,138),(1673,'protostar prevailing the collapse are with',146.170546412002,747),(1674,'they It these they Earth\'s and the a as by',222.317946556024,871),(1675,'the mass collapse steadily',199.940940053668,887),(1676,'core, ever-larger begins the protoplanetary protoplanetary',198.018518875353,333),(1677,'form atmosphere, planets additional particles of a become',89.8612823816948,343),(1678,'in of',248.465073841624,100),(1679,'of collision) disk. disk accretion planet accumulate are p',186.815292530693,51),(1680,'(a material form, theory accelerate',59.7762887151912,694),(1681,'material under (a they of',191.697631956078,745),(1682,'mass protoplanets. protostar',105.218674756587,644),(1683,'reaches at how they accelerate planetesimals',251.028120424133,967),(1684,'of is rate * in and how diameter',1.82537558861077,122),(1685,'accumulate',113.291725564748,313),(1686,'After to Earth\'s ever-larger',115.872757731471,412),(1687,'123 After inward collapse planetesimals is of by steadily',226.651750442106,616),(1688,'formed. than inward certainty',5.15755605418235,326),(1689,'Through collapse',98.2665813216008,59),(1690,'the the bodies. USD33.12',33.7746388344094,306),(1691,'that their drag.',93.4329563919455,47),(1692,'It theory the collapse to rotating',98.5436854264699,553),(1693,'rate of forms known process begins Local an ^ process their',216.206453626975,70),(1694,'they 123 Through theory',17.675636746455,776),(1695,'Earth\'s 123',231.192803110927,271),(1696,'how a planetesimals by atmospheric the by at',230.173812345136,748),(1697,'known planet',118.794290993363,796),(1698,'how planetesimals disk. Local collapse are disk. collision)',175.374168329407,366),(1699,'forms known form surrounded known an protostar process by',31.9159503192641,976),(1700,'means are (a',63.5657391934656,724),(1701,'how steadily an during',202.723079537973,662),(1702,'begins a the larger',94.636914618779,286),(1703,'the how during accretion 89 means additional ever',49.3236240698025,788),(1704,'begins',134.675866183825,424),(1705,'are accretion in the planetesimals additional',174.398333941121,823),(1706,'accretion prevailing disk capture known These it',69.8293779208325,372),(1707,'disk. of Earth\'s form, as A protoplanetary',66.9218796999194,487),(1708,'planet',89.5167778139003,133),(1709,'(a formed by It are collision)',14.2591069992632,3),(1710,'at denser the forms by gravitational planet core, capture',229.866326119751,738),(1711,'dust. drawing is thin forms extended reaches',163.535565224476,698),(1712,'than the accretion dust gravitational formed a prevailing',236.086004061159,824),(1713,'(a formed. 123 they',249.755585933104,252),(1714,'planetesimals The process concentrations nebula',164.479722289369,962),(1715,'process are attraction. until by by mass 55 forms',227.715927649289,773),(1716,'certainty the by is the known in',13.1098408000544,766),(1717,'of a accretion',131.923657234758,278),(1718,'capture accumulate sticky of under ^ material',170.777397749014,613),(1719,'reaches in denser process moon, extended These',22.3049704339355,758),(1720,'by particles steadily it #',26.1713007036597,128),(1721,'as',110.613788437098,71),(1722,'dust form, 55 in the as concentrations',224.877185356803,379),(1723,'attraction. gas not form they ever the protoplanetary co',71.5623921928927,301),(1724,'the planetesimals',37.5208855648525,843),(1725,'sticky as the',163.123619328719,628),(1726,'Through',50.9503631046973,559),(1727,'ever moon, of (a thin drag. theory as',102.317568395287,597),(1728,'under 89 an theory a mass',173.72232485516,287),(1729,'gas sticky a prevailing The concentrations bodies. atmosphe',45.2690890710801,479),(1730,'to form, and an the protoplanets. accumulate accumulate',247.999055872206,920),(1731,'gas mass (a in the atmosphere, a inward atmosphere, become',46.9758435054682,13),(1732,'the concentrations gravity surrounded protostar',158.961980437394,65),(1733,'the is ^ are ever-larger',137.415888303425,64),(1734,'accumulate',41.4338638368063,344),(1735,'* ^ by planetesimals how planetesimals ^ a gravitational',216.367596061435,86),(1736,'atmospheric atmosphere, ^ of 123 attraction.',107.845455835573,631),(1737,'form and formed how denser a by planetesimals',128.070039066952,516),(1738,'a concentrations These accretion The by are not',76.7997113559395,86),(1739,'under disk. planets',162.943899565376,448),(1740,'of protoplanetary',32.104561096523,207),(1741,'inward # ^ atmospheric at ever',134.702696476132,931),(1742,'core, they concentrations',216.18938032072,115),(1743,'collision) greatly greatly extended drawing known',113.358478041831,636),(1744,'than until bodies. into certainty the',146.956163749099,115),(1745,'Local form, in gas of surrounded as reaches mass collapse T',135.203996467404,501),(1746,'# dust. it their are it disk',112.419018682092,318),(1747,'become mass these at with core,',8.67802280141041,198),(1748,'additional to during',15.8061046847142,285),(1749,'A with than in of to bodies. additional',167.641467516311,504),(1750,'form, not atmospheric accretion theory gravity',180.553037714679,359),(1751,'core, the protoplanetary',6.68558408273384,921),(1752,'89 of denser',56.641402462963,424),(1753,'mass certainty bodies. moon,',208.75252540689,638),(1754,'how atmospheric it',10.4528572056442,154),(1755,'dust protoplanets.',161.226372610312,813),(1756,'process core, is # extended of Local attraction. a is dra',45.7233185120858,269),(1757,'extended certainty Through the moon, larger process (a core,',155.723326854873,765),(1758,'that rate USD33.12 a means the theory to planets they',196.444452449214,978),(1759,'these After Earth\'s to',206.834912050515,423),(1760,'planets moon, greatly * 89 certainty as protostar certainty',193.988586166874,27),(1761,'additional 89 denser',74.1331451172009,445),(1762,'of',157.212114985101,726),(1763,'they form',210.718827829231,109),(1764,'the into collision) capture USD33.12 the drawing of nebula',244.997535301838,506),(1765,'an increasing a disk the the theory gas',221.92531219963,703),(1766,'the process form, surrounded surrounded',182.403192711063,693),(1767,'collapse additional Through protoplanetary',133.152017507236,654),(1768,'in reaches than larger nebula',252.370218149852,224),(1769,'disk is The form protostar to The # extended mass',97.0519933355972,934),(1770,'core, it is These reaches to mass are It planet',10.0681081456132,87),(1771,'capture gravitational',141.10258243233,412),(1772,'as the a the disk. atmosphere, concentrations',50.618328996934,262),(1773,'process gas gas under the mass the These the',63.2177439471707,875),(1774,'atmosphere, the A accumulate they',47.1481885192916,745),(1775,'to drag. by not collapse theory',204.638295459095,594),(1776,'accumulate of additional material atmosphere,',252.53405312309,321),(1777,'denser',131.033065245021,28),(1778,'accumulate larger',56.2968528904021,513),(1779,'surrounded of become certainty',81.1326812640764,241),(1780,'by they formed a of',133.000201704446,145),(1781,'begins not that nebula to attraction. core,',50.2589146043174,949),(1782,'become (a dust.',161.156144002918,72),(1783,'sticky the gas formed. form These 55 123',154.828899820335,756),(1784,'of the the',97.4082880876958,291),(1785,'Earth\'s nebula mass extended',71.6544196070172,252),(1786,'by of into protostar of 123 bodies. as it core, by gas',4.9118588892743,678),(1787,'89 rotating Earth\'s accumulate and protoplanets.',158.862672718707,34),(1788,'of accumulate means',3.61712362384424,882),(1789,'dust. these accumulate',215.182560712565,55),(1790,'forms rate known by disk certainty they ever certainty',87.8328404412605,723),(1791,'the diameter planet 89 the reaches gravitational are into pl',203.264167172834,763),(1792,'ever-larger * the surrounded',30.7477848385461,65),(1793,'that',61.3359760888852,953),(1794,'drawing core, gravitational',73.2175274020992,252),(1795,'of the # accelerate a not process',154.879097285215,104),(1796,'extended by of as of (a with of they increasing formed of',67.8625859459862,583),(1797,'reaches become these as of After larger the nebula drawing',111.983266033698,748),(1798,'dust. disk. attraction. planetesimals accumulate',229.550484147388,751),(1799,'an not protoplanets. drag.',113.998209205456,487),(1800,'planetesimals a not means collision) atmosphere,',199.231994811911,282),(1801,'the protostar protoplanets.',13.962265081238,71),(1802,'planet of The to atmospheric their Through These',90.4132191222161,508),(1803,'under disk concentrations form not drawing sticky',123.79191417899,868),(1804,'(a disk. known It particles as the These',103.140739105176,925),(1805,'protoplanetary to how accretion form disk increasing',51.1432651248761,774),(1806,'under a of disk.',219.509237286635,224),(1807,'concentrations by # ever disk known accretion that bodies.',69.0393831161782,763),(1808,'by are to rotating',208.532492609229,595),(1809,'these Local forms known dust',51.194528569933,956),(1810,'protoplanetary an accretion core, increasing These',94.7118964036927,287),(1811,'atmosphere,',225.511983678676,913),(1812,'a in atmosphere, a accumulate of',164.24632928567,599),(1813,'planet means Local After by accumulate After accretion',200.463112498634,39),(1814,'formed extended concentrations',22.5645049382001,247),(1815,'how bodies. in collapse in collapse bodies. into disk.',42.7628742828965,801),(1816,'protoplanets. of known how of during of the ^ gravitational',238.908160825726,717),(1817,'89 into Earth\'s extended',36.2053552586585,641),(1818,'accretion 123 certainty prevailing gravitational',55.7058299537748,334),(1819,'nebula extended increasing After',253.067348368932,223),(1820,'by form until by Earth\'s dust. drawing concentrations',41.4243363691494,175),(1821,'The 123 into accretion to means the of the',169.988583535887,397),(1822,'a known',123.141207529698,769),(1823,'the',121.983603798319,514),(1824,'with increasing gravity gravity of and disk collision) ever',215.028396323323,982),(1825,'of a of dust. a process rate capture',71.7417544019409,297),(1826,'by and formed',39.8549376646988,52),(1827,'dust denser',33.7359510576352,477),(1828,'It that is of steadily are',106.200707560871,38),(1829,'with concentrations',46.7513688970357,291),(1830,'ever-larger',10.7266912795603,275),(1831,'under Earth\'s',224.730774206575,196),(1832,'into begins nebula rate denser ever-larger moon,',209.409195276443,214),(1833,'by concentrations Through collision) 89 form,',167.340048536658,608),(1834,'theory the moon, collision) formed.',119.02870278433,958),(1835,'to greatly bodies. the the begins',152.218578598928,202),(1836,'accumulate of they USD33.12 drag. attraction.',69.5249219769612,101),(1837,'into and form, the the',33.4606219502166,540),(1838,'planet to the Through by',75.6041360208765,85),(1839,'form known After it a mass they of dust',64.3393493061885,514),(1840,'formed ever-larger protoplanetary thin prevailing',141.823525081389,971),(1841,'become Earth\'s bodies. material',117.201458939817,510),(1842,'begins to ever-larger bodies. process accumulate they',108.132007925306,814),(1843,'attraction. thin during',17.01305954298,671),(1844,'the of (a A 89 inward core, dust planetesimals protoplanets.',145.231926825829,234),(1845,'a by gravitational collapse increasing rate the process',77.4539943761192,201),(1846,'* planetesimals',178.798349951394,673),(1847,'^ these become the disk planets',143.293831687886,288),(1848,'accretion a gas steadily USD33.12 accelerate to form dust',149.236855039839,435),(1849,'steadily USD33.12',12.6650795694441,887),(1850,'concentrations than moon, under by gravity is',193.343960247003,518),(1851,'accumulate',150.873449468054,422),(1852,'55 Through at are',105.431299805176,742),(1853,'the planetesimals',73.6246362021193,504),(1854,'protoplanetary form by the USD33.12 moon, accretion are is',227.573618852068,919),(1855,'known dust. with disk an by sticky form of protoplanetary',163.559139087796,497),(1856,'than protoplanetary the planetesimals are bodies.',155.808353218716,126),(1857,'of it than of increasing attraction. of The these at',56.8908936893567,600),(1858,'Earth\'s drawing diameter concentrations',63.3830087236129,8),(1859,'the drawing It their * It USD33.12 drag. of',220.50909410743,649),(1860,'The a is sticky greatly larger their is bodies. form, the',50.8252147845924,355),(1861,'moon, process their accumulate',218.821337184403,120),(1862,'by atmospheric until moon, accretion',125.894189188723,968),(1863,'in at the drawing extended is',248.692927710712,105),(1864,'disk by of protoplanets. by known denser are',15.6959072318859,555),(1865,'the ever-larger',198.793719649315,190),(1866,'^ an forms ^ ever into disk After planetesimals drag. is',189.704225960188,732),(1867,'to disk.',22.3824355830438,926),(1868,'accelerate',240.596725823823,558),(1869,'accumulate they form, and',214.016656647436,956),(1870,'a it 123 reaches form, is',254.651784638409,771),(1871,'mass these additional',175.172860530671,484),(1872,'the a an formed. the atmosphere,',73.4816248929128,315),(1873,'dust. that of to into planet the the particles',229.790824917145,898),(1874,'drawing of extended formed.',12.8875238182954,625),(1875,'mass bodies.',26.6824080673978,469),(1876,'by',240.964235042222,519),(1877,'to material rotating',176.077251892537,92),(1878,'to disk.',146.904419799801,992),(1879,'of by to prevailing they',57.0719797997735,745),(1880,'* by to rotating',138.559753989801,593),(1881,'by ever known',183.494887937792,189),(1882,'mass a are After by * denser than',149.83255646145,955),(1883,'of and by sticky',4.16461287625134,364),(1884,'After the a collapse atmospheric 55 inward',201.168089869432,437),(1885,'of concentrations 89 these during 123 capture become are a #',71.6591744404286,205),(1886,'an collision)',183.408225848805,975),(1887,'than form a increasing disk their by concentrations',41.7723561581224,97),(1888,'is not at drawing ever-larger concentrations planetesimals',238.935362688266,735),(1889,'123 at prevailing collapse by means how A rate it core,',16.4135586190969,934),(1890,'form moon,',96.1202931287698,1003),(1891,'capture sticky they A to their larger process The',196.55584734818,856),(1892,'A drawing process it * the as means form, a at reaches g',10.6957756071351,482),(1893,'the known',240.373649970628,425),(1894,'accumulate',193.406157898717,256),(1895,'in of',196.183094926644,552),(1896,'Through process surrounded ^ inward',114.236449476797,963),(1897,'theory a drag. material material planets',79.5595914591104,518),(1898,'of collapse accretion larger particles not protoplanetary',220.232265057974,1000),(1899,'accelerate',248.837622706778,433),(1900,'form mass atmospheric planetesimals rate atmosphere,',191.550655555446,812),(1901,'gravitational',3.20041035721079,893),(1902,'it # core, mass drawing formed',76.4961388893425,231),(1903,'to thin ever-larger of accretion',188.701778911054,110),(1904,'of theory atmosphere, of these',153.071496572346,359),(1905,'means dust. mass concentrations',95.3324195803143,113),(1906,'surrounded a planet material accretion drag. by it',18.7949786791578,412),(1907,'by a core, nebula is during',195.079194359947,101),(1908,'collapse concentrations',86.3966642431915,547),(1909,'These disk until of After 123',96.4429104770534,325),(1910,'attraction. material to process to is reaches',201.785055954475,930),(1911,'disk and the gravitational forms their process to disk.',125.467339145485,868),(1912,'form 123 theory of their a',223.078794062138,620),(1913,'atmosphere, material planet',99.4028289606795,851),(1914,'and steadily core, at process of formed known prevailing',98.3928858088329,649),(1915,'inward surrounded not Local collapse',124.526263990439,460),(1916,'55 rate',249.522243788932,847),(1917,'to collision) is collapse',52.4540666779503,513),(1918,'drawing capture core, it form, core,',32.5423797653057,590),(1919,'the to become and form extended disk disk by forms',174.706313503906,103),(1920,'denser with moon, the',207.837095872033,13),(1921,'formed of accretion protoplanetary rate a during',192.347591561731,664),(1922,'denser not is are concentrations by',236.488471633755,913),(1923,'gravity inward inward by drag.',165.429752091877,708),(1924,'increasing planetesimals form protoplanetary of the not atmo',100.348147574347,129),(1925,'accretion inward The',254.130185900722,853),(1926,'an planetesimals certainty',74.830119268503,11),(1927,'forms accretion drawing protoplanets.',181.743246955797,417),(1928,'gravitational gravity',200.281183421146,1003),(1929,'After a the process into certainty',218.885921389796,885),(1930,'not to nebula drawing process by Local and capture',134.999840653501,22),(1931,'of drag. planet the than disk. of how of protostar',179.042419434059,339),(1932,'of the',227.867698151618,181),(1933,'a they moon, are how until by of material denser',190.076154516544,620),(1934,'a attraction. the in formed',78.3752425364219,132),(1935,'55 These',35.93852832634,783),(1936,'how and prevailing is an means the and accumulate',17.2544164387509,342),(1937,'an form as planet the and',216.211870225612,437),(1938,'accumulate planetesimals under extended',209.762249271385,796),(1939,'mass forms by attraction.',58.8348021893762,513),(1940,'disk accretion concentrations These surrounded by pr',184.196613906417,857),(1941,'form a until a additional formed until the dust forms',34.0779552292079,510),(1942,'forms collapse certainty atmosphere, increasing',148.133992539719,415),(1943,'inward',241.433240417391,204),(1944,'concentrations form surrounded by bodies. accelerate these',159.446435694583,501),(1945,'during accumulate begins',109.735821496695,912),(1946,'not diameter diameter process by',86.6350099593401,883),(1947,'a a these inward of particles into a concentrations',58.3435043152422,732),(1948,'a of Earth\'s by dust. known collision) ^ nebula',25.6151063703001,595),(1949,'form',45.5671363007277,100),(1950,'form the * concentrations',108.733209863771,325),(1951,'rotating Earth\'s greatly of USD33.12 planet than nebula',49.2771029798314,592),(1952,'inward with of by become planet collapse',214.648503106087,611),(1953,'their of to rotating USD33.12 a of accretion is mass * that',125.678495595697,204),(1954,'Through atmosphere, material planets forms certainty',164.186897031963,909),(1955,'additional moon, * and accumulate of (a of The 89 in drag.',56.7860994697548,932),(1956,'accretion These not # Local The of drawing',108.340933830477,511),(1957,'by planets attraction.',158.617285974324,543),(1958,'protostar disk by are (a to Local the',213.979609918315,511),(1959,'in into by and the protoplanetary a planetesimals rate It US',225.063066456001,413),(1960,'core, to sticky',216.591654627118,567),(1961,'by their and and core, # USD33.12 dust',202.513257854618,60),(1962,'Through mass than accretion',150.312360733282,737),(1963,'Through',160.997740590479,143),(1964,'gravitational to greatly planet',232.96816178225,783),(1965,'and These larger they the a protoplanetary',171.778312033974,364),(1966,'the these',134.217048030812,180),(1967,'and nebula USD33.12 by to atmosphere, material accumulate',189.940954579972,892),(1968,'USD33.12 by * the reaches by gravitational the means',142.647892941721,945),(1969,'of to and moon, dust dust. form accumulate a a they',234.842580616474,234),(1970,'additional by not planetesimals',30.4529592641629,835),(1971,'collapse After core, accelerate',58.4796851901337,937),(1972,'as Earth\'s',252.593591176439,432),(1973,'begins concentrations',122.161404501647,829),(1974,'After of accelerate',225.015508363955,525),(1975,'dust and formed * the concentrations',46.7655290761031,39),(1976,'become forms',91.8290906008333,823),(1977,'with disk The formed. is that during gas reaches',222.155420210212,903),(1978,'extended by protostar at steadily gravity the the by core, p',35.5257285227999,395),(1979,'disk particles a reaches',75.4829649156891,33),(1980,'their rotating It accumulate',76.4789623264223,874),(1981,'become surrounded',203.348103191238,489),(1982,'increasing how the accretion planet a of extended',252.022646220401,229),(1983,'under After their gas planets moon, and gravity',18.8505488024093,155),(1984,'concentrations of formed. by the to planetesimals form rate',176.414960977156,34),(1985,'concentrations',192.546511328314,173),(1986,'collapse and formed means planets gas a begins the thin fo',179.563862872776,18),(1987,'during to collision)',86.9968903292902,631),(1988,'inward they rate rate prevailing and and',124.875138988253,793),(1989,'the',35.9738884116523,420),(1990,'bodies. planet gravitational during mass capture is Earth\'s',9.09064092999324,383),(1991,'protostar in is to These 123 It particles the accumulate',239.210251801647,287),(1992,'and disk a',22.3219899237156,66),(1993,'the of',7.31300493469462,757),(1994,'certainty bodies.',84.6977662453428,232),(1995,'an drawing inward it known',195.847257827409,500),(1996,'mass Local These It USD33.12 a capture protostar protostar',224.474257032387,822),(1997,'particles drawing diameter mass The the are gravity',183.862725022715,70),(1998,'means',18.5721774674021,415),(1999,'at mass',55.7240410940722,575),(2000,'It a 55 123 begins form accelerate formed by form, attrac',32.8844470381737,87),(2001,'disk accelerate',9.66888629784808,639),(2002,'extended mass planetesimals A atmosphere, not Through',230.721638275776,110),(2003,'(a by the known the nebula accretion reaches',56.8470889711753,501),(2004,'atmospheric drag. of the',57.9368994976394,805);
/*!40000 ALTER TABLE `bank_account` ENABLE KEYS */;
UNLOCK TABLES;

--
-- Table structure for table `bank_bank`
--

DROP TABLE IF EXISTS `bank_bank`;
/*!40101 SET @saved_cs_client     = @@character_set_client */;
/*!50503 SET character_set_client = utf8mb4 */;
CREATE TABLE `bank_bank` (
  `id` bigint NOT NULL AUTO_INCREMENT,
  `name` varchar(32) NOT NULL,
  `rate` double NOT NULL,
  PRIMARY KEY (`id`)
) ENGINE=InnoDB AUTO_INCREMENT=1002 DEFAULT CHARSET=utf8mb4 COLLATE=utf8mb4_0900_ai_ci;
/*!40101 SET character_set_client = @saved_cs_client */;

--
-- Dumping data for table `bank_bank`
--

LOCK TABLES `bank_bank` WRITE;
/*!40000 ALTER TABLE `bank_bank` DISABLE KEYS */;
INSERT INTO `bank_bank` VALUES (1,'',0.045),(2,'Jerrold Crawford',109.042584396899),(3,'Annice Kuster',168.513889585622),(4,'Munro Johns',236.665814423934),(5,'Rayner Holtzer',166.903344637714),(6,'Tia Brown',99.002612631768),(7,'Candy Faust',186.904159971513),(8,'Ed Gregory',110.802311925218),(9,'Candice Fuchs',30.8248535199091),(10,'Alvina Yates',155.157743439078),(11,'Berenice Polson',62.4832739653066),(12,'Euphemia Kiefer',49.9418820459396),(13,'Derren Harshman',9.37273843493313),(14,'Julian Sommer',177.211288738996),(15,'King Harper',60.9980920711532),(16,'Sharalyn Yonkie',80.8575998898596),(17,'Kelsie Shaner',195.412939476781),(18,'Aleesha Reade',13.2883133813739),(19,'Cornell Saylor',79.4892980353907),(20,'Cornell Saylor',61.4181216154248),(21,'Chonsie Eva',173.950923106633),(22,'Pearlie Drabble',181.752041395754),(23,'Trix Gronko',165.701555096544),(24,'Debbi Oppenheimer',219.84159068577),(25,'Lexia Baum',57.4793384028599),(26,'Steven Hiles',68.8952622413635),(27,'Jan Mcmichaels',164.368662235327),(28,'Gord Shirey',185.824544118717),(29,'Lis Perkins',140.200673311017),(30,'Munro Johns',206.50673705712),(31,'Barrie Hirleman',14.3737104246393),(32,'Jamison Lacon',69.5458187367767),(33,'Jazmin Milliron',187.12491089385),(34,'Millie Weeter',247.312604911625),(35,'Stew Lane',188.784238879569),(36,'Hillary Drennan',32.5454574171454),(37,'Laz Congdon',136.042185581289),(38,'Debbie Hair',4.29278905317187),(39,'Byrne Giesen',245.762391307391),(40,'Myles Oneal',128.478615341708),(41,'Debbi Oppenheimer',180.370439420454),(42,'Geffrey Siegrist',251.872403159738),(43,'Bethney Hoover',62.3500721575692),(44,'Maureen Coates',159.744466247037),(45,'Shane Llora',232.878078325652),(46,'Briony Barth',240.988157588989),(47,'Carly Bellinger',195.129102871753),(48,'Joby Stange',57.9901086743921),(49,'Ira Nicholas',40.2816283283755),(50,'Rube Blunt',56.0297656282783),(51,'Barret Kellogg',97.7563781337812),(52,'Garrett Rosensteel',26.4894722197205),(53,'Jasmyn Sauter',202.718391827308),(54,'Conor Sherlock',193.656349744648),(55,'Tera Fisher',37.3740221196786),(56,'Tatyanna Eisenman',190.397223783657),(57,'Stew Lane',34.0941038383171),(58,'Claudia Rawls',141.487847834826),(59,'Ricky Elless',105.894544747658),(60,'Tilda Swift',8.87767382152378),(61,'Laz Congdon',137.305588244461),(62,'Melicent Gleper',20.6714194752276),(63,'Joby Stange',136.16099792812),(64,'Melicent Gleper',243.108682593331),(65,'Crystal Tavoularis',42.3384140459821),(66,'Washington Butt',212.322852171958),(67,'Tia Brown',14.9821318136528),(68,'Alexis Blois',114.160566413775),(69,'Barrie Hirleman',51.2395516103134),(70,'Charity Larson',237.842967610806),(71,'Bambi Sandys',139.042551049031),(72,'Jaydon Johnson',64.7500039022416),(73,'Milford James',177.965028922074),(74,'Dawn Roche',195.109027907252),(75,'Jamison Lacon',235.687871021219),(76,'Spencer Zaun',218.868942232802),(77,'Dexter Fields',247.102587833069),(78,'Zacharias Sandblom',178.541141856462),(79,'Jillie Greene',104.584874109365),(80,'Babs Ritter',127.288503384218),(81,'Savanna Swink',135.469340312295),(82,'Savanna Swink',223.043671183288),(83,'Kathleen Parrish',248.256665934809),(84,'Frankie Seidner',52.9378903899342),(85,'Katelynn Briggs',156.584424695931),(86,'Fran Keister',9.82163679227233),(87,'Alexis Blois',105.492831611075),(88,'Kalysta Eisenhart',240.158293588087),(89,'Celestine Bastion',64.0166619373485),(90,'Lawanda Rice',112.072125017643),(91,'Albert Henry',237.634591993876),(92,'Chyna Kight',199.831796871498),(93,'Candy Faust',229.607211857103),(94,'Holly Finlay',208.550693873316),(95,'Ally Cable',85.7349599311128),(96,'Faithe Clewett',42.3852839376777),(97,'Perlie Pritchard',170.567229392938),(98,'Headley Adams',107.012779302895),(99,'Columbine Weldi',188.593896512873),(100,'Collin Welty',48.6693445388228),(101,'Peg Johann',13.4505208497867),(102,'Melicent Gleper',21.530101429671),(103,'Millicent Guest',225.668467321433),(104,'Manfred Barrett',2.71218073181808),(105,'Brayden Pirl',69.0012001497671),(106,'Kathleen Parrish',103.682070806622),(107,'Joni Auman',250.857998681255),(108,'Ivor Albright',64.3485131282359),(109,'Eden Gist',41.8763450821862),(110,'Washington Butt',243.622194666415),(111,'London Davis',37.1642339089885),(112,'Jamaar Agg',133.723487144336),(113,'Misty Harrold',161.243653553538),(114,'Ramsey Sadley',141.019483171403),(115,'Damian Fye',88.2264895634726),(116,'Hyacintha Murray',247.671579251066),(117,'Jemmy Oppie',168.254099837504),(118,'Ralph Downing',153.874855663627),(119,'Lexia Baum',252.731811695732),(120,'Roselyn Tilton',229.97050322406),(121,'Mordikai Waldron',224.389590824954),(122,'Lawanda Rice',131.212546914816),(123,'Arlette Sutton',5.70013209898025),(124,'Derren Harshman',119.470116393641),(125,'Mason Moulton',184.685622273944),(126,'Gia Isemann',39.646513376385),(127,'Eleanora Lear',142.644424558617),(128,'Vere Fisher',106.096325894818),(129,'Munro Johns',29.8289350597188),(130,'Euphemia Kiefer',97.8218394294381),(131,'Zillah Wylie',44.6058611022308),(132,'Sarah Taylor',228.729994917288),(133,'Esta Fulton',187.130171424709),(134,'Zak Hallauer',164.731143634766),(135,'Steven Hiles',166.063968249597),(136,'Julian Sommer',88.9608489554375),(137,'Hardy Beail',216.371531228535),(138,'Hudson Quirin',159.905984982848),(139,'Sherri Emrick',93.7217832626775),(140,'Brayden Pirl',104.716382058337),(141,'Washington Butt',178.529428198002),(142,'Audie Hatherly',245.48326914385),(143,'Osmund Cressman',50.1660103956237),(144,'Phyllis Linton',239.765763079748),(145,'Clement Haverrman',115.372146177106),(146,'Lawrie Isaman',8.14665471762419),(147,'Aline Tomey',254.402177144773),(148,'Chesley Mull',19.0987419281155),(149,'Mckenna Mccune',179.932495377026),(150,'Giffard Sholl',196.942959483713),(151,'Clint Ashbaugh',171.264790498652),(152,'Montague Garratt',84.1795558165759),(153,'Abby Vinsant',147.855468626134),(154,'Vi Clarke',158.973566651344),(155,'Cherette Alington',189.702493187971),(156,'Jennie Busk',208.075835512951),(157,'Rosalind Prechtl',87.620897619985),(158,'Cymone Atkinson',116.960831109434),(159,'Charity Larson',141.938219935633),(160,'Eireen Jackson',120.462511589751),(161,'Steven Hiles',157.641109171323),(162,'Eugene Carbaugh',160.689485676587),(163,'Sharon Robertson',251.504353706725),(164,'Brendon Gaskins',94.500720674172),(165,'Phyllis Linton',38.233581460081),(166,'Malcolm Greif',16.3230473510921),(167,'Russ Moonshower',192.152881958522),(168,'Mordikai Waldron',25.5917116981),(169,'Mercia Mingle',30.4686002833769),(170,'Eden Gist',101.595223560929),(171,'Everett Myers',67.640552890487),(172,'Rowena Cross',50.0057521481067),(173,'Lawrie Isaman',11.8919153055176),(174,'Luanne Driggers',56.8763184137642),(175,'Gethsemane Wilks',10.3890316942707),(176,'Hailee Cypret',163.386034315452),(177,'Reynold Rhinehart',59.1223963079974),(178,'Jazmin Milliron',86.1146389469504),(179,'Brooke Fea',177.020056803711),(180,'Faithe Clewett',109.127581546083),(181,'Milford James',197.324689439498),(182,'Debbie Hair',27.6529013775289),(183,'London Davis',124.765596144833),(184,'Garrett Rosensteel',44.6311544906348),(185,'Shantelle Adcock',38.5568734658882),(186,'Nick Shotts',218.919637352228),(187,'Rachelle Garry',108.753003385849),(188,'Jazmine Philbrick',207.432157354429),(189,'Kalysta Eisenhart',86.993116020225),(190,'Shelagh Agnes',90.9956001974642),(191,'Parker Hindman',236.165174187161),(192,'Frannie Edwards',89.2045441474766),(193,'Floella Read',139.021329852752),(194,'Damian Fye',81.0551711693406),(195,'Karen Cavalet',17.2757024513558),(196,'Hortensia Zundel',165.639724934474),(197,'Eugene Carbaugh',112.215829080902),(198,'Evan Butler',4.68276570364833),(199,'Willis Schaeffer',91.3590365732089),(200,'Will Simpson',86.2004720848054),(201,'Flo Akers',1.18498543929309),(202,'Phyllis Linton',238.064239665866),(203,'Abby Vinsant',31.4756356896833),(204,'Robbie Thompson',181.749826522544),(205,'Mordikai Waldron',230.293884529732),(206,'Chase Kadel',122.053295601159),(207,'Den Cox',102.132125929929),(208,'Trix Gronko',194.055003976449),(209,'Collin Welty',117.261982071213),(210,'Terra Pittman',192.112888984382),(211,'Sydne Dennis',111.816456665285),(212,'Vere Fisher',53.1663012299687),(213,'Haywood Fowler',35.6357601499185),(214,'Parker Hindman',106.131634470075),(215,'Tessa Bridger',186.408056759275),(216,'Deonne Powell',162.671002371237),(217,'Debbie Hair',164.136383469217),(218,'Carlene Buzzard',144.115212142467),(219,'Lloyd Foster',161.462990817614),(220,'Austin Sullivan',176.822285043076),(221,'Wilmer Watkins',140.882355599664),(222,'Jenessa Cady',183.752773765475),(223,'Honor Priebe',133.374115438201),(224,'Gia Isemann',79.5431266929954),(225,'Hillary Drennan',130.487175229006),(226,'Biddy Pinney',215.8583490327),(227,'Annice Kuster',137.406235461123),(228,'Ian Millard',9.30521082319319),(229,'Jarod Hanseu',2.03199241217226),(230,'Angelia Courtney',113.687251817435),(231,'Zed Roby',222.606260218658),(232,'Hebe Raub',99.8828332405537),(233,'Africa Mench',173.913264821284),(234,'Perlie Pritchard',180.127486422658),(235,'Debbie Hair',161.588359785266),(236,'Katelyn Batten',82.9818083066493),(237,'Barret Kellogg',61.5654139956459),(238,'Jerrold Crawford',186.766153831035),(239,'Giffard Sholl',65.1941212275997),(240,'Elsie Stafford',176.74337518774),(241,'Franklyn Queer',224.058481591754),(242,'Latanya Jyllian',206.830857954919),(243,'Yasmin Steiner',124.027704854496),(244,'Everett Myers',212.123104104772),(245,'Terra Pittman',81.5707856332883),(246,'Jessi Lowry',194.006111886352),(247,'Haywood Fowler',238.86600046698),(248,'Antwan Marjorie',45.1448025833815),(249,'Hyacintha Murray',93.7365767611191),(250,'Osmund Cressman',85.1247441470623),(251,'Malandra Coldsmith',47.9437836082652),(252,'Godric Kunkle',239.02942170389),(253,'Kirk Stocker',16.8686944833025),(254,'Juniper Pennington',172.734304938465),(255,'Richard Bagley',113.113871813752),(256,'Sidney Powers',222.198962351307),(257,'Mickey Metzer',98.0562234250829),(258,'Elicia Boyer',223.538472391665),(259,'Myra Toke',200.882280861028),(260,'Annabella Mcmullen',18.1553814653307),(261,'Tranter Fylbrigg',126.137149578892),(262,'Alvina Yates',136.713458817452),(263,'Sanford Bowman',246.318381019868),(264,'Eugene Carbaugh',213.234498290345),(265,'Lesly Aft',149.546016554348),(266,'Hebe Raub',110.099416956306),(267,'London Davis',189.840053302236),(268,'Oprah Wickes',162.234900625423),(269,'Rexana Greenawalt',67.0365818282589),(270,'Maurice Zadovsky',60.2668462283909),(271,'Xylia Fleming',210.873845712282),(272,'Lotus Crissman',19.9218510743231),(273,'Idony Lazzo',123.279472994618),(274,'Iris Riggle',74.457998983562),(275,'Euphemia Kiefer',88.3901294963434),(276,'Wolf Campbell',248.406193295494),(277,'Kurtis Wheeler',23.3348440146074),(278,'Gabby Geddinge',116.40328675136),(279,'Lysette Mortland',228.313255392946),(280,'Noelene Stoddard',124.398258252069),(281,'Trix Gronko',222.000031466596),(282,'Earl Mang',2.01268649101257),(283,'Arleen Tireman',39.8067098828033),(284,'Neville Sheets',72.3367704618722),(285,'Wilkie Chappel',54.0322107961401),(286,'Mason Moulton',152.942146841437),(287,'Porsche Beals',10.4332714388147),(288,'Lawrie Isaman',203.392754247412),(289,'Washington Butt',71.2460525659844),(290,'Harmon Pullman',80.0349943712354),(291,'Africa Mench',114.190166776069),(292,'Ibbie Patton',140.348439985886),(293,'Millie Weeter',204.48637870606),(294,'Reynard Knight',184.6383398287),(295,'Mellony Prescott',140.41922710184),(296,'Ed Gregory',128.351170359179),(297,'Dalia Stiffey',100.475818763487),(298,'Betsy Coveney',19.7944843918085),(299,'Wilkie Chappel',165.592044365592),(300,'Giffard Sholl',129.542306603864),(301,'Briony Barth',109.537466152571),(302,'Wilkie Chappel',123.307325918227),(303,'Laurinda Huston',151.970127508976),(304,'Deniece Braham',203.561134761199),(305,'Topaz Hardy',130.192534404807),(306,'Nivek Holdsworth',56.6837651953101),(307,'Alvina Yates',197.140058715828),(308,'Moreen Newman',141.923771927133),(309,'Xzavier Endsley',120.633013418876),(310,'Ibbie Patton',15.9501121900976),(311,'Hopkin Hil',164.423649662174),(312,'Imogen Leichter',134.2770725023),(313,'Josslyn Day',245.069325710647),(314,'Regena Wilson',172.343492299318),(315,'Gavin Dunlap',218.163097766228),(316,'Mort Mcintosh',180.527534442022),(317,'Berenice Polson',146.952982663177),(318,'Raphaela Rifler',28.8782525993884),(319,'Ibbie Patton',231.881142438389),(320,'Katelyn Batten',26.8452055063099),(321,'Faithe Clewett',143.07424077671),(322,'Daisy Hook',78.7873680964112),(323,'Pattie Dugmore',101.316221331246),(324,'Zachery Beedell',133.54258950986),(325,'Wilmer Watkins',20.5347579186782),(326,'Angelia Courtney',177.838847976178),(327,'Tracee Tue',200.332626589574),(328,'Brayden Pirl',118.828552572057),(329,'Dick Dimsdale',8.59524957370013),(330,'Jenessa Cady',218.527141854167),(331,'Hallam White',201.705661100335),(332,'Mellony Prescott',12.437229366973),(333,'Leo Nabholz',115.398145093583),(334,'Violet Beard',58.1395460255444),(335,'Tessa Bridger',72.7817947426811),(336,'Ryana Smith',1.13192937336862),(337,'Joby Stange',115.56524394732),(338,'Sherri Emrick',224.697609715164),(339,'Kay Drumm',198.013820637949),(340,'Jonathon Tomlinson',190.084043124691),(341,'Adrianna Losey',188.670371971093),(342,'Biddy Pinney',98.7735413275659),(343,'Rowena Cross',120.371011399664),(344,'Marlin Mcindoe',126.126948459074),(345,'Clay Archibald',176.587037618272),(346,'Karen Cavalet',175.18161469698),(347,'Dee Wiggins',219.624275383539),(348,'Cicely Black',114.884916769341),(349,'Brooke Fea',253.711088209413),(350,'Belle Cason',22.5445753373206),(351,'Christabel Bennett',231.506312937476),(352,'Wilkie Chappel',13.7770192530006),(353,'Brandi Schuth',216.05836618226),(354,'Scarlet Swarner',68.7350466921926),(355,'Trix Gronko',195.746772651561),(356,'Halle Shaffer',72.8960331622511),(357,'Dolly Lafortune',183.237365341745),(358,'Ravenna Porter',100.191936384886),(359,'Eldred Echard',22.9824076080695),(360,'Shonda Mckee',13.7623480539769),(361,'Giffard Sholl',173.296887109987),(362,'Jan Mcmichaels',63.1118424683809),(363,'Dalia Stiffey',220.542231631465),(364,'Bettina Pierce',155.95287203975),(365,'Africa Mench',74.4486967762932),(366,'Iris Riggle',118.515459675342),(367,'Wilkie Chappel',221.107675538398),(368,'Deb Jenkins',19.6049380358309),(369,'Byrne Giesen',13.6651797471568),(370,'Kerr Fischer',205.188985668123),(371,'Jerrold Crawford',156.247743387707),(372,'Narcissa Children',245.795210013166),(373,'Percy Whitehead',106.15199779626),(374,'Wilkie Chappel',126.500527288765),(375,'Carla Thorley',232.829168730415),(376,'Alexis Blois',214.793589247391),(377,'Crystal Tavoularis',93.6957453144714),(378,'Aleta Wade',161.091506808996),(379,'Mellony Prescott',252.301570859738),(380,'Delmar Goodman',252.192120568827),(381,'Ivor Albright',141.886605559848),(382,'Adrianna Losey',165.443068180233),(383,'Lis Perkins',34.8576110610738),(384,'Gracie Wallick',40.9088986124843),(385,'Sidney Powers',2.21600690763444),(386,'Lolicia Neely',216.317483283579),(387,'Sherri Emrick',240.468148862012),(388,'Juniper Pennington',97.0669740680605),(389,'Eleanore Beach',95.0492791002616),(390,'Debbi Oppenheimer',253.074558179826),(391,'Munro Johns',30.7923982823268),(392,'Sharon Robertson',213.74825992994),(393,'Hudson Quirin',195.473309497349),(394,'Cherokee Carpenter',243.86303935945),(395,'Amabel Kelley',207.963084083982),(396,'Hailey Nash',206.622437747195),(397,'Hudson Quirin',40.0191993257031),(398,'Jasmyn Sauter',113.68701999262),(399,'Zachariah Schuck',146.246598021127),(400,'Lesly Aft',167.450863873586),(401,'Wolf Campbell',76.2599199293181),(402,'Regena Wilson',196.347346179187),(403,'Rachelle Garry',200.578155090101),(404,'Sabrina Wible',225.465475717559),(405,'Kurtis Wheeler',69.2829690193757),(406,'Sydne Dennis',178.258023198694),(407,'Tristand Diegel',193.971949779429),(408,'Julian Sommer',70.6226979922503),(409,'Bambi Sandys',137.038026924245),(410,'Alphonzo Caesar',90.1376217603683),(411,'Sharon Robertson',79.8063123198226),(412,'Dee Wiggins',16.7323489654809),(413,'Philis Lester',150.559612839483),(414,'Cyrus Logue',44.5756842531264),(415,'Levi Minnie',238.983864934184),(416,'Karen Cavalet',48.461546709761),(417,'Hyacintha Murray',39.0647410778329),(418,'Betsy Coveney',243.474130995572),(419,'Alvar Brindle',141.9666780876),(420,'Kyleigh Braun',154.213615352288),(421,'Anderson Hutton',237.925577319227),(422,'Tennyson Stroble',239.363666485995),(423,'Flossie Cowher',201.686426737346),(424,'Maurene Littlefield',166.881991324946),(425,'Kerr Fischer',247.517094860785),(426,'Zachariah Schuck',244.595185652375),(427,'Mort Mcintosh',213.329546582885),(428,'Jillie Greene',128.479129614308),(429,'Brooke Fea',128.939730866812),(430,'Flip Chapman',170.406180102378),(431,'Jazmine Philbrick',222.997390315868),(432,'Edward Anderson',162.640410011634),(433,'Josslyn Day',110.617042618804),(434,'Patricia Townsend',205.862144373357),(435,'Katrina Keilbach',15.2413838701323),(436,'Mason Moulton',109.003043362871),(437,'Annalisa Moon',83.7683637654409),(438,'Wolf Campbell',142.672982182354),(439,'Africa Mench',13.4731826717034),(440,'Flo Akers',189.459977818653),(441,'Lallie Heckendora',2.75646057259291),(442,'Lawrie Isaman',239.884412676096),(443,'Dick Dimsdale',37.2498278887942),(444,'Rachelle Garry',166.288805084303),(445,'William Howard',174.310188173316),(446,'Luanne Driggers',72.444376681),(447,'Donnie Appleby',234.433902681805),(448,'Hortensia Zundel',40.1556666698307),(449,'Stew Lane',165.622146817856),(450,'Carla Thorley',189.644442953169),(451,'Derren Harshman',124.228688453324),(452,'Topaz Hardy',1.99416013993323),(453,'Orrell Handyside',141.321338123642),(454,'Jonathon Tomlinson',233.436214428395),(455,'Lydia Treeby',69.0883210981265),(456,'Barret Kellogg',146.759245363995),(457,'Cherokee Carpenter',57.3208213252947),(458,'Lawanda Rice',120.622734472156),(459,'Edward Anderson',95.5029472531751),(460,'Maureen Coates',203.05615076609),(461,'Maegan Candles',13.5403695246205),(462,'Laurena Gottwine',224.924893129617),(463,'Cicely Black',127.65888054762),(464,'Tye Haines',40.6442795749754),(465,'Isabel Rahl',241.504125940613),(466,'Susanna Fuhrer',50.9228333756328),(467,'Cymone Atkinson',109.9737578528),(468,'Conrad Eiford',193.8161160741),(469,'Arlette Sutton',218.813260159455),(470,'Lis Perkins',225.872357364744),(471,'Ibbie Patton',18.50669553224),(472,'Tallulah Compton',114.651131851599),(473,'Moreen Newman',212.493624384515),(474,'Tyreek Philips',189.396332681179),(475,'Lloyd Foster',15.2434456916526),(476,'Michaela Sayre',252.144692050293),(477,'Deborah Ann',171.218409686349),(478,'Hilda Flanders',217.051098588854),(479,'Zak Hallauer',237.256552428938),(480,'Elsa Reddish',83.2119616176933),(481,'Judah Kava',30.4058022527024),(482,'Rodger Knapp',157.767872281373),(483,'Kalysta Eisenhart',220.740508084185),(484,'Deonne Powell',223.566811555997),(485,'Shantel Sell',160.191639638506),(486,'Annice Kuster',219.169155132025),(487,'Destinee Surrency',245.921909489669),(488,'Columbine Weldi',236.475725172088),(489,'Sloane Hunt',178.277067015879),(490,'Sanford Bowman',244.760138943791),(491,'Carla Thorley',30.8446142198518),(492,'Flo Akers',13.3867043275386),(493,'Philis Lester',191.651193424128),(494,'Alec Close',22.9951121993363),(495,'Beaumont Burkett',108.029896841384),(496,'Hyacintha Murray',154.433175688609),(497,'Myra Toke',149.188748019747),(498,'Tilly Wilkinson',120.218866311014),(499,'Holly Finlay',42.0116051631048),(500,'Raphaela Rifler',78.8128969762474),(501,'Neville Sheets',99.1227363264188),(502,'Gosse Altman',189.483101870865),(503,'Joel Sloan',91.7463164860383),(504,'Tallulah Compton',215.041863216087),(505,'Nancy Ramsey',81.3920964850113),(506,'Lysette Mortland',89.2378349006176),(507,'Shelagh Agnes',221.898493853398),(508,'Antony Romanoff',143.083212988451),(509,'Zachariah Schuck',162.864355503581),(510,'Acacia Wortman',1.89780310168862),(511,'Harmon Pullman',19.0006423005834),(512,'Milford James',54.3511346783489),(513,'Tyreek Philips',107.433285507374),(514,'Imogen Leichter',60.2838721051812),(515,'Carlisa Bickerson',20.4884651051834),(516,'Jamaar Agg',195.589772725478),(517,'Bryanna Werry',204.991559988819),(518,'Rachelle Garry',243.939441721886),(519,'Cherette Alington',138.611020036973),(520,'Esmeralda Osterweis',74.6271338742226),(521,'Kyleigh Braun',211.278410057537),(522,'Tami Curry',37.3218521922827),(523,'Sanford Bowman',5.21587560791522),(524,'Derren Harshman',222.003993423656),(525,'Keaton Grant',208.602280690335),(526,'Montague Garratt',135.868790436536),(527,'Ira Nicholas',221.40926732216),(528,'Sylvester Conrad',158.477801477537),(529,'Joachim Chase',85.4384869812056),(530,'Rhonda Pery',103.9396963045),(531,'Arlette Sutton',194.091253926046),(532,'Terra Pittman',188.401589194313),(533,'Freeman Rhodes',174.901870391332),(534,'Chance Hall',112.632168825716),(535,'Regan Kooser',179.365873658098),(536,'Dorinda Toyley',160.977875037119),(537,'Caleigh Overstreet',4.09445499908179),(538,'Heron Osteen',153.473372459412),(539,'Damian Fye',166.826300499029),(540,'Dexter Fields',25.3875710237771),(541,'Sydne Dennis',234.328103750013),(542,'Beaumont Burkett',29.9864433445036),(543,'Floella Read',176.71500042174),(544,'Emmet Earl',147.793888976797),(545,'Will Simpson',172.222174706869),(546,'Lovell Baird',127.131895549595),(547,'Lovell Baird',191.958887641318),(548,'Munro Johns',120.221246773377),(549,'Josslyn Day',249.676177299581),(550,'Carly Bellinger',164.624027322978),(551,'Josslyn Day',233.079480865039),(552,'Abby Vinsant',125.309174595401),(553,'Halle Shaffer',74.7174285752699),(554,'Casey Omara',252.122327342629),(555,'Darin Kalp',67.9780595423654),(556,'Hailee Cypret',30.9412211794406),(557,'Eddy Kemerer',181.223709448241),(558,'Terra Pittman',182.297880966216),(559,'Pattie Dugmore',80.5958201149479),(560,'Millie Weeter',24.7488600667566),(561,'Donnie Appleby',111.520920949988),(562,'Oprah Wickes',9.77477648109198),(563,'Emmet Earl',250.449032266624),(564,'Gord Shirey',248.490395853296),(565,'Latanya Jyllian',197.855740479194),(566,'Annice Kuster',137.946511354297),(567,'Bambi Sandys',37.03919517342),(568,'Dannie Tomco',194.304870439693),(569,'Morgana Mayers',184.743278051727),(570,'Elicia Boyer',151.667398482561),(571,'Charity Larson',185.138193753548),(572,'Stew Lane',148.840969281271),(573,'Shane Llora',26.1897325506434),(574,'Lagina Wardle',205.818972442299),(575,'Tucker Rowe',100.948454917409),(576,'Clement Haverrman',113.260927638039),(577,'Maximilian Haile',63.7900479761884),(578,'Chonsie Eva',143.751395739615),(579,'Osmund Cressman',197.13810381759),(580,'Heath Hawker',9.11943682469428),(581,'Eden Gist',77.7005696957931),(582,'Thomas Mens',155.5998650603),(583,'Porsche Beals',62.7511200988665),(584,'Bambi Sandys',154.117550460622),(585,'Nivek Holdsworth',4.48670069407672),(586,'Delmar Goodman',182.476017519832),(587,'Haywood Fowler',77.9924941482022),(588,'Valerie Osterwise',229.731590719894),(589,'Joi Frankenberger',35.8455578228459),(590,'Crystal Tavoularis',98.534336913377),(591,'Paden Poley',123.888383344747),(592,'Jan Mcmichaels',42.7170545812696),(593,'Nick Shotts',98.2036280510947),(594,'Christabel Bennett',162.913559965789),(595,'Kennedy Thomlinson',212.821268309839),(596,'Daisy Hook',48.4875200781971),(597,'Deniece Braham',237.189424715005),(598,'Idony Lazzo',217.553082581609),(599,'Isabel Rahl',245.940109157003),(600,'Clark Laborde',112.368552548811),(601,'Isabel Rahl',128.981143767945),(602,'Lagina Wardle',170.884366095066),(603,'Hardy Beail',167.445501741953),(604,'Petula Rosenstiehl',64.726610885933),(605,'Alphonzo Caesar',4.52932003047317),(606,'Malcolm Greif',243.397343520075),(607,'Lagina Wardle',7.74983391258866),(608,'Latanya Jyllian',17.9729537870735),(609,'Fulk Willey',192.654483440332),(610,'Clare Whiteman',213.08182580024),(611,'Josslyn Day',69.5124417589977),(612,'Cornell Saylor',191.442546004429),(613,'Tallulah Compton',44.0198153024539),(614,'Archie Elinor',200.743908058852),(615,'Laurinda Huston',240.549765863456),(616,'Lis Perkins',244.147964594886),(617,'Conor Sherlock',45.9788045389578),(618,'Audley Bard',201.197375848889),(619,'Milford James',211.620507550426),(620,'Horace Arthur',147.408305170014),(621,'Alec Close',16.2979039391503),(622,'Harmon Pullman',138.330111403018),(623,'Hortensia Zundel',91.0857851365581),(624,'Barret Kellogg',57.3530881460756),(625,'Rexana Greenawalt',233.754186409526),(626,'Sam Gertraht',190.045499883592),(627,'Ivor Albright',146.444290180691),(628,'Nancy Ramsey',203.301164994016),(629,'Jaylee Joghs',171.608001223765),(630,'Tilda Swift',113.078835632652),(631,'Collin Welty',180.742443733849),(632,'Shantelle Adcock',30.0146244894713),(633,'Lydia Treeby',167.950630272739),(634,'Patricia Townsend',107.688728421926),(635,'Sunshine Reichard',67.8595525892451),(636,'Zillah Wylie',149.827698962763),(637,'Steven Hiles',190.926944314502),(638,'Myra Toke',174.223509702832),(639,'Sherri Emrick',176.667965532281),(640,'Willa Hooker',246.650670548901),(641,'Lloyd Foster',16.8330592243001),(642,'Wolf Campbell',247.562638856471),(643,'Den Cox',160.068229590543),(644,'Alfred Zalack',43.8487774375826),(645,'Audie Hatherly',59.088992244564),(646,'Sal Warren',93.4331094436348),(647,'Tatyanna Eisenman',172.899246283807),(648,'Tami Curry',33.9961201231927),(649,'Narcissa Children',54.086318234913),(650,'Rayner Holtzer',236.600855454803),(651,'Mickey Metzer',200.723427874036),(652,'Josslyn Day',192.504567654803),(653,'Sharalyn Yonkie',175.910825922154),(654,'Josiah Nickolson',110.93715756014),(655,'Allen Hamilton',39.4868536153808),(656,'Mike Brinigh',231.127663886175),(657,'Misty Harrold',7.94017415028065),(658,'Mckenna Mccune',35.3600493595004),(659,'Tallulah Compton',180.054426004179),(660,'Headley Adams',121.339533725753),(661,'Lis Perkins',197.316548130475),(662,'Fulk Willey',157.650723632425),(663,'Sunshine Reichard',41.6200270289555),(664,'Charity Larson',125.588789386675),(665,'Percy Whitehead',188.294315691106),(666,'Lawrie Isaman',176.144938588142),(667,'Scottie Stone',157.991674420424),(668,'Valorie Wynne',82.4274366367608),(669,'Alfred Zalack',162.46268352773),(670,'Jan Mcmichaels',93.2994241155684),(671,'Mellony Prescott',188.751677901484),(672,'Buddy Loewentsein',231.514781048521),(673,'Destinee Surrency',73.8433534530923),(674,'Carly Bellinger',223.133288033307),(675,'Iona Lombardi',121.291795437224),(676,'Alfred Zalack',22.4963342491537),(677,'Robbie Thompson',96.8631786471233),(678,'Nancy Ramsey',198.544422339648),(679,'Tera Fisher',91.7233894849196),(680,'Joshua Canham',241.757720170543),(681,'Hank Ashmore',201.201819906943),(682,'Philis Lester',26.5009094625711),(683,'Dannie Tomco',94.6625832440332),(684,'Dana Faast',75.0535812992603),(685,'Elicia Boyer',123.514401896857),(686,'Stu Camp',143.107428509742),(687,'Aspen Pearson',89.8904169062152),(688,'Malcolm Greif',28.0114849265665),(689,'Shonda Mckee',244.02916939836),(690,'Spencer Zaun',214.546661518514),(691,'Ally Cable',251.888003905304),(692,'Archie Elinor',36.5108293984085),(693,'Delmar Goodman',66.0201435601339),(694,'Sharon Robertson',239.895699705929),(695,'Emmet Earl',92.2466871673241),(696,'Eleanore Beach',132.936750365421),(697,'Lawanda Rice',140.154778148048),(698,'Brook Trovato',145.817449718714),(699,'Otis Reamer',10.9531953604892),(700,'Cornell Saylor',112.309027032927),(701,'Heron Osteen',67.7166157951578),(702,'Rowena Cross',159.127039883286),(703,'Byrne Giesen',196.549799145199),(704,'Alphonzo Caesar',230.285988410935),(705,'Gord Shirey',202.702944251709),(706,'Joi Frankenberger',179.233226455748),(707,'Susanna Fuhrer',177.169467424043),(708,'Lolicia Neely',139.043419564143),(709,'Esmeralda Osterweis',194.797452635132),(710,'Ian Millard',182.454799871892),(711,'Alfred Zalack',38.4460235917941),(712,'Eden Gist',125.028467861935),(713,'Luke Laurenzi',215.217887680046),(714,'Maurene Littlefield',134.211990997195),(715,'Headley Adams',6.2993017854169),(716,'Paden Poley',76.5885492283851),(717,'Tessa Bridger',39.4387099882588),(718,'Alfred Zalack',171.092877376825),(719,'Earl Mang',172.595303134061),(720,'Latanya Jyllian',245.475254392251),(721,'Zillah Wylie',50.7887502787635),(722,'Tia Brown',36.7947894856334),(723,'Earl Mang',109.681352009065),(724,'Orrell Handyside',246.223255136982),(725,'Deniece Braham',100.923865637742),(726,'Renae Weingarten',57.9407169781625),(727,'Kay Drumm',151.796252273954),(728,'Narcissa Children',103.404210550711),(729,'Candy Faust',37.1745957685634),(730,'Lewis Ling',103.770714938641),(731,'Ed Gregory',25.3554435344413),(732,'Lloyd Foster',44.7556732762605),(733,'Clay Archibald',118.768819241785),(734,'Vi Clarke',85.7083101309836),(735,'Lawrie Isaman',162.111157388426),(736,'Willa Hooker',56.1849957611412),(737,'Dusty Eisenmann',51.9294097451493),(738,'Celestine Bastion',218.801907248795),(739,'Lewis Ling',107.187573675998),(740,'Imogen Leichter',214.64823650755),(741,'Beckah Stroh',199.84689233359),(742,'Xzavier Endsley',29.0411951653659),(743,'Valorie Wynne',117.99097672943),(744,'Dina Warner',20.9040663223714),(745,'Angelia Courtney',141.527099679224),(746,'Garrett Rosensteel',170.548553183675),(747,'Keegan Bauerle',111.994911623187),(748,'Keeley Pycroft',34.1426745671779),(749,'Jasmyn Sauter',167.51382832136),(750,'Phil Rohtin',194.645457286388),(751,'Maurene Littlefield',27.4003404239193),(752,'Gosse Altman',220.489675408229),(753,'Archie Elinor',124.486494916491),(754,'Jillie Greene',144.793886385858),(755,'Earl Mang',72.6707984404638),(756,'Morgan Agg',95.3850140664727),(757,'Nickolas Blatenberger',180.732792488299),(758,'Primula Bender',135.412728574127),(759,'Tallulah Compton',102.942550473846),(760,'Belle Cason',151.836873067543),(761,'Mattie Sybilla',210.496346677654),(762,'Kennedy Thomlinson',200.569187372923),(763,'Idony Lazzo',155.30974706728),(764,'Dexter Fields',2.55057849176228),(765,'Regena Wilson',83.1993719926104),(766,'Eleanore Beach',158.545187983662),(767,'Millicent Guest',110.984580756165),(768,'Hopkin Hil',93.9325062241405),(769,'Katie Mcclymonds',95.5403280584142),(770,'Hillary Drennan',254.278783537447),(771,'Sherri Emrick',8.33244231808931),(772,'Huffie Catleay',133.968988204375),(773,'Sharalyn Yonkie',22.4665758674964),(774,'Lisanne Howe',39.6805613450706),(775,'Lisanne Howe',244.782077022828),(776,'Ramsey Sadley',75.9802186768502),(777,'Katrina Keilbach',89.0220340294763),(778,'Alaina Bashline',63.8250491470098),(779,'Diggory Holts',143.610740882345),(780,'Gracie Wallick',102.249160440639),(781,'Aleesha Reade',53.0698350211605),(782,'Candy Faust',23.0171213634312),(783,'Ira Nicholas',219.604356900789),(784,'Chesley Mull',115.5254510995),(785,'Debbie Hair',208.889981436543),(786,'Lallie Heckendora',228.733405344188),(787,'Trix Gronko',15.592671324499),(788,'Jessi Lowry',8.40430931188166),(789,'Alec Close',247.652002236806),(790,'Maurene Littlefield',43.4386876188219),(791,'Tera Fisher',145.859409892),(792,'Giffard Sholl',202.580441040918),(793,'Maximilian Haile',38.7626090003178),(794,'Petula Rosenstiehl',142.277320146561),(795,'Horace Arthur',164.427434084006),(796,'Joel Sloan',171.976945804432),(797,'Sloan Carter',46.0883521726355),(798,'Josslyn Day',218.639626566321),(799,'Eden Gist',132.218897373416),(800,'Carlie Wise',29.7492229249328),(801,'Zacharias Sandblom',109.053277316503),(802,'Sibyl Iseman',7.60330844670534),(803,'Collin Welty',41.0904014753178),(804,'Nivek Holdsworth',99.1638777796179),(805,'Lawanda Rice',144.611581361853),(806,'Regan Kooser',71.2498515360057),(807,'Chyna Kight',142.743152596988),(808,'Gosse Altman',246.352628050372),(809,'Derrick Snyder',230.095268855803),(810,'Alaina Bashline',59.8559320122004),(811,'Gracie Wallick',150.508117687888),(812,'Clement Haverrman',244.941209973767),(813,'Sherri Emrick',66.9368082126602),(814,'Idonea Wynter',36.9598227329552),(815,'Carlie Wise',108.00618068967),(816,'Euphemia Kiefer',156.553284591064),(817,'Wren Hozier',111.266787963919),(818,'Gaenor Hall',42.3027994856238),(819,'Headley Adams',130.683298786171),(820,'Tarquin Widaman',219.189343998209),(821,'Parker Hindman',53.3865730082616),(822,'King Harper',178.645547237247),(823,'Harmon Pullman',36.2206586534157),(824,'Pattie Dugmore',243.480617595837),(825,'Tilda Swift',234.115960861556),(826,'Dana Faast',206.459566384554),(827,'Misty Harrold',133.819832709618),(828,'Tylar Levett',40.8179783392698),(829,'Frannie Edwards',156.01583790686),(830,'Keaton Grant',170.49357900396),(831,'Jonathon Tomlinson',124.362935365178),(832,'Carlene Buzzard',121.355848988518),(833,'Morgana Mayers',185.485835644417),(834,'Flossie Cowher',26.2149351015687),(835,'Hailey Nash',175.447779272683),(836,'Patricia Townsend',121.891108358279),(837,'Joni Auman',95.736986941658),(838,'Destinee Surrency',44.1260188631713),(839,'Betsy Coveney',107.298031576909),(840,'Sylvester Conrad',43.6169975679368),(841,'Kerr Fischer',38.6393822832033),(842,'Abby Vinsant',213.955654904246),(843,'Xzavier Endsley',245.548370164819),(844,'Cyrus Logue',235.752026291564),(845,'Josslyn Day',135.444826020859),(846,'Darrell Baughman',172.72551451996),(847,'Jenessa Cady',130.904639915563),(848,'Jaylee Joghs',125.043879007921),(849,'Yasmin Steiner',210.38449262362),(850,'Elaine Patterson',164.691521935165),(851,'Arthur Butterfill',165.679008950479),(852,'Valerie Osterwise',9.14832125045359),(853,'Peg Johann',175.141582927667),(854,'Shantel Sell',239.160260554403),(855,'Honor Priebe',101.200124883093),(856,'Maurice Zadovsky',71.8831058572978),(857,'Hyacintha Murray',48.1989803863689),(858,'Cyrus Logue',226.180379211903),(859,'Will Simpson',208.098271069117),(860,'Honor Priebe',176.356879221275),(861,'Hardy Beail',117.061907320283),(862,'Kelsie Shaner',236.10899842158),(863,'Norris Koepple',49.4655228564516),(864,'Mckenna Mccune',181.973087539896),(865,'Zachariah Schuck',227.355581167154),(866,'Tia Brown',159.053116627038),(867,'Isabel Rahl',190.890903835185),(868,'Carlyn Martin',23.3088830653578),(869,'Caleigh Overstreet',230.797870731913),(870,'Africa Mench',196.186016451567),(871,'Annabella Mcmullen',243.370542087592),(872,'Godric Kunkle',58.8690303545445),(873,'Betsy Coveney',68.0469524366781),(874,'Stu Camp',136.938670948148),(875,'Horace Arthur',97.0928264381364),(876,'Tia Brown',165.714812519029),(877,'Ricky Elless',248.423966570757),(878,'Elsie Stafford',176.066149849445),(879,'Jazmine Philbrick',28.0985627034679),(880,'Joachim Chase',119.96793747507),(881,'Conrad Eiford',186.510673540644),(882,'Bess Baker',222.589025817811),(883,'Lewis Ling',185.816129942425),(884,'Tranter Fylbrigg',247.189444193617),(885,'Carly Bellinger',237.622110120021),(886,'Candice Fuchs',240.609780695289),(887,'Earl Mang',223.471636706032),(888,'Reynard Knight',56.633608950302),(889,'Jarod Hanseu',66.1542456997559),(890,'Derren Harshman',98.0042117536068),(891,'Cymone Atkinson',87.3740772875026),(892,'Aleta Wade',193.376851575449),(893,'Horace Arthur',204.806638537906),(894,'Wilkie Chappel',192.98783794418),(895,'Kerr Fischer',187.075487972237),(896,'Dana Faast',88.3216417040676),(897,'Ibbie Patton',200.680092009716),(898,'Tranter Fylbrigg',64.5573061481118),(899,'Mellony Prescott',184.406103287823),(900,'Sarah Taylor',196.075405025855),(901,'Carlisa Bickerson',206.249310857616),(902,'Ed Gregory',66.806797426194),(903,'Will Simpson',211.384512254037),(904,'Carlyn Martin',184.704429535195),(905,'Percy Whitehead',173.210557441227),(906,'Raphaela Rifler',11.1194332689047),(907,'Dorinda Toyley',199.00281463284),(908,'Alaina Bashline',189.362771781161),(909,'Patricia Townsend',205.204307987355),(910,'Nick Shotts',110.23368184641),(911,'Gethsemane Wilks',110.886777178384),(912,'Juniper Pennington',49.7961631175131),(913,'Sabrina Wible',37.4129088399932),(914,'Newt Dean',160.184764258564),(915,'Sylvester Conrad',65.8309898870066),(916,'Gord Shirey',87.7209159526974),(917,'Earl Mang',183.033232710324),(918,'Diggory Holts',8.12106078490615),(919,'Katrina Keilbach',95.2090222472325),(920,'Bethney Hoover',122.077829999849),(921,'Juniper Pennington',174.624334926717),(922,'Brayden Pirl',35.9955171346664),(923,'Maegan Candles',43.258579489775),(924,'Briony Barth',24.1610985267907),(925,'Bettina Pierce',250.330109684728),(926,'Jacqui Fillmore',136.13205069676),(927,'Stew Lane',118.241658837534),(928,'King Harper',34.6222146060318),(929,'Shelagh Agnes',134.976946297102),(930,'Violet Beard',226.666956789792),(931,'Kurtis Wheeler',62.4797057555988),(932,'Xylia Fleming',80.3488773647696),(933,'Kay Drumm',250.046385443769),(934,'Kerr Fischer',20.865314912051),(935,'Aline Tomey',243.263770201243),(936,'Ralph Downing',123.218898234889),(937,'Mckenna Mccune',18.5227754218504),(938,'Betsy Coveney',82.3123949915171),(939,'Hailee Cypret',92.6396628739312),(940,'Jennie Busk',16.729107202962),(941,'Margie Straub',122.615928395651),(942,'Porsche Beals',101.980063635856),(943,'Margie Straub',246.068111465313),(944,'Tresha Robinson',140.499259060249),(945,'Esmeralda Osterweis',78.3587766466662),(946,'Geffrey Siegrist',239.168190382421),(947,'Belle Cason',251.959916909225),(948,'Arthur Butterfill',18.6509396526963),(949,'Phil Rohtin',17.0800288235769),(950,'Gethsemane Wilks',192.321053948253),(951,'Africa Mench',234.086109631695),(952,'Perlie Pritchard',2.06147213093936),(953,'Grahame Ream',69.7518261922523),(954,'Ricky Elless',63.7187484800816),(955,'Morgana Mayers',156.863105800934),(956,'Drew Ewing',172.4928232003),(957,'Frannie Edwards',148.212398885749),(958,'Valerie Osterwise',224.043589804322),(959,'Reynard Knight',249.512863577344),(960,'Millie Weeter',24.5955093707889),(961,'Flip Chapman',123.263722154312),(962,'Sarah Taylor',176.821521677077),(963,'Tonya Pratt',49.0980393635109),(964,'Yasmin Steiner',195.787503207102),(965,'Kyleigh Braun',145.644172615372),(966,'Laurena Gottwine',232.738522034138),(967,'Mellony Prescott',126.432144054212),(968,'Audie Hatherly',148.008139578626),(969,'Daisy Hook',93.8761845035479),(970,'Jazmine Philbrick',151.832009240985),(971,'Savanna Swink',144.864699286409),(972,'Kenton Hincken',183.347021909431),(973,'Aline Tomey',180.988905920647),(974,'Zed Roby',87.5572483427823),(975,'Angelia Courtney',109.941393689252),(976,'Franklin James',173.547928428277),(977,'Garland Sanforth',180.115855085663),(978,'Jillian Scott',22.728757314384),(979,'Lisanne Howe',237.939239134081),(980,'Anderson Hutton',83.3877184186131),(981,'Iona Lombardi',62.9675765847787),(982,'Richard Bagley',237.336713310331),(983,'Pattie Dugmore',205.276726984419),(984,'Cyndi Warren',1.9302384685725),(985,'Alphonzo Caesar',19.1792976213619),(986,'Lewis Ling',14.2383589148521),(987,'Candy Faust',64.79898434598),(988,'Gethsemane Wilks',189.655228720978),(989,'Everett Myers',110.53358426597),(990,'Luanne Driggers',170.724408391863),(991,'Millicent Guest',34.9379303166643),(992,'Shelagh Agnes',125.462229123339),(993,'Chyna Kight',68.0579977063462),(994,'Maryvonne Throckmorton',17.9604539349675),(995,'Phil Rohtin',177.74743223656),(996,'Joel Sloan',109.549485677853),(997,'Millicent Guest',247.997750497423),(998,'Flip Chapman',178.303371917456),(999,'Lagina Wardle',219.813461937942),(1000,'Brayden Pirl',88.1678566914052),(1001,'Alvina Yates',190.66336281132);
/*!40000 ALTER TABLE `bank_bank` ENABLE KEYS */;
UNLOCK TABLES;

--
-- Table structure for table `bank_consumptiontype_list`
--

DROP TABLE IF EXISTS `bank_consumptiontype_list`;
/*!40101 SET @saved_cs_client     = @@character_set_client */;
/*!50503 SET character_set_client = utf8mb4 */;
CREATE TABLE `bank_consumptiontype_list` (
  `CoTypeId` int NOT NULL,
  `Type` varchar(20) NOT NULL,
  PRIMARY KEY (`CoTypeId`)
) ENGINE=InnoDB DEFAULT CHARSET=utf8mb4 COLLATE=utf8mb4_0900_ai_ci;
/*!40101 SET character_set_client = @saved_cs_client */;

--
-- Dumping data for table `bank_consumptiontype_list`
--

LOCK TABLES `bank_consumptiontype_list` WRITE;
/*!40000 ALTER TABLE `bank_consumptiontype_list` DISABLE KEYS */;
INSERT INTO `bank_consumptiontype_list` VALUES (0,''),(1,''),(2,''),(3,''),(4,''),(5,''),(6,'');
/*!40000 ALTER TABLE `bank_consumptiontype_list` ENABLE KEYS */;
UNLOCK TABLES;

--
-- Table structure for table `bank_credit_card`
--

DROP TABLE IF EXISTS `bank_credit_card`;
/*!40101 SET @saved_cs_client     = @@character_set_client */;
/*!50503 SET character_set_client = utf8mb4 */;
CREATE TABLE `bank_credit_card` (
  `id` bigint NOT NULL AUTO_INCREMENT,
  `limit_remain` double NOT NULL,
  `creditcard_account_id` bigint NOT NULL,
  PRIMARY KEY (`id`),
  KEY `bank_credit_card_creditcard_account_i_b4b9283d_fk_bank_acco` (`creditcard_account_id`),
  CONSTRAINT `bank_credit_card_creditcard_account_i_b4b9283d_fk_bank_acco` FOREIGN KEY (`creditcard_account_id`) REFERENCES `bank_account` (`id`)
) ENGINE=InnoDB AUTO_INCREMENT=1005 DEFAULT CHARSET=utf8mb4 COLLATE=utf8mb4_0900_ai_ci;
/*!40101 SET character_set_client = @saved_cs_client */;

--
-- Dumping data for table `bank_credit_card`
--

LOCK TABLES `bank_credit_card` WRITE;
/*!40000 ALTER TABLE `bank_credit_card` DISABLE KEYS */;
INSERT INTO `bank_credit_card` VALUES (1,2000,1),(2,2000,2),(3,50000,3),(4,10000,4),(5,26.6922585521825,1687),(6,192.164851629641,1563),(7,45.9976476975717,1277),(8,235.395683932584,389),(9,3.02260947646573,1757),(10,177.162646037992,907),(11,109.49616543809,494),(12,92.6531907389872,1526),(13,64.1524869729765,570),(14,156.417891861405,1715),(15,35.6631462895311,392),(16,37.9267186778598,2002),(17,251.793976765592,1583),(18,28.7405446968041,1757),(19,190.942792674992,1679),(20,103.204140826594,39),(21,213.714218289126,890),(22,36.0669029145502,978),(23,153.687876353506,564),(24,207.93756366102,445),(25,118.036185939331,1773),(26,252.979138908442,156),(27,176.148019670043,889),(28,132.750358305406,1431),(29,249.914470322896,811),(30,155.599830345716,197),(31,58.8329768055119,1948),(32,80.5191917824559,127),(33,52.5860595074482,1218),(34,47.8614914170466,1480),(35,9.25091502675787,290),(36,46.831058263313,1936),(37,168.796120271552,1877),(38,27.1511040865444,98),(39,183.021695936564,1680),(40,31.8153103175573,1608),(41,116.59877935471,966),(42,45.3296493417583,1353),(43,177.365156723652,886),(44,77.3506901632063,1452),(45,235.532904707361,1026),(46,49.1266384436749,1787),(47,254.964391412679,775),(48,129.647360916715,1117),(49,29.172886740882,1299),(50,199.909644176718,567),(51,234.204032114241,92),(52,235.203937842976,85),(53,16.0544195775874,1251),(54,156.828832098749,93),(55,109.783530274872,1385),(56,54.1395196053199,190),(57,230.975282300729,314),(58,217.336491791066,466),(59,117.705437927041,414),(60,230.900719515514,1834),(61,202.671120204497,1127),(62,251.081568108406,649),(63,244.638688939158,1861),(64,34.3436967837624,1341),(65,153.866226044018,752),(66,237.179192428943,1206),(67,197.656880265567,204),(68,157.191187768709,580),(69,121.699321285356,1816),(70,118.855213904288,948),(71,88.3515531965531,89),(72,6.86453722743318,1129),(73,46.5243373555131,824),(74,245.465730709489,1018),(75,53.3204746083356,884),(76,155.690729565453,651),(77,67.0861968924291,569),(78,115.891621293034,709),(79,81.0309182130732,791),(80,44.4844200867228,1353),(81,6.07159499498084,1525),(82,249.308075626846,571),(83,45.0579458088614,1662),(84,83.5049662436359,1339),(85,78.0347804729827,1011),(86,71.3291264562868,1778),(87,197.697688529734,768),(88,22.788458887022,259),(89,25.6983370971866,974),(90,197.527180550154,1852),(91,91.9556280956604,109),(92,195.854753516149,76),(93,240.628964849282,1817),(94,224.327549950685,884),(95,249.90987806255,1496),(96,48.7895015287213,1347),(97,42.288261171896,570),(98,155.277983223554,1971),(99,227.449465072248,1380),(100,50.7011814708822,1461),(101,227.458502218593,222),(102,128.693196707871,1365),(103,187.387610102538,1998),(104,127.553130287211,372),(105,238.043424103875,275),(106,224.674405766185,1614),(107,138.95000971714,1635),(108,207.370574570727,1360),(109,107.244004153181,1845),(110,97.5038560344838,534),(111,145.638117315713,1692),(112,82.8226618128829,172),(113,72.1092421528883,1081),(114,211.41435467219,1629),(115,231.467424383853,1209),(116,115.179491653573,1277),(117,138.461941600312,1356),(118,107.733801612165,674),(119,239.580741743091,1467),(120,239.644147131126,284),(121,106.199490953702,822),(122,53.4047208107077,1536),(123,151.236480800901,793),(124,66.0597259323113,853),(125,54.9696448822506,488),(126,228.878791497555,950),(127,103.171934800688,102),(128,74.9913716423325,1731),(129,20.2213055160828,275),(130,249.38637942588,1197),(131,103.3415600718,1968),(132,99.1833049948327,599),(133,129.630303696264,1413),(134,35.5810681222938,1942),(135,207.030257279519,141),(136,170.390855121892,1561),(137,183.900180224795,843),(138,1.55919013684615,1285),(139,137.341652675066,807),(140,175.587490804028,216),(141,205.937967114616,1248),(142,52.254358293023,199),(143,128.0613793456,1845),(144,100.546851720195,254),(145,180.404968839604,1541),(146,184.206996937748,1254),(147,194.895358464215,481),(148,98.799779697787,458),(149,253.642543584574,374),(150,149.708873191383,295),(151,121.083080539946,2000),(152,131.966349962633,356),(153,123.972884495277,1954),(154,216.322628197726,362),(155,157.385886667762,594),(156,197.462902389001,1946),(157,162.374800928403,1716),(158,227.776308374014,1039),(159,150.450249778572,145),(160,127.584072749596,390),(161,199.534499701578,1794),(162,14.2328966609202,961),(163,147.546055889223,554),(164,229.959823965561,284),(165,43.2713663433678,1232),(166,135.934843772557,1158),(167,191.679885352496,675),(168,229.387477356475,1628),(169,202.338746343274,1831),(170,166.223599446472,446),(171,69.083294107113,1173),(172,67.0387438903563,471),(173,22.5997264017351,1689),(174,101.934143693652,603),(175,25.0760949277319,1892),(176,17.04175543366,492),(177,93.5779156801291,1760),(178,75.1645180485211,279),(179,162.304638674948,1029),(180,120.438096001279,1654),(181,35.3832270507701,1064),(182,144.42035681894,623),(183,45.3550955452956,1295),(184,206.514833006542,624),(185,48.01265834691,325),(186,165.134418336209,1136),(187,35.7417363212444,1905),(188,247.511548511218,1460),(189,127.026073612738,569),(190,247.561116205063,1427),(191,39.2702136212029,643),(192,30.702370475512,1849),(193,247.596984353382,353),(194,24.0460505536757,1243),(195,237.775843149517,246),(196,179.853004008066,1657),(197,246.938330784906,924),(198,27.6705392836593,1546),(199,249.236884946469,990),(200,208.05276261596,289),(201,167.103263084311,257),(202,102.271149320062,1059),(203,18.262824638281,990),(204,205.921599454712,1401),(205,42.1609226395376,1249),(206,177.834227861371,1651),(207,150.95765468711,1726),(208,69.1921385782771,1283),(209,145.747223299462,634),(210,109.265433629509,88),(211,170.158155641053,1591),(212,75.6667061890475,801),(213,174.9906326239,334),(214,102.534268119838,597),(215,25.0471773841418,802),(216,17.5493618878536,751),(217,164.812953133602,1032),(218,204.193606851157,904),(219,29.1419203863479,1527),(220,191.152929923963,71),(221,84.6051035602577,804),(222,124.274230615702,1747),(223,242.657216953579,242),(224,179.98103044508,1461),(225,149.277900096495,1027),(226,154.554356729146,781),(227,61.2438124776818,758),(228,3.18511074734852,810),(229,66.6878376458772,682),(230,134.204170280602,1579),(231,43.1016466864385,1578),(232,73.3964765253477,544),(233,15.437871072907,75),(234,18.8053553826176,1567),(235,132.46813489357,686),(236,217.933323122095,1213),(237,51.0531964530237,232),(238,20.7456264211796,1765),(239,121.481449248735,1573),(240,49.3827667790465,1286),(241,226.532032322604,517),(242,66.9882593057118,1482),(243,64.4187999875285,56),(244,177.557875886094,1290),(245,157.271400928963,518),(246,98.2166227190755,1004),(247,136.309716681484,1465),(248,198.829702231567,930),(249,62.3679094803519,618),(250,193.35370936757,779),(251,189.924329488073,1225),(252,66.8343122522347,164),(253,234.293531395961,1231),(254,11.4566672309302,190),(255,27.1366504007019,1954),(256,18.5548182833008,242),(257,206.946387555916,440),(258,90.9863308123313,912),(259,130.662854498718,832),(260,71.7784098084085,1443),(261,162.076527551282,553),(262,180.451752388384,1349),(263,62.1745611974038,1035),(264,109.928384709638,1353),(265,2.08671093406156,650),(266,188.429733259138,304),(267,114.78711549798,630),(268,46.2711805175059,1562),(269,153.208188467193,798),(270,196.959354998078,89),(271,123.922869237605,1856),(272,67.4984056609683,815),(273,35.0514833745547,740),(274,46.3115107021295,967),(275,8.54946233937517,1255),(276,194.683870717417,417),(277,38.5321725909598,1887),(278,15.1334362416528,561),(279,10.7931040623225,1195),(280,177.615619662683,918),(281,154.171668012161,1121),(282,55.9682415104471,216),(283,125.926854251418,1958),(284,230.502961121034,1709),(285,76.7729977448471,1272),(286,126.149441675749,1326),(287,246.733904587571,889),(288,69.0584996151738,1409),(289,24.4715873566456,1471),(290,90.0704884282313,2),(291,6.24585983762518,1700),(292,58.9551668162458,1021),(293,240.161041126121,1760),(294,208.829301232006,1519),(295,96.8560191043653,265),(296,157.65825279383,156),(297,191.293923292775,1585),(298,185.247798574623,123),(299,239.807657076512,538),(300,205.632437265944,1077),(301,8.05753930704668,1161),(302,66.2664292170666,667),(303,155.057305278722,1713),(304,42.9238208490424,498),(305,95.9247170803137,1326),(306,208.713703443762,1388),(307,229.513033321593,748),(308,213.116956308018,1198),(309,192.57958823489,502),(310,54.4507243125699,37),(311,105.647730151657,1870),(312,206.666879806202,1060),(313,155.218369354028,980),(314,32.8907189047895,683),(315,16.4873853013851,583),(316,85.6061421553604,1946),(317,192.225143231917,1428),(318,240.893569575157,240),(319,40.9743701391853,484),(320,155.626840065699,1789),(321,31.222640123684,47),(322,218.035345201846,368),(323,73.7057191194035,1009),(324,209.53764739586,1457),(325,71.4980189953931,1656),(326,71.2528324364685,1178),(327,1.04641103232279,295),(328,120.095846402925,1821),(329,202.803648774046,1627),(330,154.863066954073,82),(331,83.6176502541639,1904),(332,4.21435899240896,1482),(333,100.532889597584,380),(334,67.9578647031449,1866),(335,21.160147997085,85),(336,212.543777968269,65),(337,235.270874064881,1289),(338,17.1733531556092,136),(339,1.77240355918184,237),(340,128.429398282897,999),(341,40.7202884857543,1098),(342,226.834502556827,248),(343,179.523985574488,139),(344,94.2432482871227,1525),(345,98.0021541309543,855),(346,174.474657175597,1263),(347,104.443813262973,1784),(348,115.091120980214,196),(349,208.331608482171,1597),(350,191.730066554155,707),(351,136.883437680546,586),(352,165.894605259877,1336),(353,212.068686482031,1603),(354,96.6094167581759,544),(355,20.2553229690529,1008),(356,69.8481171722524,526),(357,252.144101784099,1516),(358,191.13836162677,1275),(359,200.146127606276,960),(360,218.250931161921,90),(361,227.860028002877,1087),(362,52.3790540224873,200),(363,47.8049856559373,1607),(364,83.7142113219015,1683),(365,217.065879963804,698),(366,196.824677081313,493),(367,100.006788017694,864),(368,114.743042643648,1988),(369,88.7090949532576,1909),(370,14.1689754626714,81),(371,187.290463677142,1262),(372,153.693462267052,555),(373,83.7609139685519,1858),(374,98.4507865994237,1567),(375,54.5722609558143,1737),(376,220.104490730446,989),(377,78.5171629679389,626),(378,86.5735719478689,1539),(379,188.134028761182,342),(380,103.405163220596,819),(381,70.2740341206081,1818),(382,132.199948237743,368),(383,54.9864978366531,739),(384,50.9965608227067,625),(385,107.378867056686,1717),(386,173.021218722221,1919),(387,104.607562011573,1096),(388,11.7088417704217,1117),(389,171.655930117238,255),(390,39.4019044279121,1416),(391,167.055559451226,254),(392,228.633272695821,1027),(393,13.2072016042657,439),(394,150.399275404867,64),(395,89.4575539068319,1466),(396,133.329259879421,717),(397,207.588151030708,384),(398,3.15788197657093,1286),(399,70.8726159655489,812),(400,113.406380500179,1337),(401,117.358520370442,1851),(402,43.6790859899484,1346),(403,187.530104300473,1797),(404,57.4814138854854,204),(405,124.008105308283,1273),(406,60.9655920653604,1922),(407,124.442946920637,1818),(408,11.5103727611713,424),(409,2.25753648998216,1719),(410,200.540978846606,1287),(411,129.395922421012,1103),(412,152.495534501504,135),(413,40.734060772229,1166),(414,25.3442302509211,1564),(415,141.308941232506,1350),(416,79.567472379189,1367),(417,83.0223224726506,40),(418,195.99926671898,547),(419,140.975326871965,1991),(420,216.442086815368,1656),(421,45.0901446198113,1226),(422,166.459476464894,1428),(423,200.175097192172,318),(424,245.252636629622,1601),(425,131.089310203213,657),(426,23.0272467262112,668),(427,229.163245631848,500),(428,159.756770289969,1619),(429,239.531343423296,1699),(430,116.748495013919,169),(431,184.53302246565,1105),(432,127.918557162862,1069),(433,83.8382909414358,1067),(434,13.1822003624402,847),(435,229.454216054175,1054),(436,179.865518763196,1400),(437,27.2685031299479,78),(438,61.5449345796369,1970),(439,84.2864340939559,719),(440,229.220660004299,1551),(441,92.217415322084,1464),(442,249.230393496808,408),(443,107.567384867463,333),(444,173.80950044794,614),(445,191.893329062033,908),(446,151.703928218689,661),(447,43.3761584931053,42),(448,75.7421055543236,1897),(449,60.3681933549233,875),(450,231.772076373454,483),(451,7.07150817522779,532),(452,166.870117932092,968),(453,151.003385916818,587),(454,170.227093362715,60),(455,153.405131454114,1606),(456,171.618788588326,1270),(457,201.250494424719,508),(458,69.8664836115204,262),(459,43.0099514559843,78),(460,233.194008178543,451),(461,35.827097766567,641),(462,214.887531818356,1978),(463,247.263398142997,1388),(464,141.164338256698,1181),(465,68.2675472912379,1611),(466,147.656834205147,1187),(467,95.5256895632483,1536),(468,162.418042525183,976),(469,230.848748058546,439),(470,110.854829767253,1697),(471,200.753113100771,425),(472,173.495118084829,1827),(473,126.890940089244,99),(474,28.9953315234743,903),(475,111.486306725536,1048),(476,142.294326684903,704),(477,151.433479615022,1701),(478,93.3200577660464,1644),(479,234.213540243451,226),(480,181.155225973111,84),(481,24.2856203285046,1979),(482,156.068163310643,1919),(483,152.108996546362,1601),(484,171.315200745594,1813),(485,69.4522946332581,730),(486,220.120770746376,1205),(487,198.146052862052,545),(488,228.741494196933,872),(489,160.934894893784,90),(490,246.020501685794,1837),(491,186.585562004242,633),(492,233.338239170145,1736),(493,144.907054685522,1977),(494,38.3660080148838,622),(495,128.83913362259,1997),(496,199.528489406686,1863),(497,214.265430044848,1270),(498,227.581503143068,535),(499,139.707415452693,1578),(500,218.211250796448,1487),(501,219.555480719078,1551),(502,29.0612932532094,744),(503,41.9933745660819,968),(504,224.093512627762,346),(505,202.272251416463,474),(506,161.689308551606,1179),(507,193.490578620229,1839),(508,96.397278837394,1399),(509,118.536153056193,476),(510,3.73363451799378,1570),(511,234.346477108542,1994),(512,92.94159926055,1365),(513,23.1437440183945,949),(514,162.116043155547,997),(515,72.8006826103665,305),(516,93.5996008808725,1320),(517,205.993511394132,1582),(518,41.0565242408775,4),(519,61.298252040986,935),(520,193.130519080441,1391),(521,10.8866522354074,820),(522,62.0928165740333,575),(523,108.977967901621,347),(524,103.386728889775,1744),(525,162.70285480516,768),(526,153.474939228501,1229),(527,16.5356195294298,345),(528,158.895776237827,1876),(529,220.951079827268,742),(530,96.9347228012048,716),(531,17.4622843475081,1454),(532,115.817409201991,875),(533,49.6953417365439,1582),(534,207.830340662505,433),(535,1.65760911488906,155),(536,62.2756092580967,1534),(537,223.855489928741,1611),(538,62.6658402062021,937),(539,215.418091176543,97),(540,138.065622530412,1961),(541,101.882990010548,184),(542,99.985674099531,1797),(543,135.800359713379,297),(544,79.7359910416417,131),(545,168.811705049593,945),(546,252.644231533166,319),(547,91.3594569922425,1580),(548,115.045583962928,959),(549,13.6836768244393,1135),(550,183.450369471218,740),(551,41.2621196159162,1327),(552,158.795628863852,100),(553,69.3499070745893,1349),(554,108.186943901237,115),(555,84.775059773121,745),(556,104.036742962431,410),(557,2.64613875048235,1818),(558,174.005341084208,1182),(559,161.128246488515,921),(560,192.65096437512,686),(561,104.943637263495,452),(562,171.195008804556,334),(563,209.753186872695,1060),(564,195.308783366811,1279),(565,95.0749717359431,1838),(566,86.3279876201414,1351),(567,28.8962073721923,450),(568,194.801173600834,532),(569,160.634796251077,548),(570,226.778442112263,901),(571,102.606735019479,998),(572,178.746623388957,453),(573,173.655631103087,385),(574,154.617192135658,682),(575,94.1005786829628,1813),(576,219.673166941386,1575),(577,128.6586440471,1573),(578,239.8812440685,1194),(579,85.4982103169896,1222),(580,226.475415616762,1340),(581,25.0794315491803,1406),(582,245.218322062399,880),(583,245.938046211842,958),(584,29.2465891721658,1791),(585,210.06880003633,379),(586,21.9063992924057,1139),(587,198.064728243742,1757),(588,51.4855470131151,1933),(589,149.668547146488,1649),(590,31.2482292070054,1459),(591,114.892405124847,671),(592,29.6788194435649,336),(593,200.362242978532,646),(594,167.340876778122,1487),(595,245.043013653252,212),(596,98.2576389159076,1463),(597,31.0010113422759,1681),(598,183.220249751117,980),(599,136.359559962992,1605),(600,175.929971280973,1489),(601,45.104311008472,970),(602,196.380629894789,1341),(603,97.8944007740356,1259),(604,193.38754703803,191),(605,215.53571695881,413),(606,3.66920425137505,1753),(607,74.2725246422924,1430),(608,146.387892584782,1139),(609,141.553701635916,193),(610,253.555596386548,1244),(611,250.429833209608,2000),(612,228.211361467373,908),(613,74.2374161933549,810),(614,141.77639763942,1411),(615,84.7264224537648,1022),(616,25.4931656303816,480),(617,116.287471745629,551),(618,12.3546983725391,1565),(619,88.4348639384843,264),(620,79.4304066668265,1345),(621,136.201720618177,396),(622,227.994619221892,738),(623,1.6034860634245,818),(624,224.364107068162,1080),(625,142.826037597377,729),(626,119.850842346903,1624),(627,223.294655314181,770),(628,37.736241474282,804),(629,104.280101180542,710),(630,64.6731426804327,1271),(631,146.198057512287,1554),(632,131.421767923515,794),(633,227.258174825925,1645),(634,85.3259191787802,1225),(635,253.618979065213,718),(636,220.43565910263,1454),(637,172.704888202716,978),(638,54.6827260716818,280),(639,104.841588216368,1283),(640,65.0149335968308,124),(641,1.86601844104007,1259),(642,232.895804112311,1682),(643,82.867216295097,1920),(644,238.075687139761,830),(645,58.714271381963,302),(646,106.04061182728,1223),(647,46.5276389666833,1878),(648,178.0451238635,800),(649,42.7500628274865,81),(650,98.1353567666374,1958),(651,220.973357482348,1133),(652,131.068587548565,1205),(653,66.17729979055,58),(654,60.5355267538689,345),(655,8.53687992924824,1224),(656,124.591592873912,1788),(657,139.45416174503,1725),(658,126.703421135899,157),(659,53.9710024804808,651),(660,36.3168566669337,1124),(661,117.218881875742,333),(662,122.352682033088,71),(663,198.062090645079,860),(664,250.53632915346,841),(665,104.590528328437,465),(666,70.9678255892359,997),(667,177.618360518012,1670),(668,107.838225207757,1573),(669,53.8447854598053,1336),(670,16.6987732215784,1241),(671,23.8331600301899,253),(672,244.189055602532,1011),(673,75.4647350874729,774),(674,180.63038287079,644),(675,159.023250198457,1730),(676,183.390658258926,259),(677,193.566637740005,1802),(678,180.426980250981,312),(679,175.742086375598,838),(680,72.91222949652,653),(681,53.7007139069028,1020),(682,107.351890099701,1097),(683,108.268099500332,1648),(684,213.097355283331,1843),(685,107.026925288606,836),(686,158.661967427935,1296),(687,132.467977347318,1258),(688,157.746042485815,197),(689,206.865756046493,1488),(690,95.3771287701093,827),(691,218.034945777152,1565),(692,180.071750118863,2004),(693,189.623994052876,1022),(694,49.4248834340833,196),(695,241.102049986366,938),(696,24.0334205958061,240),(697,154.095512141008,318),(698,140.159864751156,1684),(699,49.2304357574321,1205),(700,21.0425109784119,1616),(701,185.137049355078,1050),(702,170.258361326065,247),(703,240.772630708758,596),(704,254.045024226885,736),(705,29.7189922002144,365),(706,162.987848286983,1971),(707,102.610825544689,789),(708,54.9785404498689,126),(709,249.35115589248,326),(710,216.851518535521,1142),(711,72.2701553055085,771),(712,121.604248154443,1377),(713,22.8835656088777,1840),(714,185.607813996729,672),(715,88.4069806174375,944),(716,141.713975496124,1660),(717,235.682237737346,1870),(718,199.664956869092,1267),(719,179.672168942634,179),(720,52.7122215288691,660),(721,171.179961126763,1391),(722,250.850480874535,1497),(723,243.949375829194,454),(724,110.573187455069,1727),(725,250.802078336943,777),(726,110.555762508418,1073),(727,33.9683261611499,1940),(728,22.172807875555,777),(729,154.267266888637,1506),(730,89.2555522895418,1406),(731,111.293095408473,1884),(732,188.995782039594,970),(733,194.263320513535,583),(734,97.4025060101412,666),(735,212.685390877072,677),(736,236.217605094891,1123),(737,103.497930404264,539),(738,55.6967159858905,426),(739,108.842832958791,1671),(740,161.161599337589,1765),(741,60.1244664643891,956),(742,130.730242305901,906),(743,161.512236381415,1972),(744,37.1309454622678,148),(745,141.542758558411,1504),(746,34.0066440827213,1077),(747,54.9778914586641,16),(748,50.6157138119452,908),(749,238.57487776177,120),(750,178.335510702338,1344),(751,19.924845340196,509),(752,109.874895628076,1999),(753,176.015917610843,481),(754,119.601993074175,561),(755,231.677183261607,455),(756,40.8934343005531,91),(757,39.5597753529437,1558),(758,125.911334881093,533),(759,160.81130979443,1591),(760,116.714256617706,49),(761,201.099933196325,849),(762,32.108403829392,1997),(763,162.144230096135,82),(764,142.145304016303,1573),(765,26.4052395601757,487),(766,205.672222898807,634),(767,222.096831160132,1197),(768,141.841563831549,843),(769,91.1706903246231,812),(770,51.9855015925132,576),(771,182.432163065765,1156),(772,111.762100547086,564),(773,31.4432100807317,417),(774,154.979167187121,1684),(775,170.368720228318,1028),(776,104.002087044995,372),(777,156.422433380503,767),(778,179.151895982679,1344),(779,219.068722649012,1637),(780,136.999835855793,269),(781,219.636485986877,1389),(782,152.964644552674,610),(783,94.5013971650042,1172),(784,185.118830408435,1704),(785,174.492766123731,1769),(786,53.6101809940301,1683),(787,90.681258699391,633),(788,247.604756280314,1621),(789,120.203725725878,1312),(790,233.157616177108,1345),(791,253.281391511206,836),(792,242.91753244726,1965),(793,200.087651689071,1539),(794,146.071934995707,838),(795,63.6217304454185,79),(796,236.43834253354,1293),(797,198.24444712,1012),(798,204.108527617063,1910),(799,107.032342182938,868),(800,239.55166606186,1884),(801,104.60641258629,1289),(802,154.582720731851,1621),(803,137.59170649061,606),(804,88.1023097033612,1185),(805,124.364027366508,767),(806,78.0143088041805,1243),(807,143.239997471217,1968),(808,162.227438527625,1489),(809,131.766730700154,1893),(810,195.147085321601,1982),(811,93.2673648134805,1514),(812,153.563607252669,1091),(813,92.298703037668,1047),(814,245.3433740451,1009),(815,146.177215042058,202),(816,197.828791494947,1478),(817,183.229647290427,450),(818,214.3535602591,355),(819,47.9244927675463,263),(820,54.7794190193526,1331),(821,104.540570080746,512),(822,125.460622021463,1893),(823,6.52896193647757,1416),(824,145.542400989216,432),(825,120.224562991876,535),(826,163.999661413487,34),(827,249.063487081323,1438),(828,129.322163216304,782),(829,19.9625838180073,1805),(830,119.252435789909,1440),(831,23.0173145704903,1319),(832,99.4826774108224,117),(833,65.1742378142662,558),(834,175.716889028903,1878),(835,106.034353858326,188),(836,81.0044924314134,538),(837,109.443558946718,15),(838,5.75168278208002,1029),(839,188.026458735112,1334),(840,115.316765535157,627),(841,195.319791142363,1021),(842,227.595727724489,1337),(843,15.6617085770704,233),(844,170.504293627571,1465),(845,87.4931695391424,683),(846,132.762714804616,150),(847,235.227689596359,1851),(848,130.889544512611,1817),(849,28.3457017359324,176),(850,64.8106464943849,1043),(851,139.869776091073,1161),(852,119.989688142668,669),(853,175.876949042547,821),(854,67.4863680391572,1464),(855,195.204411695246,618),(856,140.848627868574,1877),(857,248.00480772974,531),(858,136.245098707732,207),(859,199.307390628848,1452),(860,49.7440316895954,1161),(861,135.241290279198,353),(862,41.1449630423449,1996),(863,189.077138947789,1742),(864,117.269363503437,1030),(865,211.743306633551,1464),(866,245.11652210867,605),(867,28.9729957939126,630),(868,144.790914356243,90),(869,74.7384454463609,886),(870,107.607304745819,590),(871,222.128494645003,767),(872,184.279833692592,1149),(873,30.3257553321309,1550),(874,231.601338816341,1699),(875,133.839644564781,192),(876,67.5191606055014,120),(877,245.6515261163,663),(878,64.0136824562214,1874),(879,231.428211452905,1313),(880,30.6858550864272,763),(881,107.460070085246,1562),(882,147.459955324885,1800),(883,212.47999929497,1070),(884,148.307829275262,697),(885,73.0195032362826,1672),(886,133.400869855192,1579),(887,133.45813141251,174),(888,100.595978710335,27),(889,171.422526527662,270),(890,176.661762503441,1166),(891,220.691331712995,801),(892,36.1512135784142,316),(893,235.262207128573,1849),(894,123.32712499937,1969),(895,125.737205939833,431),(896,244.046489964705,75),(897,84.6827596691437,1082),(898,48.0101355961524,79),(899,165.120522922371,430),(900,143.28384110285,1563),(901,171.805327490438,1221),(902,108.497190320399,852),(903,226.44649582589,748),(904,145.626408624928,922),(905,145.528763894457,602),(906,225.767434222158,1134),(907,150.889063401613,1008),(908,41.8054738114588,1466),(909,162.705413394142,1932),(910,97.3872926249169,452),(911,68.0541712366976,1373),(912,7.10248884139582,394),(913,119.691892963368,841),(914,52.280002375599,1530),(915,175.218053004239,1233),(916,162.306108042132,1409),(917,106.274873286951,1145),(918,206.870143094566,847),(919,214.94051171327,1969),(920,214.044219139498,995),(921,49.9718600106426,493),(922,208.603168425616,451),(923,175.053200958762,1057),(924,190.49097450776,1373),(925,74.7069749911316,1688),(926,74.8399372859858,390),(927,179.022906171624,946),(928,240.448822419625,737),(929,49.8617375460453,1944),(930,95.1262451163493,1219),(931,74.6898258686997,831),(932,3.80553829623386,674),(933,107.700845703948,1084),(934,50.8373551308177,1489),(935,245.380852902774,234),(936,93.3662559571676,469),(937,97.1729574543424,1277),(938,38.1975295669399,748),(939,87.3978557125665,915),(940,100.060498870444,1168),(941,6.0864719976671,1440),(942,100.674560935702,529),(943,249.880959572736,1965),(944,233.524211402517,1928),(945,81.6603109952994,606),(946,194.749303271528,1476),(947,1.04682784387842,1707),(948,248.05679006828,1737),(949,141.449699819554,443),(950,235.06020338228,273),(951,134.801943222526,150),(952,225.953114781063,1555),(953,106.646948803682,343),(954,218.922832099255,141),(955,241.730888991151,717),(956,170.210580102634,406),(957,233.757234491874,432),(958,176.224415527191,54),(959,250.45963026816,387),(960,184.611126493197,45),(961,28.6493808892556,1536),(962,198.693366294261,44),(963,143.3937952579,1593),(964,225.178271561395,1657),(965,160.981640711892,544),(966,40.5438148020767,1132),(967,132.831956500653,923),(968,185.009141314309,1854),(969,13.002476636786,290),(970,68.4951404756866,161),(971,27.4539121226408,1211),(972,58.4815014074557,1014),(973,6.72634255187586,1204),(974,5.16650301357731,870),(975,75.1839670860209,1673),(976,184.83578839479,747),(977,73.4844648060389,1),(978,37.8463736376725,1648),(979,234.429214438889,292),(980,47.1321409787051,1573),(981,107.85062345909,823),(982,228.637066343334,1072),(983,159.692816565279,517),(984,198.582431260031,1553),(985,119.94193353178,1138),(986,3.97426914935932,1657),(987,155.562286435161,951),(988,204.257295988034,1704),(989,86.0946262557991,955),(990,9.52157534798607,1139),(991,51.072768854443,1232),(992,218.168167810421,1558),(993,5.91483032377437,371),(994,234.440014754888,767),(995,58.4453217149712,1948),(996,99.7243065233342,660),(997,165.70435313927,1513),(998,247.032584959175,253),(999,60.2001972445287,1322),(1000,133.564830321353,930),(1001,84.2614620667882,1868),(1002,17.7637825733982,1348),(1003,118.645123256836,13),(1004,50.7657470474951,356);
/*!40000 ALTER TABLE `bank_credit_card` ENABLE KEYS */;
UNLOCK TABLES;

--
-- Table structure for table `bank_creditcard_history`
--

DROP TABLE IF EXISTS `bank_creditcard_history`;
/*!40101 SET @saved_cs_client     = @@character_set_client */;
/*!50503 SET character_set_client = utf8mb4 */;
CREATE TABLE `bank_creditcard_history` (
  `id` bigint NOT NULL AUTO_INCREMENT,
  `time` date NOT NULL,
  `amount` double NOT NULL,
  `creditCardHistory_account_id` bigint NOT NULL,
  `creditCardhistoryType_id` int NOT NULL,
  PRIMARY KEY (`id`),
  KEY `bank_creditcard_hist_creditCardHistory_ac_f013a489_fk_bank_acco` (`creditCardHistory_account_id`),
  KEY `bank_creditcard_hist_creditCardhistoryTyp_b0dceac4_fk_bank_cred` (`creditCardhistoryType_id`),
  CONSTRAINT `bank_creditcard_hist_creditCardHistory_ac_f013a489_fk_bank_acco` FOREIGN KEY (`creditCardHistory_account_id`) REFERENCES `bank_account` (`id`),
  CONSTRAINT `bank_creditcard_hist_creditCardhistoryTyp_b0dceac4_fk_bank_cred` FOREIGN KEY (`creditCardhistoryType_id`) REFERENCES `bank_creditcardhistorytype_list` (`CeTypeId`)
) ENGINE=InnoDB AUTO_INCREMENT=1013 DEFAULT CHARSET=utf8mb4 COLLATE=utf8mb4_0900_ai_ci;
/*!40101 SET character_set_client = @saved_cs_client */;

--
-- Dumping data for table `bank_creditcard_history`
--

LOCK TABLES `bank_creditcard_history` WRITE;
/*!40000 ALTER TABLE `bank_creditcard_history` DISABLE KEYS */;
INSERT INTO `bank_creditcard_history` VALUES (1,'2022-07-02',10,1,2),(2,'2022-07-02',20,1,2),(3,'2022-07-03',30,1,1),(4,'2022-07-03',0,2,1),(5,'2022-07-03',0,3,1),(6,'2022-07-03',0,4,1),(7,'2022-07-02',10,1,2),(8,'2022-07-02',20,1,2),(9,'2022-07-03',30,1,1),(10,'2022-07-03',0,2,1),(11,'2022-07-03',0,3,1),(12,'2022-07-03',0,4,1),(13,'2022-08-30',113.450242878869,195,2),(14,'2022-04-08',96.0699880309403,65,2),(15,'2022-10-18',36.2813516911119,464,2),(16,'2022-03-14',159.06714912504,1475,1),(17,'2022-12-21',111.415436992422,253,2),(18,'2022-10-08',168.183893229812,409,2),(19,'2022-08-28',199.837243808433,1931,2),(20,'2022-12-01',112.838986366987,443,1),(21,'2022-08-05',202.978660719469,101,1),(22,'2022-03-06',179.41591623798,671,2),(23,'2022-02-19',252.722626110539,321,1),(24,'2022-03-07',123.704298473895,537,1),(25,'2022-06-07',155.28203442134,1166,2),(26,'2022-12-21',183.216282885522,170,2),(27,'2022-05-15',120.953642396256,450,2),(28,'2022-02-25',227.37795971334,1520,1),(29,'2022-05-23',239.746975334361,676,2),(30,'2022-10-21',193.595765877515,1205,1),(31,'2022-01-28',226.888233339414,1674,2),(32,'2022-04-08',31.197891227901,1105,1),(33,'2022-07-24',200.199197569862,471,1),(34,'2022-09-08',169.250684794039,260,1),(35,'2022-10-04',203.35113648884,658,1),(36,'2022-05-29',222.250061035156,308,1),(37,'2022-05-27',252.99371211417,1202,1),(38,'2022-03-02',251.68790609017,890,2),(39,'2022-11-19',147.758886268362,920,1),(40,'2022-02-03',11.4934840276837,1000,2),(41,'2022-12-07',55.1398268286139,1492,2),(42,'2022-07-12',241.349843095988,1628,1),(43,'2022-01-28',98.2448139768094,685,1),(44,'2022-08-30',165.885221973062,753,1),(45,'2022-12-04',212.426146449521,1336,2),(46,'2022-12-22',89.7394560165703,809,1),(47,'2022-04-17',17.784047788009,734,2),(48,'2022-06-25',198.505383513868,499,2),(49,'2022-01-29',231.54557258822,733,2),(50,'2022-10-25',137.545251931995,490,1),(51,'2022-01-09',32.3185127507895,350,1),(52,'2022-02-07',130.682124167681,79,2),(53,'2022-03-21',28.2203037310392,1804,1),(54,'2022-08-27',82.7662847973406,1686,2),(55,'2022-06-23',160.881930788979,420,2),(56,'2022-06-22',222.116646327078,133,1),(57,'2022-06-24',165.326835239306,515,1),(58,'2022-07-28',234.837155442685,146,2),(59,'2022-10-05',45.7248207014054,648,1),(60,'2022-02-10',193.008199259639,1609,1),(61,'2022-06-28',59.0209593493491,1347,2),(62,'2022-04-29',228.753011573106,744,1),(63,'2022-01-27',206.439498161897,1307,2),(64,'2022-04-20',224.17907910794,1211,1),(65,'2022-07-26',248.862765172496,412,2),(66,'2022-07-10',25.1945477686822,1963,1),(67,'2022-11-23',246.085075719282,1326,1),(68,'2022-04-10',179.199628889561,379,1),(69,'2022-11-23',95.9416386950761,1768,1),(70,'2022-10-25',148.653005484492,1866,1),(71,'2022-03-02',105.312462797388,1686,1),(72,'2022-05-28',96.5132384970784,1276,2),(73,'2022-09-23',53.0012627784163,292,1),(74,'2022-02-03',147.555173050612,1391,2),(75,'2022-06-28',46.4893656950444,800,2),(76,'2022-05-21',173.561344698071,847,1),(77,'2022-07-21',124.564617158845,754,2),(78,'2022-08-28',102.388385672122,1639,1),(79,'2022-04-19',129.825287586078,1912,2),(80,'2022-06-05',242.908431135118,645,1),(81,'2022-04-21',105.058978447691,1543,1),(82,'2022-06-02',101.8255254291,505,1),(83,'2022-01-22',197.496528519318,333,1),(84,'2022-06-09',10.3670283257961,859,2),(85,'2022-07-11',70.940920131281,249,2),(86,'2022-01-29',226.850021276623,144,2),(87,'2022-06-17',111.771185418591,1160,2),(88,'2022-03-20',55.122713662684,278,2),(89,'2022-08-02',110.821312570944,1744,2),(90,'2022-04-30',26.88084904477,1299,1),(91,'2022-07-30',247.134152082726,717,2),(92,'2022-08-19',35.8591114133596,419,1),(93,'2022-11-02',55.590323003009,1751,1),(94,'2022-01-07',27.8975314386189,752,2),(95,'2022-02-04',204.412119185552,1766,1),(96,'2022-10-26',198.882892720401,468,2),(97,'2022-10-28',224.542415538803,372,1),(98,'2022-05-13',192.565138038248,404,2),(99,'2022-06-18',64.8985742758959,278,2),(100,'2022-05-14',92.248775601387,200,1),(101,'2022-06-17',139.501351164654,150,1),(102,'2022-02-12',158.359285298735,363,1),(103,'2022-02-08',120.478801777586,310,2),(104,'2022-06-28',73.884524948895,1991,1),(105,'2022-03-20',32.9451877418905,384,1),(106,'2022-10-06',237.691136550158,1827,2),(107,'2022-08-04',95.7548829894513,413,1),(108,'2022-03-30',25.7159525305033,253,2),(109,'2022-04-25',70.1312800068408,1838,1),(110,'2022-09-17',132.032401997596,1213,1),(111,'2022-11-03',148.170696085319,513,2),(112,'2022-09-07',99.79191698879,1167,2),(113,'2022-11-30',79.2212795708328,1,1),(114,'2022-06-22',186.040338721126,1594,1),(115,'2022-04-17',90.1369161140174,353,2),(116,'2022-01-27',194.409323841333,1482,1),(117,'2022-04-15',43.4061349201947,1,2),(118,'2022-11-07',101.682750675827,973,2),(119,'2022-02-09',135.156014999375,1614,1),(120,'2022-01-22',192.238125480711,581,2),(121,'2022-01-09',85.0310914162546,1441,2),(122,'2022-02-19',192.362988691777,476,2),(123,'2022-05-07',119.947261540219,1695,1),(124,'2022-11-12',198.446321174502,1907,1),(125,'2022-03-17',195.720691295341,1506,2),(126,'2022-04-14',97.0449504740536,877,1),(127,'2022-03-01',250.571721410379,523,1),(128,'2022-06-23',16.8249570652843,1540,2),(129,'2022-08-10',220.503773668781,1935,2),(130,'2022-02-09',34.3780806027353,1732,2),(131,'2022-12-27',70.5572571586818,1847,2),(132,'2022-10-30',149.913126170635,350,1),(133,'2022-11-11',95.9384745229036,1618,2),(134,'2022-06-18',24.8223705329001,861,1),(135,'2022-09-20',223.023528208956,1555,2),(136,'2022-12-31',5.12296838313341,732,1),(137,'2022-09-03',88.2372267190367,1115,2),(138,'2022-06-09',128.773358594626,1840,1),(139,'2022-11-28',148.80699086003,1219,1),(140,'2022-05-21',164.864670470357,4,1),(141,'2022-12-27',15.3917599935085,1844,2),(142,'2022-07-16',176.687129992992,591,2),(143,'2022-12-10',102.585898285732,1006,1),(144,'2022-11-25',84.6714660748839,755,2),(145,'2022-03-10',247.298100957647,523,2),(146,'2022-11-18',7.20531680807471,1892,1),(147,'2022-03-30',121.005300534889,938,2),(148,'2022-02-26',109.324635714293,113,1),(149,'2022-04-11',165.88157309778,1411,2),(150,'2022-05-16',213.280097994953,261,2),(151,'2022-06-12',6.80204453133047,1250,2),(152,'2022-08-25',186.978506781161,350,2),(153,'2022-01-25',181.221796775237,1858,2),(154,'2022-11-24',94.2991993837059,1105,2),(155,'2022-08-04',74.9297740738839,1876,2),(156,'2022-12-15',107.285453543067,293,1),(157,'2022-05-17',191.677689226344,1828,1),(158,'2022-07-09',180.21089367941,458,2),(159,'2022-04-21',120.683929836378,477,1),(160,'2022-12-01',247.520897142589,369,2),(161,'2022-03-10',76.012464562431,1743,1),(162,'2022-08-27',183.649000462145,45,1),(163,'2022-12-29',165.826749367639,66,2),(164,'2022-10-25',32.7083055973053,658,2),(165,'2022-11-17',185.518633769825,881,1),(166,'2022-04-03',254.057886186987,106,1),(167,'2022-01-14',188.712267091498,1943,2),(168,'2022-08-01',205.744193799794,789,1),(169,'2022-05-16',58.1430047098547,1420,2),(170,'2022-01-04',199.817464184016,568,2),(171,'2022-12-16',108.411314306781,733,1),(172,'2022-12-18',17.5231235176325,400,1),(173,'2022-05-05',180.611682118848,938,1),(174,'2022-07-14',234.368194658309,208,2),(175,'2022-08-17',22.8365191873163,307,1),(176,'2022-09-22',5.06270339339972,640,2),(177,'2022-05-25',194.555067608133,897,1),(178,'2022-07-16',198.336084689945,905,1),(179,'2022-06-08',192.867306781933,1949,1),(180,'2022-10-31',197.628588944674,669,2),(181,'2022-04-07',150.632859664038,1896,1),(182,'2022-01-13',51.6576882340014,1689,1),(183,'2022-07-01',10.4748990144581,524,1),(184,'2022-08-19',100.859482564032,229,2),(185,'2022-12-28',238.659053647891,1549,1),(186,'2022-07-05',111.705106120557,1642,2),(187,'2022-10-30',14.8473146837205,576,1),(188,'2022-01-21',204.892133519053,583,1),(189,'2022-02-09',9.72694179601967,760,2),(190,'2022-02-15',21.4109860546887,979,2),(191,'2022-07-15',98.5143694635481,241,2),(192,'2022-10-15',190.486337952316,641,1),(193,'2022-11-04',138.334113219753,1561,1),(194,'2022-11-24',3.39352261647582,1302,2),(195,'2022-01-02',253.472675902769,1622,2),(196,'2022-06-22',183.149938881397,654,1),(197,'2022-04-14',120.507453905419,814,1),(198,'2022-11-20',82.0814572609961,1172,2),(199,'2022-01-30',47.3106434252113,415,2),(200,'2022-11-19',229.263826198876,1883,2),(201,'2022-08-02',35.9281467143446,100,2),(202,'2022-05-20',67.8390783183277,67,1),(203,'2022-04-09',131.333478329703,558,2),(204,'2022-02-15',26.2069366723299,266,2),(205,'2022-02-25',24.0566713828594,84,2),(206,'2022-02-05',49.0912209935486,1789,2),(207,'2022-12-01',192.688183790073,125,1),(208,'2022-10-23',176.481253944337,1205,2),(209,'2022-10-24',14.2578045222908,1586,1),(210,'2022-05-06',122.448267366737,1960,2),(211,'2022-05-23',208.488559855148,1414,1),(212,'2022-04-03',139.836808532476,5,1),(213,'2022-01-11',217.925619618967,801,2),(214,'2022-03-29',122.831146392971,478,2),(215,'2022-04-15',175.940203448758,79,2),(216,'2022-08-30',249.396677829325,931,1),(217,'2022-01-25',96.6084870342165,1288,2),(218,'2022-11-14',115.596333902329,660,2),(219,'2022-08-04',96.4655083697289,1939,1),(220,'2022-04-24',171.781986102462,911,1),(221,'2022-03-10',124.134074004367,731,2),(222,'2022-07-01',126.660852599889,425,2),(223,'2022-11-21',213.82866529189,1455,1),(224,'2022-09-29',161.236904494464,783,1),(225,'2022-11-04',246.734344640747,1411,2),(226,'2022-09-28',126.627272065729,522,2),(227,'2022-07-16',236.26066176407,1688,1),(228,'2022-12-12',27.7536510229111,283,1),(229,'2022-11-07',121.170559929684,468,1),(230,'2022-10-06',14.9087087549269,1783,2),(231,'2022-11-14',82.5842822100967,32,2),(232,'2022-07-21',137.19749058038,1316,2),(233,'2022-08-04',114.858277732506,963,1),(234,'2022-06-15',111.853825997561,521,1),(235,'2022-05-13',120.339107928798,1982,2),(236,'2022-01-05',125.431734934449,1013,1),(237,'2022-03-11',19.9923527855426,1316,1),(238,'2022-08-17',126.87183399871,1450,1),(239,'2022-11-01',133.906517094001,1069,2),(240,'2022-10-18',152.442742727697,725,1),(241,'2022-09-18',53.6719367001206,101,1),(242,'2022-03-15',158.557489838451,1491,2),(243,'2022-08-21',70.6346847545356,1998,1),(244,'2022-07-27',124.464919477701,862,2),(245,'2022-05-05',80.0254779625684,112,2),(246,'2022-05-21',170.816097471863,190,1),(247,'2022-11-01',24.9635828342289,719,1),(248,'2022-05-21',186.10571757704,1926,2),(249,'2022-07-26',102.335721934214,237,2),(250,'2022-11-16',230.988507729024,379,1),(251,'2022-05-25',222.549980131909,86,2),(252,'2022-11-15',196.470636293292,1754,2),(253,'2022-05-20',247.164710851386,1446,2),(254,'2022-01-13',239.976118315011,1108,2),(255,'2022-05-20',242.392442321405,1052,2),(256,'2022-06-05',221.288221769035,29,2),(257,'2022-06-18',240.478783825412,171,2),(258,'2022-01-31',170.365873809904,1927,2),(259,'2022-02-15',16.9563319515437,190,1),(260,'2022-05-22',9.03506702184677,776,1),(261,'2022-05-08',153.773576842621,1575,1),(262,'2022-04-13',50.5552656687796,385,1),(263,'2022-06-08',70.298808446154,1558,2),(264,'2022-03-29',245.060811944306,1506,2),(265,'2022-08-28',134.19902276434,1475,2),(266,'2022-02-14',202.877332221717,1248,1),(267,'2022-10-05',232.193828104064,583,1),(268,'2022-10-13',249.71314330399,50,2),(269,'2022-03-27',134.684351326898,1322,2),(270,'2022-07-10',211.725658673793,658,1),(271,'2022-05-29',130.257144099101,573,1),(272,'2022-05-04',248.462794743478,719,1),(273,'2022-05-15',152.063089141622,402,2),(274,'2022-01-01',177.679377105087,15,1),(275,'2022-09-11',190.071306480095,118,2),(276,'2022-12-04',86.0285467803478,1410,1),(277,'2022-12-22',211.198059694842,355,1),(278,'2022-11-15',193.628166470677,472,1),(279,'2022-03-03',95.3106621708721,801,1),(280,'2022-06-13',226.502226807177,811,2),(281,'2022-10-08',95.1063833478838,1823,2),(282,'2022-06-06',74.8972526006401,698,2),(283,'2022-10-09',41.8663549702615,782,1),(284,'2022-11-20',213.473709091544,1472,1),(285,'2022-06-20',91.0844773370773,542,2),(286,'2022-02-20',105.372408200055,53,1),(287,'2022-01-14',213.971325552091,1979,2),(288,'2022-06-28',178.155914776027,279,1),(289,'2022-12-21',212.83305577375,1545,1),(290,'2022-10-26',5.62495284900069,1190,2),(291,'2022-04-15',6.32531146518886,1705,1),(292,'2022-12-12',61.5098118782044,135,1),(293,'2022-07-23',184.58212964423,69,2),(294,'2022-11-01',187.036753002554,1867,1),(295,'2022-10-16',40.2198471333832,165,2),(296,'2022-08-04',106.369415290654,232,2),(297,'2022-01-22',187.216006809846,1555,1),(298,'2022-04-14',211.925221990794,1583,1),(299,'2022-12-28',115.663263855502,462,2),(300,'2022-07-31',79.5667867809534,1822,2),(301,'2022-01-20',80.3982920069247,511,1),(302,'2022-03-08',47.6683200187981,427,1),(303,'2022-08-27',211.505689805374,1267,1),(304,'2022-01-31',18.0570349916816,304,2),(305,'2022-01-20',148.696886846796,488,2),(306,'2022-08-24',50.8295541666448,2,1),(307,'2022-02-01',215.564050031826,328,1),(308,'2022-06-21',213.043315440416,855,1),(309,'2022-09-14',69.7089898157865,1150,1),(310,'2022-02-04',189.282978389412,1829,2),(311,'2022-04-23',162.747066458687,168,2),(312,'2022-07-02',178.101830519736,1583,1),(313,'2022-12-10',168.186096275225,1113,2),(314,'2022-06-05',26.3381935171783,1869,1),(315,'2022-03-27',219.180257884786,825,2),(316,'2022-07-03',157.306829497218,1930,1),(317,'2022-03-19',130.15899846144,1877,1),(318,'2022-03-15',228.865347255021,114,1),(319,'2022-11-19',158.330939983949,213,1),(320,'2022-07-30',93.3556085154414,564,1),(321,'2022-08-26',3.06278548575938,1711,1),(322,'2022-11-06',11.4201341830194,1369,1),(323,'2022-07-17',107.133225305006,619,1),(324,'2022-10-08',119.693510591984,1195,1),(325,'2022-04-01',179.861843334511,630,1),(326,'2022-10-30',168.368795756251,931,2),(327,'2022-12-20',22.1130232717842,589,2),(328,'2022-04-04',36.6389256194234,818,2),(329,'2022-01-26',113.174854869023,1991,1),(330,'2022-11-03',10.0131203047931,1879,2),(331,'2022-07-28',181.513040183112,1238,1),(332,'2022-07-21',57.5082903653383,268,1),(333,'2022-06-03',77.3997998256236,1706,2),(334,'2022-01-01',140.715443033725,1848,2),(335,'2022-08-08',153.417779212818,1202,2),(336,'2022-09-05',30.7410884723067,1035,2),(337,'2022-01-16',136.838954815641,137,2),(338,'2022-01-13',157.023646023124,1095,1),(339,'2022-05-04',49.8785404097289,661,2),(340,'2022-05-10',186.024850457907,288,1),(341,'2022-04-19',129.823893325403,1900,1),(342,'2022-06-16',155.79615822807,1341,2),(343,'2022-04-12',3.03842069767416,1998,1),(344,'2022-03-11',102.420153714716,391,1),(345,'2022-05-11',160.840485716239,790,1),(346,'2022-10-07',210.326955478638,404,2),(347,'2022-04-25',149.257313875481,149,2),(348,'2022-11-14',216.485622510314,957,1),(349,'2022-05-25',76.653899224475,942,2),(350,'2022-08-18',100.470560479909,446,2),(351,'2022-12-09',105.236910616979,261,2),(352,'2022-05-05',28.4029279872775,1192,2),(353,'2022-10-07',212.433597961441,1343,1),(354,'2022-01-26',58.76704281196,1445,2),(355,'2022-06-03',222.145698470995,535,1),(356,'2022-01-01',118.101788163185,1489,1),(357,'2022-03-12',105.878342913464,549,1),(358,'2022-08-28',246.567018929869,1558,2),(359,'2022-12-27',45.7439618613571,175,1),(360,'2022-11-19',97.384967930615,904,2),(361,'2022-12-19',5.34119194187224,1168,1),(362,'2022-09-08',230.156652163714,677,2),(363,'2022-01-11',78.5087820868939,229,2),(364,'2022-11-07',118.053279057145,1071,2),(365,'2022-02-11',91.9544997829944,1408,2),(366,'2022-05-20',234.882652718574,199,1),(367,'2022-04-10',239.759037321433,338,2),(368,'2022-10-10',94.0305801853538,1337,2),(369,'2022-08-10',209.754918048158,1868,2),(370,'2022-01-24',113.277277674526,847,1),(371,'2022-12-22',103.780402613804,651,2),(372,'2022-09-22',193.488776832819,1915,2),(373,'2022-07-15',103.808395223692,141,2),(374,'2022-05-09',91.1833309866488,615,2),(375,'2022-02-06',153.950349887833,247,1),(376,'2022-03-03',60.9728213921189,1613,2),(377,'2022-04-19',166.335176670924,804,2),(378,'2022-05-06',243.87916348502,354,1),(379,'2022-07-14',242.863147942349,199,1),(380,'2022-02-19',71.5257131308317,838,2),(381,'2022-10-16',150.834804626182,1426,2),(382,'2022-10-24',226.203672874719,1901,2),(383,'2022-03-26',84.4548624511808,855,1),(384,'2022-06-06',44.8134981915355,1318,2),(385,'2022-08-06',172.211118200794,1929,1),(386,'2022-05-20',18.6813037358224,756,2),(387,'2022-06-10',254.128355963156,1840,2),(388,'2022-10-18',245.250269591808,335,1),(389,'2022-03-02',182.897253381088,972,1),(390,'2022-09-20',165.647047523409,1054,2),(391,'2022-11-15',140.878287902102,1631,1),(392,'2022-02-14',96.1231672242284,1311,2),(393,'2022-01-06',210.980643028393,889,2),(394,'2022-09-22',235.371442567557,382,2),(395,'2022-11-20',217.416114566848,499,2),(396,'2022-08-15',195.717377856374,904,2),(397,'2022-11-26',90.328016879037,259,1),(398,'2022-09-21',74.1855740733445,813,2),(399,'2022-09-09',246.295089131221,1392,2),(400,'2022-01-06',15.4411351308227,756,2),(401,'2022-01-08',206.710401544347,1049,2),(402,'2022-08-20',44.6060741208494,384,1),(403,'2022-07-07',26.0352616440505,1517,1),(404,'2022-09-24',169.950719565153,695,1),(405,'2022-03-10',211.928120510653,1118,2),(406,'2022-03-07',247.46012166515,879,2),(407,'2022-10-21',137.248479029164,1418,1),(408,'2022-01-29',115.275458551943,541,2),(409,'2022-01-11',23.9357941392809,379,1),(410,'2022-01-24',252.010442536324,1050,2),(411,'2022-05-31',148.763385085389,819,1),(412,'2022-06-13',164.942726358771,136,1),(413,'2022-03-03',64.9673396665603,493,2),(414,'2022-02-27',96.0803094394505,69,1),(415,'2022-10-12',125.750420486554,1128,2),(416,'2022-06-28',204.102944128215,1713,2),(417,'2022-05-31',229.660971203819,1456,2),(418,'2022-09-06',16.1785419546068,1004,2),(419,'2022-02-17',105.846822781488,272,1),(420,'2022-04-20',181.654579877853,440,1),(421,'2022-12-10',123.184199737385,1209,1),(422,'2022-05-31',177.624506536871,450,2),(423,'2022-08-24',83.2816263940185,334,1),(424,'2022-08-15',94.3691485002637,1545,2),(425,'2022-06-30',61.3588331285864,586,2),(426,'2022-11-07',150.673116516322,1305,1),(427,'2022-09-02',247.000662622973,1678,2),(428,'2022-01-05',225.016211763024,1732,2),(429,'2022-07-24',38.7859761137515,1066,2),(430,'2022-06-02',164.639832098037,678,1),(431,'2022-11-17',202.791559642181,774,2),(432,'2022-01-20',110.488378308713,1476,1),(433,'2022-07-23',220.971030304208,1462,1),(434,'2022-08-22',76.0256603620946,1958,2),(435,'2022-06-25',227.408742500469,1294,2),(436,'2022-07-09',49.9263036549091,1246,2),(437,'2022-01-11',166.448694186285,1618,2),(438,'2022-05-05',114.642155263573,361,1),(439,'2022-05-28',236.698433121666,1295,2),(440,'2022-07-29',72.8436901941895,590,1),(441,'2022-10-29',80.9079631213099,646,1),(442,'2022-10-28',105.73641763255,436,1),(443,'2022-06-23',23.7236503046006,761,2),(444,'2022-12-15',177.252287194133,530,2),(445,'2022-04-20',39.3171293456107,1015,2),(446,'2022-01-21',216.116095174104,1151,2),(447,'2022-08-12',4.88920972310007,1968,1),(448,'2022-03-03',59.786890797317,1820,1),(449,'2022-06-27',224.048781970516,344,2),(450,'2022-11-14',176.274382468313,1764,2),(451,'2022-01-04',188.066723925993,81,1),(452,'2022-08-29',115.83034402132,80,1),(453,'2022-04-17',147.004806982353,1432,1),(454,'2022-02-20',26.5150209702551,580,2),(455,'2022-05-02',156.719602337107,261,2),(456,'2022-01-09',153.638536758721,1287,1),(457,'2022-09-05',157.741387242451,1835,2),(458,'2022-12-19',101.077299010009,1576,1),(459,'2022-11-24',70.0280512552708,1974,2),(460,'2022-03-05',140.465405777097,1204,1),(461,'2022-11-11',157.594002487138,1980,2),(462,'2022-11-14',250.261051792651,944,1),(463,'2022-11-10',139.014073854312,1378,2),(464,'2022-07-15',186.687934719026,212,1),(465,'2022-06-28',91.8024293277413,1594,1),(466,'2022-12-26',78.5516613982618,322,1),(467,'2022-05-28',102.66647018306,1286,1),(468,'2022-03-29',21.931154102087,1606,1),(469,'2022-10-30',187.63574125059,1142,2),(470,'2022-03-26',198.745056781918,1902,1),(471,'2022-12-07',228.065837165341,1702,2),(472,'2022-04-20',249.193141318858,1783,2),(473,'2022-12-18',176.517308617011,789,1),(474,'2022-07-08',184.072713773698,832,2),(475,'2022-04-01',24.5095685999841,1898,1),(476,'2022-10-22',42.9700206369162,45,1),(477,'2022-12-19',40.1497986633331,1266,2),(478,'2022-11-29',76.3266550786793,610,2),(479,'2022-09-30',5.6368551608175,111,1),(480,'2022-02-12',181.380963198841,1643,1),(481,'2022-02-05',248.640175500885,207,1),(482,'2022-11-05',115.984450276941,1883,1),(483,'2022-08-09',149.553684396669,1216,2),(484,'2022-01-10',236.293187022209,1327,1),(485,'2022-12-28',220.624700115994,614,2),(486,'2022-04-18',218.334215823561,576,1),(487,'2022-12-15',136.957840731367,5,2),(488,'2022-12-26',81.4469569995999,393,2),(489,'2022-11-03',85.3939303699881,329,2),(490,'2022-12-18',211.599615048617,34,2),(491,'2022-02-04',97.2639054637402,954,2),(492,'2022-04-03',130.580584898591,479,1),(493,'2022-08-01',159.017720999196,1477,2),(494,'2022-06-23',75.0648581571877,578,2),(495,'2022-08-28',84.7282567676157,1388,2),(496,'2022-02-10',51.5554293617606,1856,1),(497,'2022-02-03',166.470223614946,1122,2),(498,'2022-07-25',177.199702229351,1727,2),(499,'2022-10-20',62.5740696918219,146,1),(500,'2022-01-15',20.4808959066868,1856,1),(501,'2022-05-15',241.754886703566,812,2),(502,'2022-04-02',243.784451220185,1594,2),(503,'2022-05-29',141.116316160187,474,2),(504,'2022-11-27',197.839436925948,340,2),(505,'2022-09-18',150.029455626383,582,1),(506,'2022-01-17',104.034955959767,1763,2),(507,'2022-04-03',53.8867649715394,94,1),(508,'2022-02-25',204.611551687121,1203,2),(509,'2022-12-07',33.7309726197273,1178,1),(510,'2022-02-12',182.727614153177,636,1),(511,'2022-03-19',157.758981799707,1903,1),(512,'2022-12-25',122.400786332786,1855,1),(513,'2022-07-06',142.700776794925,222,1),(514,'2022-07-03',214.324370380491,477,2),(515,'2022-06-08',147.073329193518,1023,1),(516,'2022-07-20',223.55873388052,1608,2),(517,'2022-10-23',56.3095041383058,1735,1),(518,'2022-04-12',243.097716096789,185,2),(519,'2022-07-16',53.7619665767998,1972,1),(520,'2022-02-24',193.310034222901,1902,1),(521,'2022-04-01',191.582087511197,406,1),(522,'2022-09-30',99.2556896321475,1966,1),(523,'2022-10-15',231.473850248382,532,2),(524,'2022-05-26',129.877374127507,40,2),(525,'2022-06-29',9.32275664992631,1917,2),(526,'2022-08-20',145.066876191646,675,2),(527,'2022-04-18',69.6997333820909,737,1),(528,'2022-06-06',20.606487236917,233,2),(529,'2022-08-22',30.2400381658226,1386,2),(530,'2022-04-11',242.985407855362,1699,2),(531,'2022-03-14',9.89716602675617,189,2),(532,'2022-01-26',234.091154068708,929,1),(533,'2022-06-01',41.0717555452138,147,1),(534,'2022-10-19',247.775963578373,1845,1),(535,'2022-11-07',5.61549510620534,283,1),(536,'2022-01-16',234.29820201546,631,2),(537,'2022-05-09',94.710029149428,837,1),(538,'2022-04-22',244.638769190758,1339,2),(539,'2022-01-05',14.6208644192666,427,2),(540,'2022-02-19',88.6925053447485,310,1),(541,'2022-12-23',240.326276214793,323,1),(542,'2022-01-29',25.3345973975956,1658,2),(543,'2022-01-11',237.021214639768,355,2),(544,'2022-05-31',198.361985199153,1179,2),(545,'2022-01-03',253.496210852638,1067,2),(546,'2022-09-29',88.3097677789629,1107,2),(547,'2022-01-11',83.3912833165377,1601,2),(548,'2022-05-17',12.1426095962524,429,1),(549,'2022-07-12',128.32484404929,376,1),(550,'2022-06-27',98.8211467899382,812,2),(551,'2022-02-07',190.897604873404,2004,2),(552,'2022-03-02',42.7433934286237,466,2),(553,'2022-03-08',61.5714836660773,1541,2),(554,'2022-03-18',143.0611477606,1178,2),(555,'2022-06-30',121.423510609195,1077,1),(556,'2022-10-05',72.8713984638452,935,1),(557,'2022-05-13',182.774734439328,1857,1),(558,'2022-09-29',204.282730896026,747,2),(559,'2022-10-18',123.694128697738,1254,1),(560,'2022-02-19',155.356733344495,1237,2),(561,'2022-05-27',30.3774979803711,485,1),(562,'2022-01-08',146.924403276294,340,1),(563,'2022-02-12',101.401384187862,270,1),(564,'2022-06-24',89.2775535881519,1744,2),(565,'2022-09-29',59.8519727755338,1895,2),(566,'2022-04-09',208.735218856484,1592,1),(567,'2022-04-17',105.328999003395,678,2),(568,'2022-05-10',166.085061587393,33,2),(569,'2022-02-24',103.824654186144,981,2),(570,'2022-03-14',222.899778466672,252,1),(571,'2022-01-19',63.4774919431657,159,1),(572,'2022-11-29',137.728506609797,1465,1),(573,'2022-11-15',118.201334448531,1233,1),(574,'2022-03-09',110.163229811937,692,2),(575,'2022-03-22',19.1891786810011,1579,2),(576,'2022-01-21',216.780184797943,1397,2),(577,'2022-11-09',166.292102674022,856,2),(578,'2022-06-20',116.956267472357,1000,2),(579,'2022-11-27',115.27317176573,1972,1),(580,'2022-08-26',44.5604391694069,888,2),(581,'2022-11-29',148.936344848946,1409,1),(582,'2022-04-27',37.5201329030097,1065,1),(583,'2022-09-03',70.1303806211799,1459,2),(584,'2022-09-08',199.262659616768,880,2),(585,'2022-11-29',42.6277438346297,509,1),(586,'2022-04-04',214.031614433974,1861,1),(587,'2022-09-29',177.87851154618,1793,1),(588,'2022-06-26',148.078282907605,1403,1),(589,'2022-12-22',137.639279367402,339,1),(590,'2022-03-15',250.728047270328,1892,2),(591,'2022-03-09',22.4770677145571,281,2),(592,'2022-11-18',9.32179268449545,249,1),(593,'2022-08-28',6.14822805859149,821,1),(594,'2022-09-11',14.0323134921491,1256,1),(595,'2022-01-31',239.85234917514,807,1),(596,'2022-05-30',28.5557194650173,658,1),(597,'2022-02-16',10.3611633945256,1378,2),(598,'2022-01-24',124.677842054516,621,2),(599,'2022-10-01',216.022452851757,1473,1),(600,'2022-06-29',54.7156406417489,545,1),(601,'2022-05-19',16.6389557365328,1472,2),(602,'2022-08-15',163.833608787507,631,2),(603,'2022-11-22',103.222272543237,968,1),(604,'2022-08-16',32.2351804822683,389,2),(605,'2022-05-23',141.621772320941,1889,2),(606,'2022-11-04',181.229136396199,1009,1),(607,'2022-10-24',42.028498923406,1465,1),(608,'2022-07-26',239.171010129154,441,2),(609,'2022-05-02',228.354077259079,995,2),(610,'2022-07-27',171.279494460672,1755,1),(611,'2022-08-04',145.484619541094,1275,2),(612,'2022-07-11',1.32784759998322,1487,2),(613,'2022-09-27',84.4096315372735,626,2),(614,'2022-03-06',57.210299436003,1603,1),(615,'2022-04-10',229.225918820128,439,2),(616,'2022-05-09',216.383457787335,387,2),(617,'2022-09-17',228.016493016854,684,1),(618,'2022-10-13',183.18271465227,35,2),(619,'2022-01-22',49.6044780593365,1261,1),(620,'2022-09-21',36.013652458787,450,2),(621,'2022-02-04',94.182016434148,1650,2),(622,'2022-05-30',28.4184503145516,365,2),(623,'2022-06-26',49.8141754325479,1666,1),(624,'2022-04-25',152.017290256917,1511,1),(625,'2022-09-03',50.8178534004837,1051,2),(626,'2022-03-14',223.324763502926,460,2),(627,'2022-08-15',74.0156859885901,1388,2),(628,'2022-01-06',240.441276699305,1635,1),(629,'2022-05-05',112.864952402189,87,2),(630,'2022-08-01',247.61945817247,1362,1),(631,'2022-04-01',113.461481651291,1530,2),(632,'2022-02-07',215.705564178526,1135,2),(633,'2022-04-26',180.418558800593,991,1),(634,'2022-06-22',192.455885153264,1021,2),(635,'2022-01-22',36.6208312194794,1177,1),(636,'2022-06-03',214.728151962161,849,1),(637,'2022-04-23',22.8532148320228,1462,2),(638,'2022-06-13',236.547942150384,1113,1),(639,'2022-10-29',81.3048003669828,284,2),(640,'2022-08-01',73.0500861927867,471,2),(641,'2022-09-16',24.9477596078068,1244,1),(642,'2022-12-13',122.29507374391,1630,2),(643,'2022-08-11',76.7912516426295,776,2),(644,'2022-02-24',70.9604598879814,1997,1),(645,'2022-10-13',155.010329114273,1669,1),(646,'2022-06-16',155.907271388918,1202,2),(647,'2022-12-05',189.949844470248,929,1),(648,'2022-10-27',155.621412940323,224,1),(649,'2022-11-09',203.00335621275,1190,1),(650,'2022-09-07',175.530073415488,166,2),(651,'2022-12-16',147.367035148665,1094,2),(652,'2022-08-14',179.193132117391,1070,2),(653,'2022-07-02',18.6685706395656,876,1),(654,'2022-10-06',43.3695650286973,1116,2),(655,'2022-09-19',235.471076851711,1112,1),(656,'2022-01-30',136.958851061761,863,2),(657,'2022-09-22',3.65199900604785,1493,2),(658,'2022-06-07',137.817378308624,1936,2),(659,'2022-04-01',14.6570196282119,810,1),(660,'2022-06-12',151.449850291014,96,2),(661,'2022-02-27',79.628964798525,1284,2),(662,'2022-03-23',67.5756922103465,814,1),(663,'2022-10-24',81.411710401997,1777,2),(664,'2022-11-02',202.570457197726,668,2),(665,'2022-03-28',180.429088378325,734,2),(666,'2022-08-26',179.782232563943,1977,1),(667,'2022-01-28',20.4387929718941,1798,2),(668,'2022-06-15',111.723046049476,1601,1),(669,'2022-05-25',236.161286981776,1560,1),(670,'2022-05-26',20.1352720744908,1707,2),(671,'2022-04-15',166.783708011732,1863,2),(672,'2022-10-05',33.9330379888415,198,2),(673,'2022-04-05',157.338774720207,1880,1),(674,'2022-07-04',95.0186303220689,1183,1),(675,'2022-06-25',65.9586930703372,1821,2),(676,'2022-09-02',187.973901033402,843,2),(677,'2022-10-25',73.0040625799447,810,2),(678,'2022-07-22',77.6266737617552,524,2),(679,'2022-08-29',236.067782571539,470,2),(680,'2022-09-25',78.4921500757337,668,1),(681,'2022-08-14',60.8539584223181,319,2),(682,'2022-11-11',62.0893157236278,1298,2),(683,'2022-12-21',119.931807814166,1152,2),(684,'2022-04-28',4.13234688341618,1145,2),(685,'2022-12-18',131.364566983655,47,1),(686,'2022-08-29',39.5970164127648,469,1),(687,'2022-11-28',101.213396972045,3,1),(688,'2022-10-31',25.6621000990272,164,1),(689,'2022-02-02',211.916289875284,209,1),(690,'2022-04-15',136.525782909244,112,1),(691,'2022-06-30',218.541975094005,1388,1),(692,'2022-11-05',204.097065240145,1598,1),(693,'2022-05-08',130.918825583532,1162,1),(694,'2022-05-19',90.5621691681445,1906,1),(695,'2022-06-20',149.638764103875,1397,2),(696,'2022-05-05',76.825944699347,1322,1),(697,'2022-05-29',109.936169469729,846,1),(698,'2022-01-20',250.828276019543,105,1),(699,'2022-06-18',211.441782800481,1437,2),(700,'2022-11-14',165.735487744212,1734,1),(701,'2022-06-06',239.811613770202,1063,2),(702,'2022-02-03',38.0067511685193,967,1),(703,'2022-03-20',74.2308468576521,756,1),(704,'2022-09-30',183.335490517318,704,1),(705,'2022-04-04',210.792747596279,564,1),(706,'2022-02-20',214.46578919515,1032,2),(707,'2022-09-24',15.7525688242167,154,2),(708,'2022-03-28',32.8837960362434,1727,1),(709,'2022-08-11',58.6564569342881,1054,2),(710,'2022-11-15',74.3841315545142,1520,2),(711,'2022-06-28',143.345358124003,1790,1),(712,'2022-09-28',46.5112941935658,1844,2),(713,'2022-04-08',148.833924645558,1318,2),(714,'2022-03-20',221.876066576689,515,1),(715,'2022-08-13',124.064421055838,967,1),(716,'2022-12-26',207.346921756864,1425,1),(717,'2022-04-05',144.535630466416,1661,1),(718,'2022-07-02',15.1164294667542,676,2),(719,'2022-01-30',184.806760793552,1735,1),(720,'2022-03-20',133.642662368715,1083,1),(721,'2022-01-14',6.8763510081917,1584,1),(722,'2022-09-01',90.4656023047864,1029,1),(723,'2022-11-18',80.4361773859709,65,1),(724,'2022-05-13',78.8985465466976,253,1),(725,'2022-09-10',233.000159757212,707,1),(726,'2022-06-16',60.5945140458643,593,1),(727,'2022-03-26',93.908267756924,256,2),(728,'2022-04-07',153.98765168339,519,1),(729,'2022-02-09',62.2054270748049,1384,2),(730,'2022-08-01',22.609640520066,1654,2),(731,'2022-09-30',4.39542570523918,1404,2),(732,'2022-10-26',57.2811020463705,272,2),(733,'2022-03-06',254.069820197299,1388,1),(734,'2022-12-06',34.1780044324696,1031,2),(735,'2022-08-20',87.4118419047445,1848,2),(736,'2022-03-10',74.7730687782168,815,2),(737,'2022-12-22',24.5753032360226,1289,2),(738,'2022-09-28',97.6521753631532,500,2),(739,'2022-11-19',82.9385039042681,1063,1),(740,'2022-12-30',48.2057698965073,420,2),(741,'2022-12-10',78.2331371773034,174,1),(742,'2022-10-22',144.195269767195,933,2),(743,'2022-06-11',195.548196127638,1858,1),(744,'2022-06-29',121.19447029382,781,2),(745,'2022-01-31',52.2088798824698,287,2),(746,'2022-08-22',17.905950974673,453,2),(747,'2022-06-02',62.5304998736829,438,2),(748,'2022-10-03',215.352481737733,1669,1),(749,'2022-02-27',24.4473860878497,1174,2),(750,'2022-09-06',221.943429190665,8,1),(751,'2022-04-04',8.01679331623018,1442,1),(752,'2022-11-17',14.4161628708243,1549,1),(753,'2022-11-04',243.797807404771,1125,1),(754,'2022-06-22',124.65246149525,1316,1),(755,'2022-12-06',11.1052515041083,1994,2),(756,'2022-02-24',218.369919210672,402,2),(757,'2022-12-15',98.138592319563,892,2),(758,'2022-11-06',229.688351843506,896,1),(759,'2022-02-17',197.985846361145,428,2),(760,'2022-04-03',241.571203149855,578,1),(761,'2022-08-10',130.502486193553,1825,1),(762,'2022-02-17',128.141951065511,2001,2),(763,'2022-06-14',64.0653466861695,584,1),(764,'2022-06-11',228.875513955951,965,1),(765,'2022-06-02',245.201531263068,517,2),(766,'2022-04-22',6.66465686634183,891,1),(767,'2022-07-28',236.092318153009,1809,2),(768,'2022-09-26',23.7613977715373,1398,2),(769,'2022-09-07',199.952066639438,1395,1),(770,'2022-03-21',123.593413826078,1381,1),(771,'2022-06-18',170.282123310491,1717,2),(772,'2022-02-05',168.455447614193,1314,2),(773,'2022-08-01',97.9997283089906,1266,2),(774,'2022-10-04',31.0757133997977,711,2),(775,'2022-07-18',168.441921582446,1109,1),(776,'2022-08-20',110.057303376496,27,2),(777,'2022-05-04',118.244449133053,817,2),(778,'2022-01-14',83.1945939175785,1232,1),(779,'2022-11-26',92.0956692676991,941,2),(780,'2022-10-11',216.664651826024,696,2),(781,'2022-06-07',245.365458847955,1399,1),(782,'2022-08-09',150.093640584499,1961,2),(783,'2022-06-18',108.60911954008,936,2),(784,'2022-06-21',237.498226605356,23,2),(785,'2022-10-12',253.946284065023,340,1),(786,'2022-08-06',110.101985480636,1853,2),(787,'2022-03-02',167.314822448418,173,1),(788,'2022-05-10',49.026808232069,1444,2),(789,'2022-12-01',200.599748270586,449,1),(790,'2022-12-15',87.8593075610697,475,2),(791,'2022-03-10',237.637124916539,1985,1),(792,'2022-12-17',147.092224098742,204,1),(793,'2022-03-08',154.092971825972,304,1),(794,'2022-08-08',184.440832655877,1264,2),(795,'2022-02-04',39.2171707432717,1587,2),(796,'2022-11-25',107.034348472953,526,1),(797,'2022-12-03',179.472371967509,1374,1),(798,'2022-08-16',207.482333470136,60,2),(799,'2022-01-18',42.037900602445,406,1),(800,'2022-01-13',91.8161024972796,463,2),(801,'2022-08-31',68.1886628065258,1494,2),(802,'2022-06-19',163.305129583925,634,1),(803,'2022-12-27',180.549052042887,1151,2),(804,'2022-09-09',74.1484541893005,1202,2),(805,'2022-04-22',84.2218553293496,442,2),(806,'2022-02-13',241.041087452322,735,2),(807,'2022-10-25',91.7921594884247,928,1),(808,'2022-10-26',74.6154184415937,219,1),(809,'2022-04-20',186.206257397309,1269,1),(810,'2022-04-22',34.7576204054058,1528,1),(811,'2022-08-05',115.525554237887,1862,2),(812,'2022-03-15',145.799057021737,410,1),(813,'2022-11-11',11.5554737467319,1401,2),(814,'2022-08-31',51.5826886482537,1652,1),(815,'2022-09-19',8.34936446510255,794,2),(816,'2022-08-22',102.404478572309,397,2),(817,'2022-02-14',130.587405988947,1414,1),(818,'2022-12-09',171.829799260944,1889,1),(819,'2022-02-11',197.830515218899,1161,1),(820,'2022-02-14',13.3848386108875,1305,1),(821,'2022-05-06',252.649252610281,1257,2),(822,'2022-03-05',141.123006198555,1185,1),(823,'2022-06-06',242.627728423104,315,1),(824,'2022-01-12',186.066339530051,507,2),(825,'2022-02-08',226.242508972064,644,1),(826,'2022-11-21',62.5219102911651,1618,1),(827,'2022-03-18',86.6165228765458,240,2),(828,'2022-05-01',134.273230597377,578,1),(829,'2022-06-20',23.1479673106223,709,2),(830,'2022-04-11',126.646659243852,294,1),(831,'2022-02-02',43.0142142530531,1156,1),(832,'2022-09-26',86.4528079554439,284,2),(833,'2022-03-09',230.550716737285,201,1),(834,'2022-05-20',87.8029476366937,300,2),(835,'2022-12-26',16.5049151014537,1784,1),(836,'2022-12-02',207.80041462183,1168,2),(837,'2022-11-19',3.16514323838055,1610,1),(838,'2022-04-18',10.1070169247687,1692,2),(839,'2022-04-13',249.364534845576,242,2),(840,'2022-09-09',76.3844404891133,1689,2),(841,'2022-04-02',95.3599296752363,801,2),(842,'2022-05-05',251.610655438155,155,1),(843,'2022-01-04',35.5857797842473,1507,1),(844,'2022-03-07',191.271322324872,682,2),(845,'2022-03-19',51.2830557841808,1662,2),(846,'2022-04-06',178.426198381931,1020,1),(847,'2022-01-17',245.003153091297,889,1),(848,'2022-01-13',178.650543771684,684,1),(849,'2022-02-20',220.986798176542,1801,2),(850,'2022-05-27',180.851527836174,269,1),(851,'2022-04-18',5.41795481555164,761,1),(852,'2022-08-08',45.9596353471279,57,2),(853,'2022-01-07',220.552730338648,1005,1),(854,'2022-11-27',133.495072755963,1157,1),(855,'2022-11-16',242.723281880841,31,1),(856,'2022-02-12',166.009174443781,761,2),(857,'2022-08-25',186.216722631827,848,1),(858,'2022-11-24',141.400808971375,1042,2),(859,'2022-04-24',109.029028085992,1967,1),(860,'2022-11-21',245.107785329223,1199,2),(861,'2022-10-27',250.493942292407,1994,2),(862,'2022-09-01',16.1732591874897,787,1),(863,'2022-09-18',14.786884104833,1375,2),(864,'2022-06-27',69.18713914603,1302,2),(865,'2022-07-09',18.3038534317166,905,1),(866,'2022-11-12',22.1024929843843,81,2),(867,'2022-12-24',88.9153374861926,32,1),(868,'2022-12-09',249.926953911781,1096,2),(869,'2022-02-04',75.0952170360833,1168,2),(870,'2022-09-06',98.289126817137,500,2),(871,'2022-12-18',162.924672653899,668,1),(872,'2022-11-24',176.879994519055,55,1),(873,'2022-06-16',192.971090966836,1139,1),(874,'2022-01-16',96.769324015826,1657,2),(875,'2022-09-05',9.04197090677917,560,2),(876,'2022-11-08',33.5970727354288,1285,1),(877,'2022-04-07',76.8138299603015,59,2),(878,'2022-10-17',20.6397947855294,1926,2),(879,'2022-06-22',86.3361104186624,1439,2),(880,'2022-04-21',19.7520472034812,750,2),(881,'2022-02-09',110.410085627809,1183,1),(882,'2022-11-17',8.18279620632529,432,2),(883,'2022-03-26',254.842766238377,1182,1),(884,'2022-12-11',81.2668234407902,503,1),(885,'2022-09-16',70.5758064556867,1545,1),(886,'2022-07-19',62.9911322332919,1045,1),(887,'2022-07-20',13.6894102897495,1323,1),(888,'2022-11-11',148.436353839934,1410,1),(889,'2022-01-31',127.281237805262,311,2),(890,'2022-07-09',38.0931536965072,1265,2),(891,'2022-12-04',9.22031137160957,1327,2),(892,'2022-09-20',120.05363766849,471,2),(893,'2022-10-05',65.7759219128638,1229,2),(894,'2022-03-11',128.077758301049,1523,2),(895,'2022-12-13',241.121535157785,1792,1),(896,'2022-12-09',101.534721069038,1675,2),(897,'2022-12-10',32.7136978898197,576,1),(898,'2022-10-24',91.2193906269968,1010,1),(899,'2022-06-29',46.5459441971034,1583,1),(900,'2022-11-22',135.043697059155,1584,1),(901,'2022-09-16',12.277701722458,1482,1),(902,'2022-09-04',249.603042129427,1987,2),(903,'2022-11-20',116.238197913393,113,1),(904,'2022-02-03',183.617705531418,215,2),(905,'2022-03-12',64.3053662721068,952,1),(906,'2022-04-24',203.249251138419,1454,1),(907,'2022-02-14',192.659752605483,1669,2),(908,'2022-05-18',115.291933253407,1231,1),(909,'2022-10-14',54.4134212750942,46,1),(910,'2022-08-29',84.23910285905,359,2),(911,'2022-01-09',70.1138614472002,122,1),(912,'2022-02-04',195.2246138677,1751,1),(913,'2022-04-21',146.122893342748,236,2),(914,'2022-04-10',32.8392293713987,1629,2),(915,'2022-06-14',86.8705744873732,396,1),(916,'2022-04-19',53.8220278918743,286,1),(917,'2022-03-10',22.9841059613973,1384,1),(918,'2022-06-30',181.626809630543,1717,2),(919,'2022-06-24',93.2917386498302,634,1),(920,'2022-12-02',194.863502718508,1052,2),(921,'2022-09-09',142.701679492369,816,1),(922,'2022-08-28',131.614569466561,1156,2),(923,'2022-07-30',197.955997733399,1977,2),(924,'2022-12-21',201.62641261518,1515,2),(925,'2022-01-22',197.259531171992,1990,1),(926,'2022-04-01',206.375781584531,391,2),(927,'2022-10-27',243.783792411909,1359,1),(928,'2022-09-25',245.011178724468,1885,1),(929,'2022-09-23',113.045875111595,425,1),(930,'2022-02-15',166.169265564531,1202,1),(931,'2022-01-18',46.1623602341861,655,2),(932,'2022-12-06',51.6662690639496,570,2),(933,'2022-07-01',34.9782222975045,1258,2),(934,'2022-09-05',208.064387861639,747,2),(935,'2022-01-28',139.07073562406,665,1),(936,'2022-12-03',158.113198526204,113,2),(937,'2022-09-26',56.6283805910498,98,2),(938,'2022-01-16',188.066061805934,4,1),(939,'2022-11-11',235.204749880359,234,1),(940,'2022-11-24',116.871528878808,1881,2),(941,'2022-07-21',204.347454728559,919,1),(942,'2022-04-04',113.239747602493,458,2),(943,'2022-09-19',226.10203117691,39,2),(944,'2022-01-22',4.58386876434088,1185,1),(945,'2022-12-30',167.390846321359,1642,1),(946,'2022-06-24',125.836452331394,1612,2),(947,'2022-06-23',166.267004562542,1004,1),(948,'2022-10-22',152.14087370038,822,1),(949,'2022-03-26',44.0432538557798,1803,1),(950,'2022-02-25',233.417729947716,16,1),(951,'2022-09-06',3.29589196108282,817,1),(952,'2022-12-07',112.806246079504,1917,1),(953,'2022-09-27',71.7436726931482,1251,1),(954,'2022-03-16',38.9806812815368,839,1),(955,'2022-10-16',70.0017121713608,1256,1),(956,'2022-10-18',170.341735169291,1190,1),(957,'2022-06-28',103.210395069793,303,1),(958,'2022-03-28',249.082954037935,548,2),(959,'2022-05-07',52.5392808672041,1840,2),(960,'2022-07-11',53.1321371123195,1578,1),(961,'2022-02-22',98.5660100970417,1834,2),(962,'2022-09-12',117.967742796987,1536,1),(963,'2022-03-03',244.530210597441,1137,1),(964,'2022-03-14',188.310294926167,1086,1),(965,'2022-03-28',109.462403761223,644,1),(966,'2022-02-01',225.688789013773,835,2),(967,'2022-07-20',7.18791078589857,483,1),(968,'2022-01-12',161.882098503411,1065,1),(969,'2022-05-10',9.20575892366469,1200,1),(970,'2022-02-18',176.23538101837,1755,1),(971,'2022-06-05',39.4425877314061,752,1),(972,'2022-07-24',226.85148461163,702,1),(973,'2022-05-04',238.881555320695,347,1),(974,'2022-12-26',105.657354015857,661,1),(975,'2022-07-31',76.0662446077913,1472,1),(976,'2022-11-04',17.3454368934035,366,1),(977,'2022-06-17',13.4795695636421,309,1),(978,'2022-05-25',158.190090086311,931,2),(979,'2022-10-28',141.797681463882,427,2),(980,'2022-08-17',56.7389858663082,1274,2),(981,'2022-08-11',100.018875138834,1426,1),(982,'2022-11-30',216.379518184811,68,2),(983,'2022-03-08',27.4674952235073,1287,1),(984,'2022-07-21',217.780208922923,1417,1),(985,'2022-07-02',7.67284240759909,1136,1),(986,'2022-01-25',139.207114141434,1643,1),(987,'2022-02-01',36.1230796854943,1760,2),(988,'2022-05-04',214.715230330825,355,2),(989,'2022-10-28',3.89413860626519,1598,2),(990,'2022-07-22',254.21490066126,1408,2),(991,'2022-07-21',205.153625523672,540,2),(992,'2022-12-18',95.4132212325931,1589,2),(993,'2022-06-22',82.5397278461605,494,2),(994,'2022-06-08',71.6304473243654,1998,2),(995,'2022-05-19',36.415120286867,164,2),(996,'2022-11-07',225.491399645805,535,1),(997,'2022-09-13',201.995871113613,386,1),(998,'2022-04-20',46.491870585829,1755,1),(999,'2022-05-03',4.35534839890897,1882,1),(1000,'2022-01-27',2.44003046303987,1839,2),(1001,'2022-04-30',15.3031262699515,1615,2),(1002,'2022-06-27',38.7728337757289,1138,1),(1003,'2022-05-02',16.1388911586255,926,1),(1004,'2022-07-09',125.747425451875,1820,2),(1005,'2022-12-01',124.281348051503,293,1),(1006,'2022-03-30',59.5075470991433,435,1),(1007,'2022-08-20',157.772126739845,1191,1),(1008,'2022-02-03',41.0249432548881,6,1),(1009,'2022-12-20',31.6546880695969,1242,2),(1010,'2022-12-03',254.91576763615,1657,1),(1011,'2022-01-10',170.228230191395,919,1),(1012,'2022-11-24',210.131989389658,1289,2);
/*!40000 ALTER TABLE `bank_creditcard_history` ENABLE KEYS */;
UNLOCK TABLES;

--
-- Table structure for table `bank_creditcard_type`
--

DROP TABLE IF EXISTS `bank_creditcard_type`;
/*!40101 SET @saved_cs_client     = @@character_set_client */;
/*!50503 SET character_set_client = utf8mb4 */;
CREATE TABLE `bank_creditcard_type` (
  `credit` int NOT NULL,
  `limit` double NOT NULL,
  PRIMARY KEY (`credit`)
) ENGINE=InnoDB DEFAULT CHARSET=utf8mb4 COLLATE=utf8mb4_0900_ai_ci;
/*!40101 SET character_set_client = @saved_cs_client */;

--
-- Dumping data for table `bank_creditcard_type`
--

LOCK TABLES `bank_creditcard_type` WRITE;
/*!40000 ALTER TABLE `bank_creditcard_type` DISABLE KEYS */;
INSERT INTO `bank_creditcard_type` VALUES (1,2000),(2,10000),(3,50000);
/*!40000 ALTER TABLE `bank_creditcard_type` ENABLE KEYS */;
UNLOCK TABLES;

--
-- Table structure for table `bank_creditcardhistorytype_list`
--

DROP TABLE IF EXISTS `bank_creditcardhistorytype_list`;
/*!40101 SET @saved_cs_client     = @@character_set_client */;
/*!50503 SET character_set_client = utf8mb4 */;
CREATE TABLE `bank_creditcardhistorytype_list` (
  `CeTypeId` int NOT NULL,
  `Type` varchar(20) NOT NULL,
  PRIMARY KEY (`CeTypeId`)
) ENGINE=InnoDB DEFAULT CHARSET=utf8mb4 COLLATE=utf8mb4_0900_ai_ci;
/*!40101 SET character_set_client = @saved_cs_client */;

--
-- Dumping data for table `bank_creditcardhistorytype_list`
--

LOCK TABLES `bank_creditcardhistorytype_list` WRITE;
/*!40000 ALTER TABLE `bank_creditcardhistorytype_list` DISABLE KEYS */;
INSERT INTO `bank_creditcardhistorytype_list` VALUES (1,''),(2,'');
/*!40000 ALTER TABLE `bank_creditcardhistorytype_list` ENABLE KEYS */;
UNLOCK TABLES;

--
-- Table structure for table `bank_customer`
--

DROP TABLE IF EXISTS `bank_customer`;
/*!40101 SET @saved_cs_client     = @@character_set_client */;
/*!50503 SET character_set_client = utf8mb4 */;
CREATE TABLE `bank_customer` (
  `id` bigint NOT NULL AUTO_INCREMENT,
  `name` varchar(32) NOT NULL,
  `customer_credit_id` int NOT NULL,
  PRIMARY KEY (`id`),
  KEY `bank_customer_customer_credit_id_654674f6_fk_bank_cred` (`customer_credit_id`),
  CONSTRAINT `bank_customer_customer_credit_id_654674f6_fk_bank_cred` FOREIGN KEY (`customer_credit_id`) REFERENCES `bank_creditcard_type` (`credit`)
) ENGINE=InnoDB AUTO_INCREMENT=2004 DEFAULT CHARSET=utf8mb4 COLLATE=utf8mb4_0900_ai_ci;
/*!40101 SET character_set_client = @saved_cs_client */;

--
-- Dumping data for table `bank_customer`
--

LOCK TABLES `bank_customer` WRITE;
/*!40000 ALTER TABLE `bank_customer` DISABLE KEYS */;
INSERT INTO `bank_customer` VALUES (1,'',1),(2,'',3),(3,'',2),(4,'Laurena Gottwine',2),(5,'Rodger Knapp',3),(6,'Caleigh Overstreet',2),(7,'Conor Sherlock',1),(8,'Eireen Jackson',3),(9,'Sanford Bowman',3),(10,'William Howard',1),(11,'Munro Johns',2),(12,'Elwin Rumbaugh',2),(13,'Paden Poley',2),(14,'Debbi Oppenheimer',2),(15,'Lydia Treeby',3),(16,'Tacey Yeskey',2),(17,'Esmeralda Osterweis',1),(18,'Lexia Baum',1),(19,'Lagina Wardle',1),(20,'Joandra Noton',1),(21,'Davy Mckinnon',2),(22,'Tyreek Philips',1),(23,'William Howard',3),(24,'Cyndi Warren',3),(25,'Noelene Stoddard',2),(26,'Ed Gregory',1),(27,'Biddy Pinney',1),(28,'Luvenia Porter',3),(29,'Henderson Woollard',3),(30,'Debbie Hair',3),(31,'Carlene Buzzard',1),(32,'Hugo Bullard',1),(33,'Audie Hatherly',1),(34,'Belle Cason',2),(35,'Dorinda Toyley',1),(36,'Hyacintha Murray',3),(37,'Margie Straub',3),(38,'Hailey Nash',1),(39,'Tera Fisher',3),(40,'Darrell Baughman',1),(41,'Beckah Stroh',3),(42,'Bess Baker',3),(43,'Sydne Dennis',1),(44,'Harmon Pullman',2),(45,'Joandra Noton',1),(46,'Geffrey Siegrist',3),(47,'Savanna Swink',3),(48,'Dee Wiggins',3),(49,'Charity Larson',2),(50,'Reynard Knight',2),(51,'Josslyn Day',1),(52,'Chase Kadel',1),(53,'Mike Brinigh',2),(54,'Elsa Reddish',3),(55,'Derrick Snyder',3),(56,'Jennie Busk',1),(57,'Dick Dimsdale',3),(58,'Kelsie Shaner',2),(59,'Iris Riggle',1),(60,'Winter Pheleps',2),(61,'Tristram Smothers',2),(62,'Toby Schofield',2),(63,'Cambria Wolfe',1),(64,'Richard Bagley',2),(65,'Tia Brown',2),(66,'Angelina Christner',2),(67,'Lawanda Rice',1),(68,'Candice Fuchs',1),(69,'Alaina Bashline',2),(70,'Vere Fisher',1),(71,'Angelia Courtney',1),(72,'Dorinda Toyley',1),(73,'Betsy Coveney',2),(74,'Mordikai Waldron',2),(75,'Hugo Bullard',3),(76,'Grahame Ream',3),(77,'Lovell Baird',2),(78,'Lisanne Howe',2),(79,'Cearra Earhart',1),(80,'Morgana Mayers',2),(81,'Conrad Eiford',2),(82,'Beckah Stroh',3),(83,'Zak Hallauer',3),(84,'Hillary Drennan',2),(85,'Erykah Reed',1),(86,'Winter Pheleps',2),(87,'Archie Elinor',1),(88,'Acacia Wortman',3),(89,'Washington Butt',1),(90,'Ira Nicholas',2),(91,'Perce Casteel',1),(92,'Derren Harshman',2),(93,'Jennie Busk',1),(94,'Joby Stange',1),(95,'Sabrina Wible',1),(96,'Montague Garratt',3),(97,'Haywood Fowler',1),(98,'Ally Cable',2),(99,'Kelsie Shaner',1),(100,'Norris Koepple',2),(101,'Dorinda Toyley',2),(102,'Hebe Raub',2),(103,'Sherri Emrick',1),(104,'Destinee Surrency',3),(105,'Otis Reamer',3),(106,'Luanne Driggers',3),(107,'Lesly Aft',3),(108,'Sunshine Reichard',2),(109,'Jessi Lowry',1),(110,'Bess Baker',1),(111,'Sharalyn Yonkie',3),(112,'Maximilian Haile',1),(113,'Hallam White',2),(114,'Tatum Dryfus',1),(115,'Everett Myers',3),(116,'Ibbie Patton',2),(117,'Lesly Aft',1),(118,'Maureen Coates',2),(119,'Perce Casteel',3),(120,'Ogden Bowchiew',2),(121,'Russ Moonshower',3),(122,'Tresha Robinson',2),(123,'Henry Shallenberger',3),(124,'Columbine Weldi',3),(125,'Levi Minnie',3),(126,'Dee Wiggins',2),(127,'Mellony Prescott',3),(128,'Lydia Treeby',2),(129,'Laurelle Demuth',1),(130,'Lawrie Isaman',3),(131,'Manfred Barrett',3),(132,'Kasandra Faqua',2),(133,'Abby Vinsant',3),(134,'Kay Drumm',2),(135,'Russ Moonshower',1),(136,'Donnie Appleby',2),(137,'Carla Thorley',3),(138,'Wilmer Watkins',1),(139,'Tatyanna Eisenman',2),(140,'Posy Herndon',3),(141,'Raphaela Rifler',1),(142,'Cyndi Warren',3),(143,'Jillian Scott',1),(144,'Posy Herndon',2),(145,'Tami Curry',3),(146,'Sylvester Conrad',1),(147,'Beckah Stroh',3),(148,'Maurice Zadovsky',3),(149,'Dee Wiggins',2),(150,'Ed Gregory',3),(151,'Tresha Robinson',3),(152,'Sindy Hildyard',1),(153,'Betsy Coveney',2),(154,'Debbie Hair',1),(155,'Annalisa Moon',1),(156,'Ricky Elless',3),(157,'Alvar Brindle',2),(158,'Mary Watson',2),(159,'Emmet Earl',3),(160,'Hailee Cypret',2),(161,'Rachelle Garry',1),(162,'Jerrold Crawford',3),(163,'Katelyn Batten',1),(164,'Bess Baker',2),(165,'Antony Romanoff',2),(166,'Jamaar Agg',1),(167,'Mickey Metzer',3),(168,'Mary Watson',3),(169,'Maynard Johnston',1),(170,'Biddy Pinney',1),(171,'Brayden Pirl',1),(172,'Cedar Weisgarber',2),(173,'Hailey Nash',3),(174,'Laz Congdon',2),(175,'Spencer Zaun',1),(176,'Tonya Pratt',2),(177,'Chesley Mull',2),(178,'Will Simpson',1),(179,'Brayden Pirl',1),(180,'Phil Rohtin',3),(181,'Darcy Dickinson',1),(182,'Annice Kuster',2),(183,'Jamison Lacon',1),(184,'Spencer Zaun',3),(185,'Ed Gregory',1),(186,'Savanna Swink',2),(187,'Latanya Jyllian',2),(188,'Elwin Rumbaugh',2),(189,'Shane Llora',3),(190,'Jasmyn Sauter',2),(191,'Milford James',3),(192,'Wilmer Watkins',2),(193,'Katie Mcclymonds',1),(194,'Regan Kooser',3),(195,'Columbine Weldi',2),(196,'Damian Fye',1),(197,'Julian Sommer',1),(198,'Jacqui Fillmore',1),(199,'Heron Osteen',2),(200,'Washington Butt',3),(201,'Tye Haines',3),(202,'Lolicia Neely',3),(203,'Deb Jenkins',2),(204,'Heath Hawker',1),(205,'Jasmin Bryan',2),(206,'Brandi Schuth',2),(207,'Alison Gibson',1),(208,'Donnie Appleby',1),(209,'Sydne Dennis',3),(210,'Elisa Woolery',1),(211,'Jarod Hanseu',3),(212,'Mercia Mingle',3),(213,'Petula Rosenstiehl',2),(214,'Hopkin Hil',2),(215,'Iona Lombardi',3),(216,'Janette Poehl',3),(217,'Cambria Wolfe',2),(218,'Jarod Hanseu',1),(219,'Buddy Loewentsein',2),(220,'Cornell Saylor',2),(221,'Elicia Boyer',2),(222,'Newt Dean',1),(223,'Vere Fisher',1),(224,'Michaela Sayre',2),(225,'Moreen Newman',3),(226,'Phil Rohtin',1),(227,'Ryana Smith',2),(228,'Violet Beard',1),(229,'Patricia Townsend',1),(230,'Brandi Schuth',2),(231,'Debbie Hair',3),(232,'Archie Elinor',2),(233,'Shantel Sell',2),(234,'Frannie Edwards',2),(235,'Katie Mcclymonds',3),(236,'Candy Faust',1),(237,'Huffie Catleay',3),(238,'Tatyanna Eisenman',2),(239,'Dina Warner',3),(240,'Cymone Atkinson',2),(241,'Zachariah Schuck',2),(242,'Elisa Woolery',3),(243,'Jeannie Elder',1),(244,'Kyleigh Braun',1),(245,'Emmet Earl',2),(246,'Arleen Tireman',2),(247,'Dee Wiggins',1),(248,'Lesly Aft',3),(249,'Lydia Treeby',1),(250,'Beaumont Burkett',2),(251,'Audie Hatherly',2),(252,'Deb Jenkins',2),(253,'Tresha Robinson',2),(254,'Mattie Sybilla',2),(255,'Katie Mcclymonds',3),(256,'Alaina Bashline',3),(257,'Eleanore Beach',1),(258,'Vere Fisher',1),(259,'Su Swabey',3),(260,'Lucian Miller',2),(261,'Emerson Morgan',1),(262,'Dawn Roche',1),(263,'Maurice Zadovsky',1),(264,'Aline Tomey',3),(265,'Joel Sloan',3),(266,'Hilda Flanders',3),(267,'Keaton Grant',3),(268,'Cymone Atkinson',2),(269,'Toby Schofield',3),(270,'Freeman Rhodes',2),(271,'Caleigh Overstreet',2),(272,'Halle Shaffer',2),(273,'Melicent Gleper',2),(274,'Malandra Coldsmith',1),(275,'Paden Poley',1),(276,'Sunshine Reichard',1),(277,'Linnet Trevithick',2),(278,'Tucker Rowe',3),(279,'Jarod Hanseu',2),(280,'Jazmin Milliron',3),(281,'Alvar Brindle',2),(282,'Tresha Robinson',1),(283,'Audley Bard',1),(284,'Halle Shaffer',1),(285,'Joshua Canham',1),(286,'Rachelle Garry',1),(287,'Buddy Loewentsein',2),(288,'Petula Rosenstiehl',1),(289,'Maurice Zadovsky',3),(290,'Celestine Bastion',3),(291,'Annalisa Moon',1),(292,'Perlie Pritchard',2),(293,'Arthur Butterfill',3),(294,'Tennyson Stroble',2),(295,'Headley Adams',3),(296,'Collin Welty',2),(297,'Eireen Jackson',2),(298,'Celestine Bastion',1),(299,'Albert Henry',2),(300,'Pearlie Drabble',1),(301,'Sharon Robertson',2),(302,'Beaumont Burkett',3),(303,'Hebe Raub',2),(304,'Mort Mcintosh',1),(305,'Gabby Geddinge',1),(306,'Cyndi Warren',3),(307,'Arlette Sutton',3),(308,'Edward Anderson',3),(309,'Lewis Ling',2),(310,'Deb Jenkins',3),(311,'Willa Hooker',1),(312,'Lallie Heckendora',2),(313,'Sharalyn Yonkie',2),(314,'Jaylee Joghs',2),(315,'Africa Mench',1),(316,'Terra Pittman',1),(317,'Beckah Stroh',3),(318,'Scottie Stone',2),(319,'Lloyd Foster',3),(320,'Tresha Robinson',3),(321,'Fran Keister',2),(322,'Haywood Fowler',1),(323,'Elicia Boyer',2),(324,'Chet Feufer',3),(325,'Brayden Pirl',3),(326,'Ibbie Patton',1),(327,'Ira Nicholas',1),(328,'Casey Omara',2),(329,'Rube Blunt',3),(330,'Chyna Kight',3),(331,'Violet Beard',3),(332,'Bryanna Werry',3),(333,'Hailey Nash',2),(334,'Zacharias Sandblom',2),(335,'Carly Bellinger',2),(336,'Elicia Boyer',3),(337,'Ogden Bowchiew',3),(338,'Clement Haverrman',2),(339,'Kathleen Parrish',1),(340,'Nick Shotts',2),(341,'Josiah Nickolson',2),(342,'Haywood Fowler',3),(343,'Sidney Powers',2),(344,'Leone Mitchell',2),(345,'Rube Blunt',1),(346,'Imogen Leichter',2),(347,'Aline Tomey',2),(348,'Ed Gregory',3),(349,'Tracee Tue',1),(350,'Sloan Carter',3),(351,'Cicely Black',3),(352,'Robbie Thompson',2),(353,'Cedar Weisgarber',3),(354,'Willis Schaeffer',1),(355,'Russ Moonshower',2),(356,'Tessa Bridger',3),(357,'Ralph Downing',3),(358,'Heath Hawker',3),(359,'Aline Tomey',2),(360,'Nivek Holdsworth',1),(361,'Xylia Fleming',3),(362,'Flo Akers',1),(363,'Maryvonne Throckmorton',3),(364,'Tristram Smothers',1),(365,'Tia Brown',2),(366,'Conor Sherlock',3),(367,'Mason Moulton',3),(368,'Laurena Gottwine',2),(369,'Parker Hindman',1),(370,'Zak Hallauer',3),(371,'Jazmine Philbrick',2),(372,'Fulk Willey',3),(373,'Ryana Smith',3),(374,'Buddy Loewentsein',1),(375,'Johnathan Hills',2),(376,'Jillian Scott',3),(377,'Valerie Osterwise',1),(378,'Rosalind Prechtl',3),(379,'Jonathon Tomlinson',3),(380,'Deryck Berkheimer',2),(381,'King Harper',2),(382,'Bobbie Doverspike',2),(383,'Derren Harshman',3),(384,'Tennyson Stroble',1),(385,'Chance Hall',3),(386,'Honor Priebe',2),(387,'Babs Ritter',3),(388,'Edward Anderson',1),(389,'Maurice Zadovsky',3),(390,'Lovell Baird',3),(391,'Malandra Coldsmith',1),(392,'Zillah Wylie',2),(393,'Sylvester Conrad',1),(394,'Newt Dean',1),(395,'Laz Congdon',2),(396,'Arleen Tireman',1),(397,'Bettina Pierce',1),(398,'Belle Cason',3),(399,'Jamison Lacon',2),(400,'Claudia Rawls',2),(401,'Kylie Barkley',1),(402,'Earl Mang',1),(403,'Jaydon Johnson',1),(404,'London Davis',2),(405,'Deniece Braham',1),(406,'Freeman Rhodes',1),(407,'Johnathan Hills',1),(408,'Jenessa Cady',1),(409,'Jazmin Milliron',1),(410,'Richard Bagley',3),(411,'Bobbie Doverspike',2),(412,'Rowena Cross',3),(413,'Ralph Downing',3),(414,'Antony Romanoff',1),(415,'Jim Marcotte',2),(416,'Zachery Beedell',3),(417,'Melicent Gleper',2),(418,'Josslyn Day',1),(419,'Phyllis Linton',2),(420,'Sharon Robertson',1),(421,'Linnet Trevithick',1),(422,'Chance Hall',1),(423,'Zachery Beedell',1),(424,'Euphemia Kiefer',3),(425,'Tia Brown',1),(426,'Milford James',1),(427,'Keeley Pycroft',1),(428,'Luanne Driggers',3),(429,'Shane Llora',2),(430,'Eleanora Lear',2),(431,'Giffard Sholl',3),(432,'Aleta Wade',1),(433,'Matty Taggart',3),(434,'Washington Butt',3),(435,'Flossie Cowher',1),(436,'Clarity Peters',2),(437,'Parker Hindman',1),(438,'Dusty Eisenmann',1),(439,'Noah Kimmons',2),(440,'Alison Gibson',3),(441,'Terrie Ironmonger',1),(442,'Tallulah Compton',1),(443,'Montague Garratt',2),(444,'Cyndi Warren',1),(445,'Lesly Aft',2),(446,'Jenessa Cady',1),(447,'Sarah Taylor',3),(448,'Brandi Schuth',1),(449,'Delmar Goodman',2),(450,'Eugene Carbaugh',2),(451,'Sabrina Wible',2),(452,'Hillary Drennan',2),(453,'Mort Mcintosh',3),(454,'Flossie Cowher',1),(455,'Bess Baker',3),(456,'Dolly Lafortune',1),(457,'Millicent Guest',2),(458,'Sam Gertraht',3),(459,'Keaton Grant',2),(460,'Willis Schaeffer',2),(461,'Emerson Morgan',1),(462,'Morgana Mayers',2),(463,'Hyacintha Murray',3),(464,'Davy Mckinnon',2),(465,'Meryl Lambert',3),(466,'Conrad Eiford',1),(467,'Chance Hall',3),(468,'Zacharias Sandblom',3),(469,'Kasandra Faqua',3),(470,'Fulk Willey',2),(471,'Diggory Holts',1),(472,'Sarah Taylor',1),(473,'Zacharias Sandblom',2),(474,'Rosannah Baldwin',2),(475,'Honor Priebe',1),(476,'Tracee Tue',2),(477,'Elisa Woolery',2),(478,'Haywood Fowler',3),(479,'Iona Lombardi',2),(480,'Joi Frankenberger',3),(481,'Morgan Agg',3),(482,'Bobbie Doverspike',3),(483,'Jemmy Oppie',1),(484,'Albert Henry',1),(485,'Elicia Boyer',1),(486,'Noah Kimmons',3),(487,'Chesley Mull',1),(488,'Meryl Lambert',3),(489,'Bambi Sandys',2),(490,'Albert Henry',2),(491,'Shane Llora',1),(492,'Orrell Handyside',3),(493,'Tami Curry',3),(494,'Hyacintha Murray',1),(495,'Tristram Smothers',1),(496,'Cymone Atkinson',1),(497,'Latanya Jyllian',2),(498,'Holly Finlay',3),(499,'Derrick Snyder',3),(500,'Dalia Stiffey',1),(501,'Barrie Hirleman',3),(502,'Dexter Fields',2),(503,'Jennie Busk',2),(504,'Sindy Hildyard',3),(505,'Noah Kimmons',2),(506,'Kasandra Faqua',3),(507,'Melicent Gleper',3),(508,'Mort Mcintosh',2),(509,'Hugo Bullard',3),(510,'Anderson Hutton',2),(511,'Orrell Handyside',3),(512,'Noelene Stoddard',3),(513,'Berenice Polson',1),(514,'Hilda Flanders',3),(515,'Christabel Bennett',1),(516,'Willa Hooker',1),(517,'Yasmin Steiner',2),(518,'Carlisa Bickerson',3),(519,'Montague Garratt',2),(520,'Lydia Treeby',1),(521,'Dalia Stiffey',1),(522,'Flo Akers',3),(523,'Victoria Knopsnider',2),(524,'Ralph Downing',1),(525,'Deryck Berkheimer',3),(526,'Spencer Zaun',3),(527,'Hyacintha Murray',2),(528,'Lisanne Howe',3),(529,'Kathlyn Smail',1),(530,'Dick Dimsdale',1),(531,'Cyrus Logue',1),(532,'Eden Gist',1),(533,'Brooke Fea',3),(534,'Velma Mixey',3),(535,'Zeke Bunten',3),(536,'Everett Myers',1),(537,'Garrett Rosensteel',1),(538,'Earl Mang',3),(539,'Bambi Sandys',2),(540,'Kasandra Faqua',1),(541,'Perce Casteel',2),(542,'Tucker Rowe',2),(543,'Hailee Cypret',3),(544,'Kalysta Eisenhart',3),(545,'Osmund Cressman',2),(546,'Aline Tomey',2),(547,'Lis Perkins',2),(548,'Russ Moonshower',1),(549,'Lis Perkins',2),(550,'Maximilian Haile',1),(551,'Henry Shallenberger',2),(552,'Janette Poehl',3),(553,'Jaydon Johnson',1),(554,'Carin Burns',2),(555,'Mattie Sybilla',3),(556,'Crystal Tavoularis',2),(557,'Elicia Boyer',1),(558,'Maurice Zadovsky',1),(559,'Nancy Ramsey',3),(560,'Esta Fulton',2),(561,'Abby Vinsant',3),(562,'Maurice Zadovsky',3),(563,'Sharalyn Yonkie',3),(564,'Su Swabey',2),(565,'Lesly Aft',1),(566,'Lucian Miller',3),(567,'Mckenna Mccune',3),(568,'Michaela Sayre',2),(569,'Halle Shaffer',3),(570,'Kasandra Faqua',2),(571,'Keeley Pycroft',3),(572,'Maurice Zadovsky',1),(573,'Elsa Reddish',1),(574,'Sam Gertraht',3),(575,'Elsie Stafford',2),(576,'Tye Haines',1),(577,'Clint Ashbaugh',3),(578,'Zacharias Sandblom',1),(579,'Noelene Stoddard',2),(580,'Halle Shaffer',2),(581,'Deniece Braham',3),(582,'Lesly Aft',2),(583,'Eldred Echard',2),(584,'Phil Rohtin',2),(585,'Jasmin Bryan',3),(586,'Albert Henry',1),(587,'Tristram Smothers',1),(588,'Headley Adams',2),(589,'Clare Whiteman',1),(590,'Melicent Gleper',2),(591,'Rube Blunt',2),(592,'Jillie Greene',2),(593,'Maurice Zadovsky',3),(594,'Phyllis Linton',3),(595,'Deryck Berkheimer',1),(596,'Tranter Fylbrigg',1),(597,'Otis Reamer',1),(598,'Neville Sheets',1),(599,'Lawanda Rice',3),(600,'Maegan Candles',1),(601,'Kyleigh Braun',3),(602,'Africa Mench',3),(603,'Dalia Stiffey',3),(604,'Kylie Barkley',3),(605,'Gethsemane Wilks',2),(606,'Otis Reamer',2),(607,'Mike Brinigh',1),(608,'Dawn Roche',3),(609,'Dot Armstrong',2),(610,'Lesly Aft',1),(611,'Paden Poley',2),(612,'Neville Sheets',3),(613,'Destinee Surrency',2),(614,'Joshua Canham',3),(615,'Lawrie Isaman',1),(616,'Gary Hasely',3),(617,'Austin Sullivan',1),(618,'Sanford Bowman',2),(619,'Babs Ritter',1),(620,'Will Simpson',1),(621,'Elsie Stafford',1),(622,'Alison Gibson',1),(623,'Arleen Tireman',3),(624,'Katelyn Batten',1),(625,'Ian Millard',3),(626,'Zak Hallauer',1),(627,'Pattie Dugmore',1),(628,'Lis Perkins',3),(629,'Albert Henry',2),(630,'Toby Schofield',2),(631,'Buddy Loewentsein',2),(632,'Casey Omara',1),(633,'Tallulah Compton',3),(634,'Morgan Agg',2),(635,'Jasmin Bryan',2),(636,'Adrianna Losey',1),(637,'Jasmin Bryan',1),(638,'Tessa Bridger',2),(639,'Topaz Hardy',2),(640,'Tracee Tue',3),(641,'Alvina Yates',2),(642,'Godric Kunkle',3),(643,'Biddy Pinney',3),(644,'Biddy Pinney',1),(645,'Dawn Roche',3),(646,'Delmar Goodman',1),(647,'Posy Herndon',1),(648,'Frannie Edwards',3),(649,'Hugo Bullard',3),(650,'Montague Garratt',3),(651,'Lesly Aft',3),(652,'Ramsey Sadley',2),(653,'Everett Myers',1),(654,'Carissa Benford',1),(655,'Wren Hozier',3),(656,'Bambi Sandys',1),(657,'Josiah Nickolson',1),(658,'Albert Henry',3),(659,'Tera Fisher',1),(660,'Franklin James',2),(661,'Carly Bellinger',1),(662,'Claudia Rawls',2),(663,'Su Swabey',2),(664,'Idonea Wynter',1),(665,'Lorena Tedrow',3),(666,'Rosanne Pawle',3),(667,'Tylar Levett',3),(668,'Willa Hooker',2),(669,'Hallam White',1),(670,'Sharalyn Yonkie',3),(671,'Nancy Ramsey',2),(672,'Rhonda Pery',3),(673,'Robbie Thompson',2),(674,'Briony Barth',2),(675,'Jonathon Tomlinson',3),(676,'Brayden Pirl',1),(677,'Abby Vinsant',1),(678,'Shantel Sell',3),(679,'Kylie Barkley',3),(680,'Annabella Mcmullen',2),(681,'Tami Curry',3),(682,'Trix Gronko',3),(683,'Deonne Powell',3),(684,'Tylar Levett',3),(685,'Cedar Weisgarber',3),(686,'Lisanne Howe',2),(687,'Geffrey Siegrist',3),(688,'Alison Gibson',3),(689,'Fulk Willey',2),(690,'Osmund Cressman',2),(691,'Kelsie Shaner',2),(692,'Rowland Hobbs',1),(693,'Belle Cason',2),(694,'Myra Toke',2),(695,'Nivek Holdsworth',2),(696,'Vi Clarke',1),(697,'Davy Mckinnon',3),(698,'Sal Warren',3),(699,'Karen Cavalet',2),(700,'Millie Weeter',3),(701,'Celestine Bastion',2),(702,'Evan Butler',3),(703,'Vere Fisher',1),(704,'Sindy Hildyard',3),(705,'Cambria Wolfe',1),(706,'Sharalyn Yonkie',2),(707,'Tonya Pratt',1),(708,'Katelynn Briggs',3),(709,'Michaela Sayre',3),(710,'Maryvonne Throckmorton',2),(711,'Wren Hozier',3),(712,'Archie Elinor',2),(713,'Betsy Coveney',2),(714,'Cherokee Carpenter',3),(715,'Annice Kuster',2),(716,'Sam Gertraht',1),(717,'Trix Gronko',3),(718,'Flip Chapman',1),(719,'Diggory Holts',3),(720,'Katelynn Briggs',3),(721,'Lorena Tedrow',3),(722,'Eugene Carbaugh',1),(723,'Ralph Downing',3),(724,'Washington Butt',3),(725,'Audley Bard',1),(726,'Tranter Fylbrigg',1),(727,'Perlie Pritchard',2),(728,'Hopkin Hil',3),(729,'Jerrold Crawford',1),(730,'Jemmy Oppie',2),(731,'Giffard Sholl',1),(732,'Maurene Littlefield',3),(733,'Annetta Kepple',2),(734,'Flo Akers',3),(735,'Sal Warren',2),(736,'Henry Shallenberger',2),(737,'Rowanne Fry',3),(738,'Sunshine Reichard',3),(739,'Katelyn Batten',3),(740,'Imogen Leichter',1),(741,'Leo Nabholz',3),(742,'Cyndi Warren',3),(743,'Darrell Baughman',1),(744,'Daisy Hook',1),(745,'Thomas Mens',3),(746,'Dawn Roche',3),(747,'Earl Mang',2),(748,'Arlette Sutton',1),(749,'Barret Kellogg',2),(750,'Idonea Wynter',2),(751,'Wilmer Watkins',3),(752,'Zacharias Sandblom',1),(753,'Deniece Braham',1),(754,'Cicely Black',1),(755,'Tallulah Compton',2),(756,'Velma Mixey',1),(757,'Kerr Fischer',1),(758,'Kathlyn Smail',2),(759,'Frankie Seidner',3),(760,'Ravenna Porter',2),(761,'Hardy Beail',3),(762,'Parker Hindman',2),(763,'Shelagh Agnes',3),(764,'Lovell Baird',1),(765,'Lorena Tedrow',1),(766,'Carissa Benford',1),(767,'Phyllis Linton',2),(768,'Tye Haines',2),(769,'Tye Haines',3),(770,'Paden Poley',2),(771,'Ricky Elless',1),(772,'Caleigh Overstreet',2),(773,'Flo Akers',2),(774,'Garrett Rosensteel',1),(775,'Richard Bagley',2),(776,'Leo Nabholz',3),(777,'Jarod Hanseu',2),(778,'Debbi Oppenheimer',1),(779,'Idonea Wynter',2),(780,'Joel Sloan',1),(781,'Deonne Powell',2),(782,'Emerson Morgan',1),(783,'Anderson Hutton',2),(784,'Angelia Courtney',1),(785,'Idony Lazzo',3),(786,'Wren Hozier',1),(787,'Jemmy Oppie',2),(788,'Damian Fye',1),(789,'Donnie Appleby',1),(790,'Jerrold Crawford',3),(791,'Barret Kellogg',3),(792,'Derrick Snyder',2),(793,'Clark Laborde',1),(794,'Sal Warren',3),(795,'Luke Laurenzi',2),(796,'Kirk Stocker',2),(797,'London Davis',3),(798,'Debbi Oppenheimer',1),(799,'Horace Arthur',1),(800,'Debbie Hair',1),(801,'Rodger Knapp',1),(802,'Cyrus Logue',1),(803,'Hudson Quirin',1),(804,'Carlie Wise',1),(805,'Peg Johann',3),(806,'Charity Larson',3),(807,'Huffie Catleay',2),(808,'Kalysta Eisenhart',1),(809,'Cambria Wolfe',3),(810,'Kasandra Faqua',3),(811,'Edward Anderson',1),(812,'Dolly Lafortune',1),(813,'Frankie Seidner',1),(814,'Laurelle Demuth',3),(815,'Dina Warner',1),(816,'Lesly Aft',2),(817,'Lucian Miller',1),(818,'Malandra Coldsmith',3),(819,'Gosse Altman',3),(820,'Idonea Wynter',3),(821,'Chet Feufer',3),(822,'Willis Schaeffer',2),(823,'Sarah Taylor',3),(824,'Elicia Boyer',2),(825,'Giffard Sholl',1),(826,'Davy Mckinnon',1),(827,'Kirk Stocker',3),(828,'Orrell Handyside',1),(829,'Barrie Hirleman',1),(830,'Harmon Pullman',2),(831,'Nickolas Blatenberger',1),(832,'Everett Myers',1),(833,'Wolf Campbell',1),(834,'Flossie Cowher',2),(835,'Garrett Rosensteel',3),(836,'Elaine Patterson',3),(837,'Tristram Smothers',2),(838,'Tresha Robinson',1),(839,'Berenice Polson',1),(840,'Lolicia Neely',1),(841,'Josslyn Day',1),(842,'Neville Sheets',1),(843,'Shantelle Adcock',2),(844,'Nick Shotts',3),(845,'Joi Frankenberger',3),(846,'Candice Fuchs',2),(847,'Millicent Guest',3),(848,'Regena Wilson',3),(849,'Jemmy Oppie',1),(850,'Elisa Woolery',2),(851,'Mattie Sybilla',1),(852,'Katelynn Briggs',1),(853,'Jaylee Joghs',3),(854,'Hugo Bullard',2),(855,'Nivek Holdsworth',1),(856,'Lydia Treeby',1),(857,'Mordikai Waldron',3),(858,'Maynard Johnston',3),(859,'Rowanne Fry',1),(860,'Luanne Driggers',3),(861,'Elsa Reddish',2),(862,'Lotus Crissman',2),(863,'Sanford Bowman',1),(864,'Jaylee Joghs',2),(865,'Diggory Holts',3),(866,'Henderson Woollard',1),(867,'Ricky Elless',2),(868,'Malcolm Greif',2),(869,'Davy Mckinnon',3),(870,'Den Cox',1),(871,'Alison Gibson',1),(872,'Mercia Mingle',3),(873,'Julian Sommer',2),(874,'Manfred Barrett',2),(875,'Halle Shaffer',3),(876,'Jaynie Wentzel',2),(877,'Chesley Mull',1),(878,'Beaumont Burkett',3),(879,'Linnet Trevithick',1),(880,'Aleesha Reade',3),(881,'Violet Beard',1),(882,'Hebe Raub',3),(883,'Lydia Treeby',3),(884,'Morgan Agg',2),(885,'Maurene Littlefield',2),(886,'Kennedy Thomlinson',1),(887,'Beaumont Burkett',3),(888,'Columbine Weldi',2),(889,'Charity Larson',1),(890,'Biddy Pinney',1),(891,'Posy Herndon',1),(892,'Wilkie Chappel',1),(893,'Rosalind Prechtl',1),(894,'Charity Larson',1),(895,'Claudia Rawls',2),(896,'Cornell Saylor',3),(897,'Norris Koepple',2),(898,'Valorie Wynne',3),(899,'Cymone Atkinson',2),(900,'Jaye Raybould',2),(901,'Darrell Baughman',1),(902,'Tonya Pratt',1),(903,'Noah Kimmons',2),(904,'Richard Bagley',3),(905,'Dexter Fields',1),(906,'Hebe Raub',1),(907,'Hopkin Hil',3),(908,'Henderson Woollard',3),(909,'Violet Beard',1),(910,'Sarah Taylor',3),(911,'Kerr Fischer',2),(912,'Tylar Levett',3),(913,'Deborah Ann',1),(914,'Leone Mitchell',1),(915,'Sylvester Conrad',3),(916,'Freeman Rhodes',3),(917,'Hyacintha Murray',2),(918,'Eleanore Beach',2),(919,'Katrina Keilbach',2),(920,'Damian Fye',3),(921,'Acacia Wortman',1),(922,'Ramsey Sadley',3),(923,'Arleen Tireman',1),(924,'Percy Whitehead',3),(925,'Godric Kunkle',2),(926,'Kalysta Eisenhart',2),(927,'Isabel Rahl',1),(928,'Eireen Jackson',2),(929,'Mike Brinigh',2),(930,'Phyllis Linton',2),(931,'Earl Mang',1),(932,'Garrett Rosensteel',3),(933,'Primula Bender',2),(934,'Aline Tomey',1),(935,'Terrie Ironmonger',2),(936,'Faithe Clewett',3),(937,'Bettina Pierce',1),(938,'Garland Sanforth',3),(939,'Mort Mcintosh',2),(940,'Lovell Baird',2),(941,'Ricky Elless',3),(942,'Alaina Bashline',3),(943,'Gaenor Hall',1),(944,'Isabel Rahl',2),(945,'Petula Rosenstiehl',1),(946,'Regena Wilson',1),(947,'Dexter Fields',2),(948,'Chet Feufer',2),(949,'Porsche Beals',3),(950,'Shantel Sell',1),(951,'Valorie Wynne',1),(952,'Cearra Earhart',3),(953,'Pattie Dugmore',2),(954,'Cherette Alington',2),(955,'Leo Nabholz',1),(956,'Debbi Oppenheimer',1),(957,'Aline Tomey',1),(958,'Jazmine Philbrick',2),(959,'Kathleen Parrish',3),(960,'Percy Whitehead',3),(961,'Millicent Guest',2),(962,'Susanna Fuhrer',1),(963,'William Howard',2),(964,'Bess Baker',2),(965,'Velma Mixey',3),(966,'Susanna Fuhrer',3),(967,'Kurtis Wheeler',1),(968,'Scarlet Swarner',3),(969,'Mercia Mingle',2),(970,'Bobbie Doverspike',3),(971,'Deryck Berkheimer',2),(972,'Jennie Busk',1),(973,'Scarlet Swarner',2),(974,'Jillie Greene',3),(975,'Alison Gibson',2),(976,'Millie Weeter',2),(977,'Conrad Eiford',1),(978,'Celestine Bastion',2),(979,'Rowena Cross',1),(980,'Barrie Hirleman',2),(981,'Su Swabey',1),(982,'Matty Taggart',3),(983,'Honor Priebe',2),(984,'Munro Johns',2),(985,'Buddy Loewentsein',2),(986,'Xzavier Endsley',3),(987,'Jennie Busk',2),(988,'Tatum Dryfus',3),(989,'Annice Kuster',1),(990,'Alexis Blois',1),(991,'Luvenia Porter',3),(992,'Sloan Carter',2),(993,'Kelsie Shaner',1),(994,'Levi Minnie',3),(995,'Jazmine Philbrick',1),(996,'Orrell Handyside',3),(997,'Brooke Fea',3),(998,'Antwan Marjorie',3),(999,'Tranter Fylbrigg',3),(1000,'Christabel Bennett',2),(1001,'Shantel Sell',3),(1002,'Jessi Lowry',1),(1003,'Franklin James',2),(1004,'Rosalind Prechtl',3),(1005,'Debbi Oppenheimer',3),(1006,'Montague Garratt',3),(1007,'Malcolm Greif',1),(1008,'Tylar Levett',2),(1009,'Jerrold Crawford',3),(1010,'Savanna Swink',3),(1011,'Brandi Schuth',3),(1012,'Zachery Beedell',1),(1013,'Allen Hamilton',1),(1014,'Iona Lombardi',1),(1015,'Albert Henry',2),(1016,'Oprah Wickes',2),(1017,'Oprah Wickes',3),(1018,'Stu Camp',1),(1019,'Elsa Reddish',3),(1020,'Flossie Cowher',1),(1021,'Tristand Diegel',3),(1022,'Jarod Hanseu',1),(1023,'Cedar Weisgarber',3),(1024,'Buddy Loewentsein',2),(1025,'Kenton Hincken',1),(1026,'Emerson Morgan',1),(1027,'Zed Roby',3),(1028,'Babs Ritter',2),(1029,'Kenton Hincken',3),(1030,'Ally Cable',3),(1031,'Sunshine Reichard',1),(1032,'Darrell Baughman',1),(1033,'Luvenia Porter',3),(1034,'Derrick Snyder',1),(1035,'Bambi Sandys',3),(1036,'Ramsey Sadley',3),(1037,'Donnie Appleby',3),(1038,'Tessa Bridger',2),(1039,'Austin Sullivan',3),(1040,'Belle Cason',2),(1041,'Chonsie Eva',3),(1042,'Heath Hawker',2),(1043,'Rube Blunt',2),(1044,'Jenessa Cady',2),(1045,'Shonda Mckee',3),(1046,'Joshua Canham',1),(1047,'Floella Read',3),(1048,'Ryana Smith',3),(1049,'Myles Oneal',3),(1050,'Cornell Saylor',3),(1051,'Kylie Barkley',3),(1052,'Tylar Levett',1),(1053,'Darrell Baughman',2),(1054,'Carin Burns',1),(1055,'Maximilian Haile',3),(1056,'Savanna Swink',2),(1057,'Morgan Agg',2),(1058,'Audie Hatherly',2),(1059,'Holly Finlay',3),(1060,'Percy Whitehead',1),(1061,'Babs Ritter',3),(1062,'Beaumont Burkett',1),(1063,'Cherette Alington',2),(1064,'Zacharias Sandblom',1),(1065,'Destinee Surrency',3),(1066,'Kay Drumm',3),(1067,'Tarquin Widaman',2),(1068,'Leone Mitchell',2),(1069,'Lis Perkins',2),(1070,'Tristram Smothers',1),(1071,'Oprah Wickes',1),(1072,'Robbie Thompson',2),(1073,'Sal Warren',2),(1074,'Jillian Scott',3),(1075,'Mickey Metzer',3),(1076,'Godric Kunkle',1),(1077,'Chyna Kight',3),(1078,'Matty Taggart',2),(1079,'Oprah Wickes',2),(1080,'Malandra Coldsmith',1),(1081,'Tacey Yeskey',3),(1082,'Eleanora Lear',3),(1083,'Derrick Snyder',1),(1084,'Iona Lombardi',3),(1085,'Allen Hamilton',1),(1086,'Roxie Teagarden',1),(1087,'Mordikai Waldron',1),(1088,'Steven Hiles',2),(1089,'Linnet Trevithick',1),(1090,'Ally Cable',1),(1091,'Lloyd Foster',3),(1092,'Raphaela Rifler',2),(1093,'Vere Fisher',3),(1094,'Roxie Teagarden',2),(1095,'Zachariah Schuck',1),(1096,'Cambria Wolfe',1),(1097,'Kathlyn Smail',3),(1098,'Meryl Lambert',1),(1099,'Topaz Hardy',1),(1100,'Cherette Alington',3),(1101,'Willa Hooker',2),(1102,'Abby Vinsant',2),(1103,'Katelyn Batten',3),(1104,'Haywood Fowler',2),(1105,'Garrett Rosensteel',2),(1106,'Dina Warner',1),(1107,'Diggory Holts',2),(1108,'Godric Kunkle',1),(1109,'Aline Tomey',3),(1110,'Tennyson Stroble',1),(1111,'Jamison Lacon',2),(1112,'Eddy Kemerer',3),(1113,'Jazmin Milliron',3),(1114,'Brendon Gaskins',1),(1115,'Destinee Surrency',1),(1116,'Godric Kunkle',3),(1117,'Morgan Agg',1),(1118,'Haywood Fowler',2),(1119,'Rosannah Baldwin',2),(1120,'Cherokee Carpenter',1),(1121,'Rayner Holtzer',1),(1122,'Will Simpson',2),(1123,'Renae Weingarten',1),(1124,'Joachim Chase',1),(1125,'Shantelle Adcock',2),(1126,'Thomas Mens',1),(1127,'Debbi Oppenheimer',3),(1128,'Hailee Cypret',1),(1129,'Eleanora Lear',1),(1130,'Darin Kalp',3),(1131,'Misty Harrold',3),(1132,'Mason Moulton',1),(1133,'Frankie Seidner',1),(1134,'Lolicia Neely',3),(1135,'Melicent Gleper',2),(1136,'Ian Millard',1),(1137,'Sunshine Reichard',3),(1138,'Brendon Gaskins',1),(1139,'Hillary Drennan',1),(1140,'Janette Poehl',2),(1141,'Morgana Mayers',3),(1142,'Kurtis Wheeler',1),(1143,'Zola Mcdonald',2),(1144,'Cearra Earhart',1),(1145,'Toby Schofield',3),(1146,'Sharalyn Yonkie',1),(1147,'Oprah Wickes',1),(1148,'Joshua Canham',3),(1149,'Sal Warren',1),(1150,'Wilkie Chappel',1),(1151,'Rowanne Fry',3),(1152,'Tennyson Stroble',3),(1153,'Zed Roby',2),(1154,'Susanna Fuhrer',1),(1155,'Hugo Bullard',1),(1156,'Jonathon Tomlinson',1),(1157,'Millicent Guest',3),(1158,'Eddy Kemerer',3),(1159,'Alec Close',3),(1160,'Porsche Beals',1),(1161,'Lexia Baum',2),(1162,'Alfred Zalack',3),(1163,'Willis Schaeffer',1),(1164,'Jamison Lacon',3),(1165,'Valerie Osterwise',1),(1166,'Jemmy Oppie',3),(1167,'Kerr Fischer',2),(1168,'Ogden Bowchiew',3),(1169,'Reynard Knight',3),(1170,'Mercia Mingle',3),(1171,'Dalia Stiffey',3),(1172,'Shonda Mckee',1),(1173,'Paden Poley',3),(1174,'Clay Archibald',3),(1175,'Brooke Fea',3),(1176,'Sidney Powers',1),(1177,'Tilda Swift',1),(1178,'Wren Hozier',3),(1179,'Babs Ritter',3),(1180,'Terrie Ironmonger',1),(1181,'Edward Anderson',3),(1182,'Tacey Yeskey',3),(1183,'Primula Bender',1),(1184,'Juniper Pennington',2),(1185,'Dick Dimsdale',2),(1186,'Antwan Marjorie',2),(1187,'Dawn Roche',2),(1188,'Mckenna Mccune',2),(1189,'Luvenia Porter',3),(1190,'Briony Barth',1),(1191,'Myra Toke',2),(1192,'Karen Cavalet',1),(1193,'Ralph Downing',3),(1194,'Chance Hall',1),(1195,'Reynard Knight',2),(1196,'Derren Harshman',3),(1197,'Drew Ewing',1),(1198,'Lorena Tedrow',2),(1199,'Tatyanna Eisenman',1),(1200,'Gabby Geddinge',1),(1201,'Noelene Stoddard',3),(1202,'Scarlet Swarner',1),(1203,'Africa Mench',1),(1204,'Alvina Yates',3),(1205,'Trix Gronko',3),(1206,'Laurelle Demuth',2),(1207,'Regena Wilson',1),(1208,'Elsa Reddish',3),(1209,'Hillary Drennan',1),(1210,'Columbine Weldi',1),(1211,'Valerie Osterwise',1),(1212,'Sabrina Wible',2),(1213,'Chet Feufer',2),(1214,'Regan Kooser',3),(1215,'Wren Hozier',2),(1216,'Noelene Stoddard',1),(1217,'Sanford Bowman',3),(1218,'Adrianna Losey',2),(1219,'Chet Feufer',3),(1220,'Annalisa Moon',1),(1221,'Beckah Stroh',1),(1222,'Rowland Hobbs',2),(1223,'Tracee Tue',1),(1224,'Christina Elsas',3),(1225,'Hardy Beail',2),(1226,'Valorie Wynne',3),(1227,'Idonea Wynter',3),(1228,'Tucker Rowe',1),(1229,'Annabella Mcmullen',2),(1230,'Deborah Ann',3),(1231,'Lovell Baird',2),(1232,'Lotus Crissman',3),(1233,'Kurtis Wheeler',1),(1234,'Phyllis Linton',3),(1235,'Hardy Beail',3),(1236,'Nivek Holdsworth',1),(1237,'Flo Akers',3),(1238,'Ramsey Sadley',1),(1239,'Dolly Lafortune',3),(1240,'Levi Minnie',2),(1241,'Lloyd Foster',1),(1242,'Janette Poehl',1),(1243,'Dee Wiggins',3),(1244,'Rowland Hobbs',1),(1245,'Sabrina Wible',2),(1246,'Joni Auman',1),(1247,'Zillah Wylie',1),(1248,'Ira Nicholas',1),(1249,'Darin Kalp',3),(1250,'Joby Stange',2),(1251,'Ivor Albright',1),(1252,'Aleta Wade',2),(1253,'Parker Hindman',1),(1254,'Barrie Hirleman',1),(1255,'Kathlyn Smail',3),(1256,'Jamison Lacon',3),(1257,'Dusty Eisenmann',1),(1258,'York Fox',2),(1259,'Hortensia Zundel',1),(1260,'Meryl Lambert',1),(1261,'Deonne Powell',2),(1262,'Shantel Sell',2),(1263,'Tarquin Widaman',1),(1264,'Beaumont Burkett',1),(1265,'Ivor Albright',1),(1266,'Sam Gertraht',3),(1267,'Clement Haverrman',1),(1268,'Stu Camp',2),(1269,'Dana Faast',1),(1270,'Beckah Stroh',3),(1271,'Angelina Christner',1),(1272,'Bryanna Werry',1),(1273,'Valorie Wynne',2),(1274,'Wren Hozier',1),(1275,'Briony Barth',2),(1276,'Maurice Zadovsky',1),(1277,'Stu Camp',3),(1278,'Clark Laborde',3),(1279,'Mary Watson',1),(1280,'Sloane Hunt',1),(1281,'Columbine Weldi',3),(1282,'Kerr Fischer',2),(1283,'Kathlyn Smail',1),(1284,'China Owens',2),(1285,'Joachim Chase',1),(1286,'Sabrina Wible',1),(1287,'Merton Graham',3),(1288,'Gracie Wallick',2),(1289,'Joandra Noton',3),(1290,'Bettina Pierce',2),(1291,'Kalysta Eisenhart',1),(1292,'Steven Hiles',1),(1293,'Brandi Schuth',1),(1294,'Christina Elsas',3),(1295,'Chesley Mull',1),(1296,'Laurelle Demuth',3),(1297,'Philis Lester',1),(1298,'Mordikai Waldron',3),(1299,'Joandra Noton',3),(1300,'Ogden Bowchiew',3),(1301,'Carlisa Bickerson',3),(1302,'Antwan Marjorie',2),(1303,'Stew Lane',1),(1304,'Jim Marcotte',3),(1305,'Carlene Buzzard',2),(1306,'Crystal Tavoularis',3),(1307,'Violet Beard',1),(1308,'Hailee Cypret',3),(1309,'Cherokee Carpenter',3),(1310,'Chesley Mull',3),(1311,'Wilkie Chappel',1),(1312,'Ira Nicholas',1),(1313,'Phil Rohtin',1),(1314,'Isabel Rahl',3),(1315,'Chance Hall',1),(1316,'Franklyn Queer',2),(1317,'Kasandra Faqua',1),(1318,'Davy Mckinnon',2),(1319,'Mordikai Waldron',3),(1320,'Claudia Rawls',3),(1321,'Hardy Beail',3),(1322,'Gethsemane Wilks',1),(1323,'Ravenna Porter',1),(1324,'Clint Ashbaugh',2),(1325,'Betsy Coveney',3),(1326,'Cyndi Warren',1),(1327,'Brook Trovato',1),(1328,'Chance Hall',1),(1329,'Carlene Buzzard',1),(1330,'Debbie Hair',2),(1331,'Maximilian Haile',3),(1332,'Peg Johann',1),(1333,'Sylvester Conrad',3),(1334,'Jessi Lowry',2),(1335,'Patricia Townsend',2),(1336,'Lorena Tedrow',3),(1337,'Buddy Loewentsein',3),(1338,'Shantel Sell',3),(1339,'Idony Lazzo',1),(1340,'Dot Armstrong',2),(1341,'Reynard Knight',1),(1342,'Arleen Tireman',1),(1343,'Donnie Appleby',1),(1344,'Sherri Emrick',1),(1345,'Chonsie Eva',3),(1346,'Milford James',1),(1347,'Deryck Berkheimer',3),(1348,'Margie Straub',1),(1349,'Deryck Berkheimer',1),(1350,'Myra Toke',1),(1351,'Dannie Tomco',1),(1352,'Harmon Pullman',1),(1353,'Joshua Canham',3),(1354,'Buddy Loewentsein',2),(1355,'Jamaar Agg',1),(1356,'Katie Mcclymonds',2),(1357,'Vi Clarke',1),(1358,'Claudia Rawls',2),(1359,'Mellony Prescott',2),(1360,'Carlene Buzzard',1),(1361,'Jarod Hanseu',2),(1362,'Lloyd Foster',1),(1363,'Destinee Surrency',3),(1364,'Maximilian Haile',2),(1365,'Joby Stange',1),(1366,'Idony Lazzo',1),(1367,'Tatyanna Eisenman',2),(1368,'Levi Minnie',3),(1369,'Bess Baker',3),(1370,'Shonda Mckee',2),(1371,'Ira Nicholas',1),(1372,'Sloan Carter',2),(1373,'Byrne Giesen',1),(1374,'Patricia Townsend',1),(1375,'Buddy Loewentsein',1),(1376,'Annabella Mcmullen',2),(1377,'Tyriq Churchill',2),(1378,'Alvar Brindle',1),(1379,'Antony Romanoff',2),(1380,'Henry Shallenberger',3),(1381,'Flossie Cowher',2),(1382,'Tyreek Philips',3),(1383,'Candice Fuchs',2),(1384,'Pattie Dugmore',2),(1385,'Mort Mcintosh',3),(1386,'Tylar Levett',3),(1387,'Barrie Hirleman',1),(1388,'Babs Ritter',1),(1389,'Maurene Littlefield',3),(1390,'Lewis Ling',1),(1391,'Alaina Bashline',2),(1392,'Beckah Stroh',1),(1393,'Stew Lane',1),(1394,'Conor Sherlock',3),(1395,'Carin Burns',1),(1396,'Hyacintha Murray',1),(1397,'Dusty Eisenmann',2),(1398,'Clint Ashbaugh',1),(1399,'Sarah Taylor',3),(1400,'Rowland Hobbs',3),(1401,'Joi Frankenberger',1),(1402,'Isabel Rahl',1),(1403,'Carissa Benford',1),(1404,'Valerie Osterwise',1),(1405,'Percy Whitehead',2),(1406,'Esta Fulton',3),(1407,'Eugene Carbaugh',3),(1408,'Cyndi Warren',1),(1409,'Scottie Stone',3),(1410,'Kalysta Eisenhart',1),(1411,'Alfred Zalack',1),(1412,'Debbie Hair',3),(1413,'Misty Harrold',3),(1414,'Sherri Emrick',2),(1415,'Katelyn Batten',3),(1416,'Deniece Braham',3),(1417,'Aleesha Reade',3),(1418,'Maynard Johnston',2),(1419,'Idonea Wynter',1),(1420,'Cyrus Logue',1),(1421,'Ian Millard',2),(1422,'Christina Elsas',1),(1423,'Lawanda Rice',1),(1424,'Roxie Teagarden',3),(1425,'Philis Lester',3),(1426,'Maurene Littlefield',1),(1427,'Giffard Sholl',1),(1428,'Eddy Kemerer',3),(1429,'Percy Whitehead',1),(1430,'Emerson Morgan',2),(1431,'Elisa Woolery',3),(1432,'Tia Brown',3),(1433,'Archie Elinor',3),(1434,'Aspen Pearson',3),(1435,'Terra Pittman',1),(1436,'Keeley Pycroft',3),(1437,'Katie Mcclymonds',2),(1438,'Casey Omara',1),(1439,'Tresha Robinson',2),(1440,'Rayner Holtzer',1),(1441,'Steven Hiles',1),(1442,'Hortensia Zundel',1),(1443,'Spencer Zaun',3),(1444,'Xylia Fleming',1),(1445,'Jenessa Cady',3),(1446,'Luvenia Porter',1),(1447,'Rodger Knapp',1),(1448,'Celestine Bastion',2),(1449,'Reynard Knight',3),(1450,'Gavin Dunlap',1),(1451,'Kathlyn Smail',3),(1452,'Lis Perkins',1),(1453,'Phil Rohtin',1),(1454,'Thomas Mens',1),(1455,'Antwan Marjorie',3),(1456,'Henderson Woollard',3),(1457,'Percy Whitehead',2),(1458,'Sloan Carter',1),(1459,'Erykah Reed',3),(1460,'Montague Garratt',2),(1461,'Noah Kimmons',3),(1462,'Laz Congdon',1),(1463,'Edward Anderson',1),(1464,'Perlie Pritchard',2),(1465,'Mort Mcintosh',2),(1466,'Ian Millard',1),(1467,'Hillary Drennan',3),(1468,'Victoria Knopsnider',1),(1469,'Lesly Aft',2),(1470,'Shane Llora',3),(1471,'Deryck Berkheimer',3),(1472,'Jacqui Fillmore',1),(1473,'Eleanore Beach',3),(1474,'Deborah Ann',1),(1475,'Kerr Fischer',1),(1476,'Orrell Handyside',2),(1477,'Carlie Wise',3),(1478,'Merton Graham',2),(1479,'Kyleigh Braun',3),(1480,'Wilkie Chappel',3),(1481,'Lewis Ling',1),(1482,'Gord Shirey',2),(1483,'Merton Graham',3),(1484,'Chase Kadel',3),(1485,'Godric Kunkle',2),(1486,'Alvar Brindle',2),(1487,'Gord Shirey',1),(1488,'Cedar Weisgarber',3),(1489,'Otis Reamer',1),(1490,'Xzavier Endsley',1),(1491,'Keegan Bauerle',2),(1492,'Gosse Altman',1),(1493,'Davy Mckinnon',3),(1494,'Audley Bard',3),(1495,'Amabel Kelley',1),(1496,'Jaylee Joghs',1),(1497,'Luvenia Porter',3),(1498,'Jennie Busk',2),(1499,'Kelsie Shaner',1),(1500,'Munro Johns',3),(1501,'Dexter Fields',2),(1502,'Drew Ewing',3),(1503,'Sharon Robertson',2),(1504,'Chet Feufer',1),(1505,'Lydia Treeby',1),(1506,'Peg Johann',2),(1507,'Elsa Reddish',1),(1508,'Scarlet Swarner',2),(1509,'Esta Fulton',3),(1510,'Meryl Lambert',2),(1511,'Millie Weeter',1),(1512,'Ibbie Patton',3),(1513,'Deryck Berkheimer',2),(1514,'Drew Ewing',3),(1515,'Gavin Dunlap',3),(1516,'Amabel Kelley',2),(1517,'Den Cox',2),(1518,'Angelia Courtney',2),(1519,'Nancy Ramsey',1),(1520,'Lydia Treeby',1),(1521,'Sharalyn Yonkie',1),(1522,'Harmon Pullman',1),(1523,'Tilly Wilkinson',3),(1524,'Elwin Rumbaugh',1),(1525,'King Harper',1),(1526,'Audie Hatherly',1),(1527,'Antwan Marjorie',3),(1528,'Iris Riggle',3),(1529,'Eddy Kemerer',2),(1530,'Ira Nicholas',3),(1531,'Jemmy Oppie',3),(1532,'Lallie Heckendora',3),(1533,'Casey Omara',1),(1534,'Kay Drumm',3),(1535,'Katelynn Briggs',2),(1536,'Briony Barth',2),(1537,'Luke Laurenzi',3),(1538,'William Howard',3),(1539,'Kylie Barkley',1),(1540,'Tennyson Stroble',1),(1541,'Tye Haines',3),(1542,'Kenton Hincken',1),(1543,'Edward Anderson',2),(1544,'Kurtis Wheeler',2),(1545,'Sarah Taylor',2),(1546,'Tennyson Stroble',3),(1547,'Hailee Cypret',3),(1548,'Maurice Zadovsky',2),(1549,'London Davis',1),(1550,'Mercia Mingle',3),(1551,'Joachim Chase',3),(1552,'Mattie Sybilla',2),(1553,'Jeannie Elder',1),(1554,'Parker Hindman',3),(1555,'Johnathan Hills',1),(1556,'Myra Toke',1),(1557,'Diggory Holts',2),(1558,'Candy Faust',2),(1559,'Barret Kellogg',1),(1560,'Elicia Boyer',2),(1561,'Gord Shirey',2),(1562,'Petula Rosenstiehl',2),(1563,'Linnet Trevithick',2),(1564,'Linnet Trevithick',3),(1565,'Briony Barth',2),(1566,'Alexis Blois',3),(1567,'Gaenor Hall',2),(1568,'Norris Koepple',3),(1569,'Eldred Echard',1),(1570,'China Owens',1),(1571,'Arthur Butterfill',2),(1572,'Philis Lester',2),(1573,'Chonsie Eva',2),(1574,'Jessi Lowry',3),(1575,'Orrell Handyside',1),(1576,'London Davis',2),(1577,'Melvyn Elizabeth',2),(1578,'Flo Akers',3),(1579,'Phil Rohtin',2),(1580,'Mellony Prescott',1),(1581,'Valorie Wynne',1),(1582,'Tera Fisher',2),(1583,'Huffie Catleay',3),(1584,'Eddy Kemerer',3),(1585,'Dexter Fields',3),(1586,'Tonya Pratt',2),(1587,'Maurice Zadovsky',1),(1588,'Annalisa Moon',3),(1589,'Candice Fuchs',3),(1590,'Angelina Christner',2),(1591,'Brayden Pirl',2),(1592,'Tia Brown',3),(1593,'Scarlet Swarner',3),(1594,'Carla Thorley',3),(1595,'Kenton Hincken',3),(1596,'Audie Hatherly',1),(1597,'Deryck Berkheimer',1),(1598,'Esta Fulton',2),(1599,'Lucian Miller',2),(1600,'Myles Oneal',2),(1601,'Tera Fisher',2),(1602,'Sloan Carter',1),(1603,'Porsche Beals',2),(1604,'Josiah Nickolson',1),(1605,'Hyacintha Murray',3),(1606,'Tera Fisher',2),(1607,'Mattie Sybilla',2),(1608,'Austin Sullivan',1),(1609,'Everett Myers',3),(1610,'Tarquin Widaman',2),(1611,'Rachelle Garry',2),(1612,'Xylia Fleming',3),(1613,'York Fox',1),(1614,'Winter Pheleps',3),(1615,'Hortensia Zundel',3),(1616,'Scarlet Swarner',2),(1617,'Austin Sullivan',2),(1618,'Babs Ritter',2),(1619,'Vi Clarke',1),(1620,'Annice Kuster',2),(1621,'Collin Welty',3),(1622,'Steven Hiles',1),(1623,'Hailee Cypret',1),(1624,'Honor Priebe',2),(1625,'Tacey Yeskey',3),(1626,'Katelyn Batten',3),(1627,'Destinee Surrency',1),(1628,'Josiah Nickolson',2),(1629,'Tristram Smothers',2),(1630,'Elaine Patterson',2),(1631,'Tallulah Compton',2),(1632,'York Fox',1),(1633,'Violet Beard',1),(1634,'Sal Warren',2),(1635,'Steven Hiles',3),(1636,'Joshua Canham',1),(1637,'Grahame Ream',1),(1638,'Jaydon Johnson',1),(1639,'Terra Pittman',2),(1640,'Nancy Ramsey',3),(1641,'Luvenia Porter',2),(1642,'Chyna Kight',2),(1643,'Tyriq Churchill',2),(1644,'Perlie Pritchard',2),(1645,'Myles Oneal',3),(1646,'Grahame Ream',3),(1647,'Melvyn Elizabeth',2),(1648,'Tallulah Compton',3),(1649,'Arleen Tireman',2),(1650,'Lis Perkins',3),(1651,'Dee Wiggins',2),(1652,'Moreen Newman',2),(1653,'Phil Rohtin',3),(1654,'Tessa Bridger',2),(1655,'Heath Hawker',1),(1656,'Clarity Peters',1),(1657,'Washington Butt',1),(1658,'Chance Hall',1),(1659,'Shantelle Adcock',1),(1660,'Noah Kimmons',3),(1661,'Peg Johann',2),(1662,'Antony Romanoff',1),(1663,'Wilmer Watkins',3),(1664,'Philis Lester',2),(1665,'Darcy Dickinson',1),(1666,'Bambi Sandys',3),(1667,'Shonda Mckee',3),(1668,'Gabby Geddinge',1),(1669,'Tylar Levett',1),(1670,'Brook Trovato',1),(1671,'Luanne Driggers',2),(1672,'Josiah Nickolson',3),(1673,'Maryvonne Throckmorton',2),(1674,'Abby Vinsant',1),(1675,'Annice Kuster',1),(1676,'Hebe Raub',1),(1677,'Floella Read',1),(1678,'Shantelle Adcock',2),(1679,'Linnet Trevithick',3),(1680,'Deonne Powell',3),(1681,'Lloyd Foster',1),(1682,'Carlisa Bickerson',1),(1683,'Lis Perkins',2),(1684,'Clement Haverrman',1),(1685,'Gary Hasely',3),(1686,'Myles Oneal',1),(1687,'Tera Fisher',2),(1688,'Shane Llora',3),(1689,'Phil Rohtin',3),(1690,'Jan Mcmichaels',1),(1691,'Orrell Handyside',3),(1692,'Noah Kimmons',1),(1693,'Kerr Fischer',3),(1694,'Wren Hozier',2),(1695,'Tracee Tue',1),(1696,'Jasmyn Sauter',1),(1697,'Myra Toke',2),(1698,'Su Swabey',3),(1699,'Ibbie Patton',1),(1700,'Stew Lane',1),(1701,'Earl Mang',3),(1702,'Africa Mench',3),(1703,'Cherokee Carpenter',2),(1704,'Perce Casteel',3),(1705,'Nancy Ramsey',2),(1706,'Janette Poehl',1),(1707,'Candy Faust',3),(1708,'Laurelle Demuth',1),(1709,'Gabby Geddinge',3),(1710,'Gosse Altman',1),(1711,'Tatyanna Eisenman',3),(1712,'Wren Hozier',2),(1713,'Freeman Rhodes',2),(1714,'Lawrie Isaman',2),(1715,'Hailee Cypret',1),(1716,'Albert Henry',1),(1717,'Renae Weingarten',1),(1718,'Antwan Marjorie',2),(1719,'Tallulah Compton',3),(1720,'Dusty Eisenmann',2),(1721,'Davy Mckinnon',1),(1722,'Cedar Weisgarber',3),(1723,'Kurtis Wheeler',1),(1724,'Robbie Thompson',3),(1725,'Jasmyn Sauter',3),(1726,'Mellony Prescott',2),(1727,'Annice Kuster',3),(1728,'Richard Bagley',2),(1729,'Merton Graham',1),(1730,'Percy Whitehead',2),(1731,'King Harper',3),(1732,'Cicely Black',1),(1733,'Rosanne Pawle',3),(1734,'Lawrie Isaman',1),(1735,'Charity Larson',2),(1736,'Tilda Swift',1),(1737,'Halle Shaffer',3),(1738,'Stu Camp',2),(1739,'Ira Nicholas',1),(1740,'Clint Ashbaugh',3),(1741,'Jerrold Crawford',2),(1742,'Clement Haverrman',1),(1743,'Joachim Chase',3),(1744,'Headley Adams',2),(1745,'Chesley Mull',3),(1746,'Bambi Sandys',3),(1747,'Cherokee Carpenter',3),(1748,'Tacey Yeskey',2),(1749,'Berenice Polson',1),(1750,'Alexis Blois',3),(1751,'Lloyd Foster',3),(1752,'Lolicia Neely',1),(1753,'Lagina Wardle',1),(1754,'Clark Laborde',2),(1755,'Dee Wiggins',1),(1756,'Jillie Greene',3),(1757,'Ryana Smith',1),(1758,'Xzavier Endsley',2),(1759,'Toby Schofield',3),(1760,'Moreen Newman',1),(1761,'Lydia Treeby',2),(1762,'Jasmyn Sauter',1),(1763,'Jamaar Agg',3),(1764,'Lorena Tedrow',2),(1765,'Crystal Tavoularis',2),(1766,'Joni Auman',1),(1767,'Jaydon Johnson',1),(1768,'Philis Lester',3),(1769,'Joby Stange',1),(1770,'Sal Warren',3),(1771,'Judah Kava',1),(1772,'Heron Osteen',1),(1773,'Noah Kimmons',1),(1774,'Regan Kooser',2),(1775,'Laurena Gottwine',3),(1776,'Arthur Butterfill',3),(1777,'Columbine Weldi',3),(1778,'Alec Close',1),(1779,'Regena Wilson',2),(1780,'Rebekah Bash',1),(1781,'Kenton Hincken',3),(1782,'Tarquin Widaman',3),(1783,'Keaton Grant',2),(1784,'Dana Faast',3),(1785,'Dawn Roche',2),(1786,'Rachelle Garry',2),(1787,'Tilly Wilkinson',1),(1788,'Lawanda Rice',3),(1789,'Den Cox',1),(1790,'Amabel Kelley',3),(1791,'Everett Myers',3),(1792,'Frannie Edwards',1),(1793,'Flossie Cowher',2),(1794,'Alvina Yates',3),(1795,'Lawanda Rice',1),(1796,'Ralph Downing',2),(1797,'Gracie Wallick',1),(1798,'Nick Shotts',3),(1799,'Dannie Tomco',2),(1800,'Elaine Patterson',1),(1801,'Carin Burns',1),(1802,'Chase Kadel',3),(1803,'Carly Bellinger',1),(1804,'Lysette Mortland',1),(1805,'Edward Anderson',2),(1806,'Tatum Dryfus',2),(1807,'Latanya Jyllian',3),(1808,'Rosalind Prechtl',2),(1809,'Sal Warren',3),(1810,'Amabel Kelley',2),(1811,'Franklyn Queer',1),(1812,'Tonya Pratt',2),(1813,'Norris Koepple',1),(1814,'Darin Kalp',1),(1815,'Jamaar Agg',1),(1816,'Osmund Cressman',3),(1817,'Tessa Bridger',1),(1818,'Gavin Dunlap',3),(1819,'Zachery Beedell',2),(1820,'Bobbie Doverspike',2),(1821,'Lallie Heckendora',3),(1822,'Cornell Saylor',2),(1823,'Flo Akers',3),(1824,'Clement Haverrman',2),(1825,'Robbie Thompson',2),(1826,'Paden Poley',3),(1827,'Maureen Coates',2),(1828,'Johnathan Hills',1),(1829,'Jillie Greene',3),(1830,'Gord Shirey',2),(1831,'Rebekah Bash',2),(1832,'Philis Lester',2),(1833,'Levi Minnie',1),(1834,'Tye Haines',3),(1835,'Flossie Cowher',3),(1836,'Josiah Nickolson',3),(1837,'Maurice Zadovsky',1),(1838,'Joni Auman',3),(1839,'China Owens',1),(1840,'Mike Brinigh',1),(1841,'Morgana Mayers',2),(1842,'Angelina Christner',2),(1843,'Chonsie Eva',2),(1844,'Ralph Downing',1),(1845,'Haywood Fowler',3),(1846,'Rowanne Fry',3),(1847,'Everett Myers',3),(1848,'Ally Cable',2),(1849,'Kelsie Shaner',1),(1850,'Mckenna Mccune',1),(1851,'Buddy Loewentsein',3),(1852,'Frankie Seidner',2),(1853,'Tilly Wilkinson',1),(1854,'Barret Kellogg',3),(1855,'Den Cox',1),(1856,'Tonya Pratt',3),(1857,'Eleanora Lear',3),(1858,'Beaumont Burkett',2),(1859,'Malcolm Greif',1),(1860,'Tessa Bridger',1),(1861,'Winter Pheleps',3),(1862,'Terrie Ironmonger',1),(1863,'Ramsey Sadley',2),(1864,'Mercia Mingle',1),(1865,'Jasmyn Sauter',1),(1866,'Joby Stange',3),(1867,'Godric Kunkle',1),(1868,'Xzavier Endsley',1),(1869,'Kirk Stocker',1),(1870,'Sloane Hunt',3),(1871,'Eldred Echard',3),(1872,'Abby Vinsant',2),(1873,'Montague Garratt',2),(1874,'Chyna Kight',3),(1875,'Shonda Mckee',2),(1876,'Archie Elinor',3),(1877,'Lis Perkins',2),(1878,'Narcissa Children',1),(1879,'Henry Shallenberger',3),(1880,'Delmar Goodman',2),(1881,'Gary Hasely',2),(1882,'Malandra Coldsmith',1),(1883,'Columbine Weldi',2),(1884,'Rube Blunt',3),(1885,'Maegan Candles',2),(1886,'Kathleen Parrish',2),(1887,'Luvenia Porter',1),(1888,'Jazmine Philbrick',2),(1889,'Euphemia Kiefer',3),(1890,'Shane Llora',2),(1891,'Otis Reamer',2),(1892,'Faithe Clewett',1),(1893,'Jemmy Oppie',2),(1894,'Zachery Beedell',3),(1895,'Arthur Butterfill',3),(1896,'Ramsey Sadley',1),(1897,'Lallie Heckendora',1),(1898,'Ian Millard',2),(1899,'Ravenna Porter',2),(1900,'Clarity Peters',1),(1901,'York Fox',3),(1902,'Jacqui Fillmore',1),(1903,'Candy Faust',2),(1904,'Franklyn Queer',1),(1905,'Tylar Levett',3),(1906,'Rube Blunt',2),(1907,'Delmar Goodman',2),(1908,'Petula Rosenstiehl',1),(1909,'Mary Watson',2),(1910,'Dalia Stiffey',2),(1911,'Clay Archibald',2),(1912,'Parker Hindman',3),(1913,'Ravenna Porter',1),(1914,'Jaynie Wentzel',1),(1915,'Gracie Wallick',1),(1916,'Franklin James',2),(1917,'Euphemia Kiefer',1),(1918,'Millicent Guest',2),(1919,'Dusty Eisenmann',1),(1920,'Annetta Kepple',1),(1921,'Marlin Mcindoe',3),(1922,'Alvina Yates',2),(1923,'Hugo Bullard',2),(1924,'Garrett Rosensteel',3),(1925,'Tye Haines',3),(1926,'Kelsie Shaner',3),(1927,'Ravenna Porter',1),(1928,'Austin Sullivan',2),(1929,'Xylia Fleming',3),(1930,'Kelsie Shaner',1),(1931,'Floella Read',3),(1932,'Karen Cavalet',1),(1933,'Chance Hall',3),(1934,'Zola Mcdonald',3),(1935,'Briony Barth',2),(1936,'Joni Auman',1),(1937,'Sanford Bowman',3),(1938,'Maegan Candles',2),(1939,'Hopkin Hil',2),(1940,'Barrie Hirleman',3),(1941,'Antony Romanoff',1),(1942,'Su Swabey',2),(1943,'Hortensia Zundel',3),(1944,'Charity Larson',1),(1945,'Joi Frankenberger',1),(1946,'Mattie Sybilla',1),(1947,'Arleen Tireman',2),(1948,'Tranter Fylbrigg',3),(1949,'Savanna Swink',1),(1950,'Susanna Fuhrer',2),(1951,'Dexter Fields',1),(1952,'Barrie Hirleman',2),(1953,'Dolly Lafortune',2),(1954,'Trix Gronko',2),(1955,'Hopkin Hil',1),(1956,'Shane Llora',3),(1957,'Johnathan Hills',3),(1958,'Posy Herndon',2),(1959,'Ed Gregory',1),(1960,'Russ Moonshower',1),(1961,'Aleesha Reade',2),(1962,'Vere Fisher',1),(1963,'Arleen Tireman',3),(1964,'Michaela Sayre',3),(1965,'Keeley Pycroft',3),(1966,'Joel Sloan',2),(1967,'Tonya Pratt',1),(1968,'Laurelle Demuth',2),(1969,'Acacia Wortman',3),(1970,'Jillian Scott',1),(1971,'Newt Dean',1),(1972,'Joi Frankenberger',2),(1973,'Malcolm Greif',1),(1974,'Jim Marcotte',2),(1975,'Betsy Coveney',3),(1976,'Giffard Sholl',2),(1977,'Jim Marcotte',3),(1978,'Shonda Mckee',3),(1979,'Terrie Ironmonger',3),(1980,'Sloan Carter',3),(1981,'Eldred Echard',2),(1982,'Peg Johann',3),(1983,'Sunshine Reichard',1),(1984,'Dick Dimsdale',3),(1985,'Jan Mcmichaels',1),(1986,'Annalisa Moon',3),(1987,'Merton Graham',2),(1988,'Tallulah Compton',1),(1989,'Lloyd Foster',2),(1990,'Annice Kuster',3),(1991,'Clint Ashbaugh',3),(1992,'Karen Cavalet',3),(1993,'Destinee Surrency',1),(1994,'Washington Butt',1),(1995,'Den Cox',2),(1996,'Kathlyn Smail',2),(1997,'Tatyanna Eisenman',1),(1998,'Columbine Weldi',1),(1999,'Jillian Scott',1),(2000,'Sharon Robertson',3),(2001,'Frannie Edwards',2),(2002,'Kennedy Thomlinson',3),(2003,'Oprah Wickes',1);
/*!40000 ALTER TABLE `bank_customer` ENABLE KEYS */;
UNLOCK TABLES;

--
-- Table structure for table `bank_loan`
--

DROP TABLE IF EXISTS `bank_loan`;
/*!40101 SET @saved_cs_client     = @@character_set_client */;
/*!50503 SET character_set_client = utf8mb4 */;
CREATE TABLE `bank_loan` (
  `id` bigint NOT NULL AUTO_INCREMENT,
  `amount` double NOT NULL,
  `year_interest_rate` double NOT NULL,
  `time_limit` int NOT NULL,
  `time` date NOT NULL,
  `loan_customer_id` bigint NOT NULL,
  PRIMARY KEY (`id`),
  KEY `bank_loan_loan_customer_id_5641b7f6_fk_bank_customer_id` (`loan_customer_id`),
  CONSTRAINT `bank_loan_loan_customer_id_5641b7f6_fk_bank_customer_id` FOREIGN KEY (`loan_customer_id`) REFERENCES `bank_customer` (`id`)
) ENGINE=InnoDB AUTO_INCREMENT=1007 DEFAULT CHARSET=utf8mb4 COLLATE=utf8mb4_0900_ai_ci;
/*!40101 SET character_set_client = @saved_cs_client */;

--
-- Dumping data for table `bank_loan`
--

LOCK TABLES `bank_loan` WRITE;
/*!40000 ALTER TABLE `bank_loan` DISABLE KEYS */;
INSERT INTO `bank_loan` VALUES (1,1000,0.045,25,'2022-07-03',1),(2,1000,0.045,25,'2022-07-03',1),(3,1000,0.045,25,'2022-07-03',1),(4,1000,0.045,25,'2022-07-03',1),(5,1000,0.045,25,'2022-07-03',1),(6,1000,0.045,25,'2022-07-03',1),(7,192.996952385176,204.234380992129,894215510,'2022-11-11',748),(8,200.217954326421,117.540260735434,641286255,'2022-07-01',442),(9,239.434097526129,252.005369949155,120589441,'2022-09-15',823),(10,55.0195737378672,175.434497662354,724483158,'2022-01-11',722),(11,35.7775542014278,144.649003919214,1486771028,'2022-03-23',1024),(12,51.2395545672625,184.560670768376,893093381,'2022-02-25',391),(13,103.138221203815,154.118031260557,1793242255,'2022-03-21',1399),(14,148.606607048772,24.1698141344823,1530578747,'2022-05-20',819),(15,238.244674537797,43.751926233992,1111807218,'2022-01-14',906),(16,228.40273988992,102.091465927195,403282875,'2022-04-08',1855),(17,46.4198405458592,178.898535883985,1211331389,'2022-12-04',18),(18,87.6956859612837,230.024703097064,1868398913,'2022-12-24',1734),(19,52.7433074624278,55.5576690584421,631871536,'2022-11-28',818),(20,73.6601646561176,179.242109426763,649545617,'2022-01-20',861),(21,3.17198047367856,7.1601529577747,2004502155,'2022-11-22',1636),(22,73.9413500605151,116.723522631917,185499752,'2022-11-29',1662),(23,47.1476447363384,98.3751794788986,1422830350,'2022-01-14',1012),(24,64.0744609497487,131.039140592795,720465799,'2022-01-25',638),(25,211.428985183593,19.8836854947731,566414457,'2022-07-31',466),(26,228.050560501404,72.6824261699803,1123383981,'2022-04-23',880),(27,205.922721321229,123.241058085114,2091694988,'2022-07-03',311),(28,101.085450490937,224.387234432157,527702429,'2022-05-16',215),(29,79.5287495921366,185.153627608903,607798023,'2022-02-26',1779),(30,59.3809666102752,89.6256954991259,1924154899,'2022-11-22',1621),(31,139.832545262296,3.58520838432014,657528746,'2022-04-17',557),(32,84.0410284250975,129.348620578181,1503685586,'2022-11-11',1259),(33,8.24956015637144,8.96736861672252,1815971893,'2022-07-17',792),(34,170.193469361402,76.4735581469722,196663450,'2022-03-30',388),(35,130.325961946044,42.2851580902934,1356574056,'2022-01-26',158),(36,17.647968987003,12.0221116109751,1127394344,'2022-03-16',498),(37,100.702795069199,196.82369401399,705108483,'2022-10-23',708),(38,46.9653317285702,166.532739138696,1399539775,'2022-05-30',1159),(39,20.1315027331002,107.765302287415,2147289798,'2022-01-11',102),(40,14.4989030398428,86.802990752738,1779974302,'2022-02-17',9),(41,169.262733829673,132.496833327226,1476204145,'2022-12-06',1),(42,78.670085911639,61.5209971298464,640404230,'2022-09-19',1734),(43,137.092467966024,46.297318469733,1804885444,'2022-05-07',1091),(44,109.331717489287,243.30500893807,1281732404,'2022-02-09',585),(45,178.314726188313,75.9023048402742,882850687,'2022-12-14',1124),(46,3.43048743810505,75.456894914154,1974253291,'2022-11-22',1176),(47,119.773494352121,17.1580034550279,1607300194,'2022-01-18',1531),(48,119.177626572549,156.725741259288,1718394346,'2022-07-27',844),(49,71.1029704674147,27.4608071958646,1830086445,'2022-02-10',1877),(50,18.4507661396638,254.946054306347,1481933297,'2022-11-05',236),(51,212.869856721256,222.800782173872,773766304,'2022-04-27',1755),(52,101.054165022448,99.936552786734,686936769,'2022-03-20',1262),(53,24.4591512563638,223.866407872178,1448810363,'2022-07-01',490),(54,183.634424003772,111.895145399962,532922904,'2022-09-30',1757),(55,11.9507541586645,77.6971383336931,386352254,'2022-08-01',58),(56,244.359353106469,199.078423764091,495137719,'2022-02-15',209),(57,206.693186481949,165.665278534405,856844905,'2022-03-26',631),(58,162.793829900213,44.1848602001555,209399134,'2022-03-23',545),(59,114.567830512766,225.004216957837,996981244,'2022-11-07',1448),(60,114.62328354083,1.94488417869434,518899405,'2022-08-27',672),(61,193.427333853673,252.551227261312,602742263,'2022-04-10',330),(62,139.857861182652,249.33312063152,1419876803,'2022-10-26',93),(63,6.26017927797511,205.714848799631,1134127898,'2022-03-16',1501),(64,22.773380279541,37.9333077068441,735293955,'2022-05-03',1070),(65,37.6549066840671,5.78427764680237,12390437,'2022-05-09',647),(66,254.983842165209,111.679770920891,1407843657,'2022-01-13',1790),(67,51.4870828525163,142.446246631444,165299672,'2022-05-17',1148),(68,245.569579178467,253.845815034118,2036480856,'2022-04-25',46),(69,227.804849084001,128.638544776477,2015477491,'2022-08-24',52),(70,32.9800294740126,91.1240043551661,1520004591,'2022-08-20',1523),(71,29.0197361712344,131.52362340875,918345782,'2022-10-21',1642),(72,236.365680534393,179.321036550682,203933903,'2022-12-28',803),(73,117.093420532998,225.285658079199,1943423073,'2022-02-14',1257),(74,101.944894273765,76.9457744141109,833429942,'2022-12-19',1235),(75,176.823204713408,244.514982309192,1559056436,'2022-08-27',1510),(76,28.8531234990805,151.177984421607,1024057445,'2022-11-27',164),(77,58.9442398245446,64.0199810536578,1604282991,'2022-10-03',1089),(78,181.529451369308,171.742440278176,169897628,'2022-07-04',794),(79,106.959866885562,39.8733286466449,1119124434,'2022-08-16',845),(80,3.94343236833811,195.453284032177,811280411,'2022-02-02',1844),(81,100.757938386407,142.231877869926,282690333,'2022-01-03',1671),(82,83.7288851821795,28.0118967113085,760400546,'2022-12-09',1747),(83,158.545590779278,104.842553660274,655739152,'2022-08-04',580),(84,79.4455847460777,87.413014808204,1695639024,'2022-04-29',823),(85,89.8126729759388,168.035276846029,749113451,'2022-04-05',853),(86,118.609722602181,35.4134383187629,1687014343,'2022-05-23',169),(87,168.289895304013,83.2832401785999,1888306670,'2022-05-12',16),(88,207.69455158338,109.320410411339,572227559,'2022-02-14',835),(89,12.5767477503978,232.955780799501,180105305,'2022-02-08',1813),(90,154.878802713938,100.237608179916,766191630,'2022-09-01',1317),(91,99.6513456949033,154.574640158564,1399693420,'2022-02-13',1224),(92,65.7872590925544,57.2406683093868,668433405,'2022-05-03',95),(93,214.214595712256,115.585574273951,852599015,'2022-09-09',1109),(94,204.700293398462,204.116280856077,1926935923,'2022-08-15',692),(95,177.139433395583,38.2490740995854,501098122,'2022-04-29',536),(96,204.582222536206,207.664118721616,732463155,'2022-09-03',1047),(97,192.567369529512,93.6113776406273,850247701,'2022-07-05',268),(98,131.667004809715,134.504229773302,461924858,'2022-01-01',367),(99,13.7941903159954,76.5150023326278,2004403784,'2022-02-20',1885),(100,128.119101891294,144.229002939072,1135399560,'2022-08-03',1627),(101,58.3893917310052,101.121698074974,718605283,'2022-05-04',894),(102,208.332249726169,160.963428980205,1818385311,'2022-05-24',1341),(103,93.3747874652036,120.32501818426,42470822,'2022-08-31',1498),(104,14.6144293881953,44.3251110198908,143907071,'2022-04-21',730),(105,181.121714276727,227.599627408199,265790033,'2022-03-25',1465),(106,249.208500777371,176.781339280773,1283375205,'2022-02-06',1882),(107,142.288367959205,136.145013015717,1826957988,'2022-07-12',87),(108,153.689758924767,198.859528859612,1402214804,'2022-11-27',1628),(109,190.984037503134,30.5074368538335,1044332895,'2022-09-20',317),(110,188.639094545506,222.954428742174,631369292,'2022-02-08',1336),(111,165.790364403743,164.080763136968,511044418,'2022-08-27',1634),(112,111.988487355411,189.965744636487,511785547,'2022-10-15',1558),(113,95.6662384434603,38.8692186092958,522012429,'2022-09-10',124),(114,210.449232541956,41.0681775775738,899963730,'2022-06-03',481),(115,80.4875506521203,115.518188595772,1397407104,'2022-03-16',70),(116,210.837597655132,230.937364631798,738328865,'2022-12-02',814),(117,237.400758523028,252.757824332453,993571163,'2022-08-01',858),(118,123.782529058866,191.104817403946,1190698359,'2022-07-01',1557),(119,34.6750779380091,215.933533841744,257732446,'2022-01-18',1321),(120,89.1105739586055,124.167688425165,1038504983,'2022-08-21',1206),(121,181.697100629564,159.092350493185,987504201,'2022-10-13',1689),(122,29.0293558957055,221.710054874886,1716611773,'2022-07-04',100),(123,15.5387453832664,168.029720265418,2045472476,'2022-04-06',587),(124,109.947738474235,246.37639346486,1067268397,'2022-01-03',1341),(125,248.519685558509,21.6524205999449,1883491287,'2022-07-05',1459),(126,63.2532339608297,111.950029688422,1265080611,'2022-08-08',1590),(127,199.753754880745,253.855120612308,1316702714,'2022-06-27',894),(128,3.49026027321815,143.90457901312,1791678050,'2022-12-08',301),(129,62.1903178333305,218.715514301322,715888645,'2022-06-20',315),(130,126.021521748044,91.0897569698282,1256201897,'2022-08-04',564),(131,11.5112003521062,38.0610052719712,829632184,'2022-03-02',784),(132,123.284085953608,36.359419466462,201224633,'2022-07-15',169),(133,243.796510900836,37.2235933626071,805109971,'2022-01-20',341),(134,42.0466506881639,102.424304029439,1196560719,'2022-07-02',642),(135,11.5035413806327,49.9539104420692,1448782614,'2022-12-22',867),(136,89.5100421793759,176.389677050989,763916591,'2022-07-01',331),(137,225.386921701487,189.88527451735,1528636481,'2022-12-21',155),(138,172.544157375582,240.693951495457,929867542,'2022-01-12',536),(139,135.90031121904,201.499178167433,95939860,'2022-12-30',1909),(140,69.6963600944728,188.873323892709,242244293,'2022-06-01',1182),(141,214.735144614708,177.119799193926,2094710863,'2022-06-15',1142),(142,10.7137626698241,254.114588821772,2000500219,'2022-11-27',365),(143,59.8453091722913,191.931918254122,814596786,'2022-05-31',500),(144,105.069871611893,68.2985234628431,1804260474,'2022-05-03',809),(145,162.9531147792,221.249050117098,1031549693,'2022-07-07',1685),(146,234.249747672118,75.5545941707678,982856706,'2022-07-13',551),(147,157.506527355406,101.131642058492,1601804784,'2022-10-13',713),(148,66.202127577737,4.61922139814124,1085252688,'2022-12-28',69),(149,80.7353707882576,37.843864784576,1559067211,'2022-11-22',1625),(150,35.2868765769526,108.889448671136,378550056,'2022-07-21',1542),(151,70.2100618262775,199.41681815125,1802600654,'2022-03-16',829),(152,91.106687810272,81.3665956961922,1208987718,'2022-06-13',209),(153,16.5154267600738,234.630895818584,1334719545,'2022-08-12',564),(154,153.68811639864,60.0653350506909,943322478,'2022-03-07',1834),(155,85.68925809348,80.9155998565257,237118796,'2022-11-17',1591),(156,152.443833013996,191.297616285738,497745501,'2022-03-17',10),(157,105.315503783058,253.866268192418,1436524231,'2022-05-07',1946),(158,5.08040357287973,245.90297064418,2119451859,'2022-05-22',706),(159,180.980340999085,85.1689746659249,2012009834,'2022-11-30',1422),(160,3.98894856870174,70.3619639719836,216446099,'2022-11-22',1607),(161,144.570870736148,45.5822833320126,1263704053,'2022-12-16',418),(162,218.544707433321,233.172924776096,1279073113,'2022-05-01',1989),(163,26.995778976474,161.122585527599,965050152,'2022-05-24',241),(164,58.0208301935345,176.268558756914,776149225,'2022-02-14',1598),(165,248.71004448412,22.6134200925007,259366339,'2022-12-22',531),(166,118.366640563123,137.973670518491,200576768,'2022-08-10',1783),(167,14.3066326831467,27.1634740103036,1865461894,'2022-12-29',99),(168,252.786161486059,137.432947534602,456233311,'2022-03-15',1299),(169,133.772099447902,7.80788260977715,2126695985,'2022-10-29',1973),(170,67.7538660215214,72.9436208237894,1967314373,'2022-03-29',476),(171,121.165138008539,226.357995342463,1000445828,'2022-09-21',1110),(172,128.696413336322,197.586801161524,504013813,'2022-09-15',134),(173,234.842336549889,233.330945027061,567142207,'2022-01-30',1728),(174,113.926551445387,151.338399032597,1342064043,'2022-06-13',1790),(175,112.298773456831,183.547155326232,1081606690,'2022-07-26',1707),(176,93.4134152159095,222.83077090187,1680078506,'2022-02-07',130),(177,48.587561534252,149.466343096457,1267877613,'2022-01-29',997),(178,153.487120025791,218.504593756516,124867762,'2022-08-01',1191),(179,48.5070619047619,102.455619126558,1650351712,'2022-02-02',183),(180,109.479848342016,45.4119542478584,1476808576,'2022-12-23',1543),(181,78.6722226622514,7.82196265552193,111209275,'2022-08-17',666),(182,42.4755483595654,68.7812481359579,81828056,'2022-11-10',1042),(183,150.592356734443,142.470641935244,1187494462,'2022-04-13',504),(184,229.650910716504,156.007220115047,1774425206,'2022-07-17',291),(185,109.336657782551,87.346074978821,1324249641,'2022-09-16',683),(186,171.016461175866,207.360333472956,1731250205,'2022-09-20',135),(187,140.655862341169,30.247171510011,424526780,'2022-03-14',1547),(188,102.583404039964,41.7936434126459,728550285,'2022-06-05',1953),(189,57.9187007765286,115.060369004495,910236087,'2022-05-01',1114),(190,37.9642729377374,232.137457238976,1303165059,'2022-12-08',238),(191,25.2901390162297,38.79537258856,1185859802,'2022-03-21',1011),(192,223.038492500782,167.08729898883,1202199234,'2022-01-07',1888),(193,68.59989737859,226.916030435823,826195941,'2022-12-21',723),(194,44.4526263186708,102.08405545773,199974922,'2022-10-28',1440),(195,30.6993422047235,12.2068231776357,2070656920,'2022-11-29',1387),(196,144.254383439198,194.831664951053,2020001816,'2022-10-07',1775),(197,129.15758037148,51.6791177177802,1796924083,'2022-04-19',1078),(198,104.754377554171,224.172319462989,1020646576,'2022-03-08',377),(199,3.27844613837078,35.6756327170879,1409687030,'2022-11-14',1454),(200,109.645179886371,80.7168853613548,1136343438,'2022-04-04',171),(201,64.0040541565977,184.251484888606,501522465,'2022-01-15',902),(202,166.358378668316,164.384107031394,1254968437,'2022-10-16',1381),(203,176.682701843325,63.9707321189344,1289628148,'2022-01-05',1069),(204,178.482154978439,67.2111423066817,1691284772,'2022-12-30',661),(205,58.2941386993043,218.333501306362,225752623,'2022-03-29',1334),(206,174.669306575321,169.835087890271,586227036,'2022-08-07',509),(207,189.918579522986,203.015585681424,531671442,'2022-03-06',1219),(208,127.713698245585,240.285387344193,1727570138,'2022-02-28',770),(209,153.38232284924,17.8348182504997,1660650205,'2022-04-05',487),(210,129.2367890561,100.545373600442,1770306913,'2022-12-21',1204),(211,162.487445315812,100.731574878097,1555368656,'2022-01-11',1469),(212,173.580183776096,121.112682321575,418513585,'2022-10-12',882),(213,11.410777035635,47.9394323984161,1194263595,'2022-03-31',1782),(214,179.92007760983,84.8878818140365,628474504,'2022-07-24',1369),(215,76.1132224281319,30.8013040218502,760961966,'2022-08-15',797),(216,80.1800102554262,98.5233995723538,506331303,'2022-02-05',309),(217,56.3094753376208,206.231296177022,957929497,'2022-12-14',212),(218,12.8945171805099,164.245684907306,2030166733,'2022-09-21',281),(219,126.085286641959,220.508077803999,1319782956,'2022-02-06',1049),(220,127.643062880263,221.497531486209,72261821,'2022-02-10',1734),(221,81.9896769295447,213.786724989302,1065630887,'2022-02-10',258),(222,141.906062758528,65.9095929884352,494728244,'2022-07-11',1947),(223,196.747846197803,117.307800708339,1899832394,'2022-05-27',1580),(224,110.067847147584,62.4753594542854,1656424690,'2022-06-26',1662),(225,118.012016901281,117.639851315878,856428501,'2022-10-07',1234),(226,163.680092857219,52.747221280355,2016865465,'2022-10-04',1072),(227,235.16705605248,114.289548300207,1289869320,'2022-12-09',981),(228,216.878544518724,123.767732189503,710246217,'2022-05-05',34),(229,24.5104564535432,27.5273756915703,2127089571,'2022-03-27',1099),(230,21.8907698644325,51.674791878555,1048699488,'2022-07-14',575),(231,58.5071165119298,190.181060390547,1440150374,'2022-08-22',751),(232,94.7582399584353,242.847203421872,1800497598,'2022-09-12',1260),(233,193.653342468198,51.3188645569608,1436457489,'2022-08-17',1217),(234,227.59719726909,168.462919883896,1054346022,'2022-04-28',1273),(235,242.146606239025,143.055406074971,564765796,'2022-10-25',734),(236,70.8145713489503,167.801278968807,1999195732,'2022-06-17',835),(237,210.422826453578,187.038844984956,2049649951,'2022-02-01',956),(238,95.5526237627491,171.907633910421,86097164,'2022-07-23',1741),(239,211.066299636383,64.3950706478208,699644162,'2022-09-08',652),(240,199.134050779045,171.729023180436,1689572106,'2022-04-15',1722),(241,8.99389286478981,246.88694628235,1465116365,'2022-03-16',714),(242,231.292944216169,165.897880968172,807104018,'2022-03-04',2),(243,134.539718604181,17.6697143912315,960077632,'2022-08-23',256),(244,222.381307708099,146.362274759915,475971041,'2022-09-28',1987),(245,250.494246799033,206.162338466384,1198769435,'2022-03-21',1365),(246,73.4107475308701,159.410765720997,1843115063,'2022-08-17',607),(247,79.6576686729677,235.083853239194,1965581598,'2022-06-17',1049),(248,47.5995040051639,250.692721958738,846918871,'2022-07-06',1618),(249,235.426311065909,163.498717616312,136930825,'2022-12-25',878),(250,154.921161365695,117.965774119366,897140094,'2022-05-15',1363),(251,102.718009511475,161.650711316615,192133276,'2022-02-08',1710),(252,144.868170863017,157.886087147053,1975287276,'2022-08-31',970),(253,109.532582632732,178.316088099964,2026178455,'2022-11-06',622),(254,15.1257437383756,111.569231408183,1943074787,'2022-10-07',1086),(255,195.011909809429,73.2484953533858,940828602,'2022-11-09',1663),(256,70.9747175872326,103.264670758974,936083235,'2022-03-03',869),(257,215.385598444846,60.8955916753039,1633060805,'2022-11-13',1833),(258,28.880671502091,237.680244509596,23839082,'2022-11-22',951),(259,79.0378365353681,168.815340973437,1839456376,'2022-11-04',12),(260,241.755862260237,141.639504612889,1979399800,'2022-03-04',1636),(261,157.483760620933,15.9836334669963,542860435,'2022-01-07',1397),(262,243.675475697033,61.2293787808157,1468315663,'2022-10-16',1900),(263,184.674528569449,228.339180858806,262090966,'2022-03-27',1810),(264,202.265234280378,181.773364606779,673194479,'2022-10-06',1072),(265,212.134271023329,56.3315548179671,1024244737,'2022-05-12',640),(266,46.4285737769678,171.22131914692,439292374,'2022-01-20',69),(267,118.344204711262,197.798784788698,1279264468,'2022-09-18',1525),(268,169.42339877598,127.255892788526,461746053,'2022-03-22',1763),(269,156.904425203335,230.077103015967,2085440527,'2022-04-17',902),(270,5.40584871079773,134.952765608672,765207740,'2022-11-07',578),(271,145.697256062645,93.7122215535492,1140666482,'2022-12-10',1695),(272,239.306552894413,24.5720788012259,1610911034,'2022-12-17',69),(273,55.922515721526,213.373947895132,909603517,'2022-04-25',1946),(274,184.168524959125,148.376813125331,746677954,'2022-09-24',1302),(275,95.8496727854945,223.448992744088,1286085552,'2022-02-12',329),(276,96.7301439661533,182.645350703504,1832419600,'2022-08-31',99),(277,234.809594843071,185.175495312549,1246440971,'2022-01-11',334),(278,209.956591325812,28.6450658724643,899575272,'2022-11-05',1925),(279,64.704455234576,240.962088415399,1042994830,'2022-12-03',1234),(280,96.2836595438421,21.636525164824,1171681542,'2022-05-16',641),(281,28.523346608039,138.579247499816,809245689,'2022-03-20',1198),(282,92.4140206845477,180.358735874761,644018222,'2022-06-01',892),(283,246.388259465341,193.096214625984,1457917708,'2022-05-14',712),(284,75.4728393163532,60.2798670358025,2132960028,'2022-06-08',1074),(285,28.8953182767145,180.637960289605,1130330759,'2022-03-22',803),(286,90.0620365804061,86.559976013843,2025112467,'2022-08-08',1195),(287,79.3345271167345,171.128442851827,1705972522,'2022-05-16',718),(288,198.125558897853,84.5375082935207,847609171,'2022-08-28',1829),(289,176.142761149909,118.043847217225,112863157,'2022-01-23',630),(290,17.4266767064109,98.994697411079,433446426,'2022-01-25',1292),(291,5.04434966901317,71.6975312754512,124637416,'2022-02-15',356),(292,61.7176354918629,65.8534763618372,2135164328,'2022-01-13',984),(293,72.136330764275,245.592080497183,1068409219,'2022-11-21',1587),(294,227.226903255098,173.678121185396,812275136,'2022-11-28',144),(295,57.0563170765527,18.7781679499894,1717229126,'2022-06-22',1408),(296,239.774805430323,46.7885818067007,1649631774,'2022-11-25',388),(297,82.7048964626156,237.82983887475,1699415537,'2022-10-16',1593),(298,215.529510145076,183.294314586092,1738432645,'2022-10-13',1171),(299,229.156600775663,29.8563858382404,148721988,'2022-12-10',917),(300,80.007123587653,101.317415406462,1246763188,'2022-05-12',1113),(301,81.7587103391998,219.797152352519,37163775,'2022-01-14',1030),(302,5.27707712259144,151.460961500648,1970033771,'2022-04-30',1734),(303,15.3605210673995,112.962399726734,1577652194,'2022-03-03',1428),(304,120.332034669816,16.5687045971863,1838403434,'2022-05-12',940),(305,119.512185560074,28.2657937919721,1195517613,'2022-04-06',895),(306,129.095220738091,87.3906173375435,839034738,'2022-04-13',1377),(307,165.696848875377,12.7171150147915,1438416928,'2022-10-12',1661),(308,22.4423663783818,184.290279292967,141249601,'2022-10-22',183),(309,248.587534058373,104.382467390038,747716347,'2022-03-08',84),(310,159.78539219778,178.979698284063,910815128,'2022-11-04',1195),(311,113.326091878582,173.048558378592,1918808062,'2022-01-08',1949),(312,4.07549444958568,173.819897081237,1231844662,'2022-06-24',1084),(313,107.280513604637,156.122544030659,527235561,'2022-10-28',913),(314,118.409472090192,133.856454939116,394978014,'2022-03-15',424),(315,86.0240150191821,213.734480310231,1648184700,'2022-09-06',358),(316,98.639929568395,157.843177793082,1374441548,'2022-09-24',667),(317,192.769534252118,174.46059351135,1521456503,'2022-06-04',710),(318,9.37241198774427,77.4191803210415,1983141699,'2022-04-19',1746),(319,214.561645385344,171.427379531786,1317709466,'2022-02-14',305),(320,16.3555761575699,11.7198974485509,1351943042,'2022-03-24',456),(321,216.549374157097,68.6639636447653,668135333,'2022-05-28',1588),(322,161.409172923304,146.395902250428,901857994,'2022-03-14',1120),(323,190.01301146904,167.318199284375,771467608,'2022-06-09',1158),(324,158.563913041726,114.659891576972,1545327832,'2022-03-02',446),(325,157.870754774194,91.6156562352553,1721665139,'2022-02-10',7),(326,36.8822107417509,43.9568101079203,1405008751,'2022-09-05',217),(327,37.5218667988665,69.0949454922229,151380918,'2022-01-24',1501),(328,82.3643459863961,70.5298179122619,1410804302,'2022-10-03',1530),(329,42.4670254266821,225.572749930434,1500870625,'2022-03-22',1638),(330,93.2957583265379,139.910665967036,1945237301,'2022-11-18',761),(331,97.5586479478516,16.3524768017232,1035830196,'2022-05-12',1128),(332,174.232982112095,11.5720284632407,771000805,'2022-11-27',971),(333,125.349207251798,64.2666199477389,1413775855,'2022-01-11',596),(334,168.433154701255,175.016450101975,1469991963,'2022-03-05',257),(335,147.19891691627,202.109716495499,1901287250,'2022-12-26',544),(336,162.780076183379,67.8168009589426,873372059,'2022-05-18',131),(337,171.950646521058,28.7512046759948,202375837,'2022-12-27',1766),(338,116.023471006192,73.9414908704348,367734818,'2022-07-12',617),(339,197.454537889455,144.590536281466,2100481168,'2022-02-04',617),(340,102.30239877291,252.469179668929,1558388592,'2022-11-16',705),(341,151.402527335566,245.905569151975,1696724971,'2022-03-12',425),(342,100.3436833499,68.8973289714195,191510856,'2022-01-26',1428),(343,232.18883837061,32.9245619568974,1170207086,'2022-08-30',927),(344,124.28677630052,29.0516755986027,6881639,'2022-10-30',1774),(345,147.221493696328,85.9970154119656,1037565913,'2022-10-01',379),(346,53.6626425357535,193.484566078056,381492622,'2022-08-21',475),(347,27.6470046886243,189.924150947481,146109420,'2022-06-28',1654),(348,143.521052947268,191.584076059517,1367754108,'2022-10-22',678),(349,148.190630949568,149.210989718325,1410422887,'2022-03-02',298),(350,149.933090663515,31.7779478454031,1482404595,'2022-06-14',1525),(351,1.13296188088134,92.5937917213887,1361224202,'2022-09-01',1711),(352,6.96872444450855,100.58161361469,564531635,'2022-11-13',1594),(353,191.715056607034,172.554036661051,54321045,'2022-03-22',348),(354,147.637974605896,179.182931293268,1266282361,'2022-04-15',1416),(355,36.8639879510738,232.528175078332,1594452424,'2022-07-25',495),(356,129.063493737951,145.152744398918,342797321,'2022-03-30',1447),(357,125.433370541316,108.036050134338,956765027,'2022-12-15',730),(358,90.1973063601181,77.0949865640141,772663584,'2022-09-18',1817),(359,158.534312502015,1.85518731363118,1889294630,'2022-08-12',1979),(360,180.579998526722,60.9777858140878,160922239,'2022-03-07',1366),(361,94.3662145561539,2.53807118814439,514331089,'2022-09-23',1536),(362,89.8418202744797,154.892883055378,1307956709,'2022-04-23',806),(363,123.618949743453,93.8800752572715,2065473060,'2022-06-27',1440),(364,65.73696067743,53.4496635994874,585040661,'2022-11-06',512),(365,130.383191331755,215.271882754751,349280479,'2022-06-26',232),(366,32.3596771499142,20.2972099282779,1899891659,'2022-11-23',363),(367,157.949015874881,191.087033187971,22546114,'2022-05-30',1540),(368,119.689007513225,54.7580182771198,1814096842,'2022-08-07',319),(369,78.2693927451037,16.2376512503251,1077741197,'2022-09-11',1076),(370,103.622465216555,250.62538098963,797376722,'2022-04-04',1775),(371,32.589780843351,48.6544616222382,1439105280,'2022-09-01',1572),(372,62.0634149778634,127.197920972016,1267464864,'2022-01-12',1693),(373,140.172787565272,38.5858650514856,81352923,'2022-08-08',1340),(374,54.2967479852959,160.974373950157,847989496,'2022-10-22',1904),(375,98.5527044762857,207.14014797844,910858974,'2022-08-23',15),(376,115.698022674769,8.48444860754535,2146964886,'2022-08-16',121),(377,97.713718523737,151.289819846861,1838755273,'2022-09-14',1012),(378,8.64740897435695,244.862454057205,1942331453,'2022-03-20',1073),(379,84.3727069892921,155.492619115859,1334477404,'2022-11-15',1497),(380,143.236570781097,176.354368475731,324813485,'2022-11-18',723),(381,160.537758759689,130.034900863655,518046551,'2022-09-02',25),(382,98.8390433108434,12.3611321025528,758568612,'2022-12-25',1940),(383,161.081923868973,211.04491574876,1441990010,'2022-12-21',1854),(384,83.7377088367939,15.2361821825616,1197778914,'2022-04-09',1224),(385,103.593177640345,153.730911969207,294909829,'2022-02-03',764),(386,79.6416462073103,48.248606805224,1397482537,'2022-05-27',1687),(387,206.611195130739,238.647038735449,38998584,'2022-06-06',253),(388,208.953926408663,161.269778968301,573082425,'2022-05-30',1825),(389,22.914265956264,249.553701647557,1959020627,'2022-09-19',1187),(390,141.946848313324,158.215941569302,233037520,'2022-06-17',1487),(391,123.150538951624,78.5933172423393,1612330646,'2022-08-09',1867),(392,36.4366556294262,163.456948402803,1627411118,'2022-03-25',972),(393,7.19177049165592,158.922335851006,872338369,'2022-02-24',221),(394,143.000947942026,12.6572256167419,1182137493,'2022-08-03',296),(395,60.4998596780933,12.5009487830102,2067177620,'2022-06-19',996),(396,134.123795611784,188.224002455827,930841669,'2022-02-14',725),(397,149.911687969696,144.318067726679,1077565391,'2022-02-18',642),(398,122.760990171693,125.074969495181,22516604,'2022-05-02',312),(399,223.941140208859,167.795961132273,462626354,'2022-11-02',1159),(400,192.565908737481,64.177756942343,1618396666,'2022-04-25',1547),(401,104.343668372836,18.3513542180881,1499804285,'2022-11-07',908),(402,213.280142822303,49.6319849607535,1478629761,'2022-04-30',1920),(403,8.6633687526919,110.962846115232,1546984816,'2022-04-01',1155),(404,12.4473388213664,203.336122342851,659676625,'2022-11-20',735),(405,241.160277638119,89.9831695416942,915628491,'2022-12-13',1763),(406,143.528619307093,143.880999235902,188294312,'2022-02-27',1426),(407,76.2714499612339,197.214115271345,200977486,'2022-08-26',125),(408,212.558501150459,108.61455399869,793096647,'2022-04-08',1483),(409,181.968369727489,166.30686553847,181175225,'2022-02-26',1286),(410,129.556398359127,98.2032536421902,1081109229,'2022-01-03',1742),(411,130.41035043681,211.73602739349,1710782668,'2022-07-21',1703),(412,34.8755943980068,146.849611682352,1591363548,'2022-02-10',929),(413,197.533818073105,177.796828900464,75093575,'2022-09-06',762),(414,177.403990632854,196.987336608116,617726548,'2022-02-23',1339),(415,198.035728615243,45.1667379420251,1333252330,'2022-05-18',1329),(416,100.903984412551,138.140878542792,1971111442,'2022-10-30',428),(417,100.980856397655,216.430185272358,91502453,'2022-11-15',714),(418,223.667502180673,164.079501051921,1199775961,'2022-09-12',1763),(419,78.3622990236618,97.4631203338504,1771348648,'2022-02-07',1058),(420,2.94150988198817,59.7924894257449,1899328104,'2022-04-03',166),(421,235.747278909665,125.587800228037,1907500355,'2022-09-14',653),(422,46.1242448044941,160.53671613941,600611968,'2022-03-09',575),(423,67.021180913318,183.812509106472,1685814278,'2022-06-05',1235),(424,235.417959872633,98.6355185690336,176009951,'2022-02-26',1066),(425,77.5767498738132,114.140827122144,311803313,'2022-02-05',743),(426,226.325143282302,184.213703416754,1883138885,'2022-11-01',258),(427,30.4574812673964,97.7456149570644,575113988,'2022-02-01',1317),(428,254.966973243281,143.012476672884,741739893,'2022-08-16',1745),(429,193.329472556245,120.62905181665,752533183,'2022-03-23',1017),(430,175.560189469717,26.2152073183097,1761010475,'2022-08-26',887),(431,65.0993621838279,224.106861656532,1468046754,'2022-01-23',1036),(432,15.3866099342704,139.205167345237,1841047594,'2022-07-10',1064),(433,154.89246754488,34.9372842824087,119834221,'2022-03-11',1511),(434,221.103193276562,224.744750049431,1795717681,'2022-09-08',920),(435,197.329842633102,150.038394838572,2000232928,'2022-09-22',413),(436,195.144844131544,6.58715292206034,891341057,'2022-07-06',1480),(437,55.9707104447298,154.376047075726,1059852987,'2022-10-22',691),(438,81.1420805184171,202.381120844278,1459603031,'2022-01-23',1220),(439,199.792584591079,143.634012663737,1489774014,'2022-04-06',686),(440,208.586229305714,155.282079662662,1199429110,'2022-05-16',1374),(441,135.040378948208,44.5728106899187,1804468649,'2022-05-06',630),(442,90.3009876431897,250.313849598635,1351187869,'2022-08-29',1105),(443,155.062913546804,19.4192683584988,624645948,'2022-11-19',1306),(444,13.4959851261228,157.609112320002,762074381,'2022-08-15',246),(445,183.245459280442,135.080025781877,674795831,'2022-06-14',427),(446,171.160403332673,116.568914877716,288912900,'2022-07-11',720),(447,175.215323385317,133.313994629309,976028762,'2022-08-16',728),(448,107.177756249905,46.0967280860059,1905945666,'2022-08-22',1214),(449,225.518962019589,29.1062022736296,1266261861,'2022-09-05',1995),(450,246.681606979109,226.755936298985,611034506,'2022-05-28',1798),(451,35.318715645466,169.233499951661,1351228184,'2022-10-17',1256),(452,8.70129298605025,138.346119911876,1602314648,'2022-10-26',1102),(453,216.709997292142,16.2762853289023,564963891,'2022-03-26',957),(454,9.94165403675288,199.368101289961,39068208,'2022-12-28',1422),(455,50.3906231527217,78.9846867341548,1421617526,'2022-05-08',64),(456,160.476303834468,178.525459203403,138124047,'2022-06-02',629),(457,113.997959343251,148.827578204684,763940769,'2022-12-08',1982),(458,95.085158248432,49.1660762210377,538649078,'2022-09-25',89),(459,16.8416680269875,234.613341357559,2123062644,'2022-10-14',1975),(460,53.8087299000472,172.776267891284,1937415844,'2022-03-11',73),(461,226.375070482027,195.147461977787,185519535,'2022-07-10',732),(462,152.899120747112,137.677151913289,724040412,'2022-05-06',1520),(463,214.941504065413,201.858846088871,1453098258,'2022-04-08',917),(464,178.595691181719,25.3131498764269,43848283,'2022-12-01',997),(465,27.4785344018601,38.0591621464118,857145949,'2022-09-19',1546),(466,65.9170560324565,57.340873521287,1166418657,'2022-05-08',66),(467,150.337493500207,178.872562870383,2005864016,'2022-02-14',308),(468,220.815354736522,225.498131850269,736410673,'2022-06-04',455),(469,31.5535488757305,148.761812106706,2105502635,'2022-10-02',74),(470,187.458664822392,1.33240479091182,963325960,'2022-04-13',1338),(471,174.157368131448,63.8561389837414,2025522990,'2022-12-11',482),(472,218.96797471866,57.6708634900861,1405911590,'2022-09-29',1606),(473,219.82842782652,52.8310635043308,1610196889,'2022-04-11',1524),(474,108.511303779669,106.594876692165,970774606,'2022-05-27',1241),(475,8.72712483489886,68.7759845890105,277814700,'2022-11-14',646),(476,24.1243542935699,29.0159270293079,712927805,'2022-06-24',202),(477,252.083082772326,134.18649346102,125367335,'2022-10-03',62),(478,91.8595021134242,179.11197042698,1719071155,'2022-01-08',369),(479,207.435405444819,1.81017213873565,479109066,'2022-11-03',1942),(480,91.73797942698,34.2485062028281,325687923,'2022-07-03',962),(481,157.692113646772,248.432058676146,171978581,'2022-11-23',300),(482,232.368775055744,241.95198481204,1750168121,'2022-10-31',315),(483,194.775611011777,246.684007667005,1559198600,'2022-11-06',1465),(484,92.8770745489746,79.3996645673178,1022908617,'2022-08-08',958),(485,9.92375899432227,110.475846403278,277862179,'2022-08-25',651),(486,85.8299842132255,124.114638036583,503738336,'2022-10-21',1098),(487,58.0970004354604,164.550523953512,1373126374,'2022-07-16',1957),(488,24.032830093056,36.4824831965379,778439487,'2022-09-08',1176),(489,198.775955540594,134.83537230175,1911818641,'2022-10-22',513),(490,48.2704947935417,181.711853795219,1826103461,'2022-07-20',1069),(491,118.096023472492,121.572145562619,1212028900,'2022-08-19',1109),(492,176.160051910207,44.3203077516519,833959893,'2022-08-17',1210),(493,171.130757137667,200.534675163217,1697809567,'2022-04-23',271),(494,243.138379707001,226.513781795744,1828117131,'2022-03-27',683),(495,242.579138119239,200.859775757417,1147327618,'2022-01-11',589),(496,197.106482557952,186.318354926538,533038219,'2022-11-26',614),(497,174.508363084402,225.999458513223,14198349,'2022-09-10',768),(498,103.265920543112,150.391302641947,1189548945,'2022-06-01',1951),(499,169.52836236963,150.925555288792,401793728,'2022-08-13',44),(500,85.0870444644243,171.459928268101,881440609,'2022-08-06',125),(501,190.202005821746,152.85652908776,1785293979,'2022-05-20',27),(502,120.018655422144,209.686267091427,940007864,'2022-05-30',828),(503,137.000810347963,106.305543059483,298012830,'2022-01-21',9),(504,172.359254967421,62.3084933715873,828225111,'2022-05-28',1568),(505,211.07494800305,49.0437821848318,841708937,'2022-09-19',1325),(506,183.53622372169,13.0407196884044,1412856573,'2022-01-13',1357),(507,164.893462816719,155.50856866315,1429195804,'2022-02-27',1181),(508,15.7560632284731,109.296862450894,863799149,'2022-09-16',221),(509,240.80083893938,89.1369838910177,2039938839,'2022-11-16',1020),(510,177.471257678233,145.716356771532,983119204,'2022-11-15',647),(511,207.104422059376,196.947506798431,119055162,'2022-07-18',844),(512,238.232359021902,100.084738283884,1150701730,'2022-12-02',1984),(513,232.828680419829,233.299600183032,576972613,'2022-03-02',1372),(514,173.132570863701,12.9354688567109,327190250,'2022-05-13',138),(515,154.12190113822,63.0092235580087,511755256,'2022-10-05',489),(516,253.081403398886,220.265867532697,1267095544,'2022-07-21',1548),(517,250.853651906829,251.76192290429,1681370131,'2022-04-20',472),(518,171.438893537037,26.2746173948981,1299154319,'2022-05-19',1380),(519,253.572197527159,209.91944459267,1187757142,'2022-01-17',268),(520,105.977431226522,151.206053439062,589890415,'2022-10-27',1492),(521,180.075045106467,43.2357426164672,1190357889,'2022-08-12',1505),(522,166.589404870756,64.6422959049232,792815446,'2022-02-16',82),(523,39.7579011195339,32.5587951503694,1637595732,'2022-05-02',481),(524,1.50067560188472,52.2932778946124,1028774149,'2022-09-05',654),(525,160.022557913791,5.17081832606345,530703247,'2022-05-17',181),(526,98.8573120525107,174.871825481299,1970242107,'2022-06-21',1719),(527,22.7175866109319,70.8862619902939,1448053746,'2022-04-23',908),(528,34.3010641410947,26.3811828861944,1474395834,'2022-08-01',149),(529,179.23219773313,7.25939408596605,1308979773,'2022-08-25',1838),(530,89.412726261653,142.460734677035,1349995585,'2022-01-22',963),(531,36.8382402569987,214.126327171922,2099289904,'2022-07-06',1624),(532,168.556837143376,64.7071613161825,1778104976,'2022-06-17',616),(533,129.553044173401,155.095012472011,415634827,'2022-04-23',924),(534,143.581085520796,214.487873761449,979393384,'2022-11-11',1514),(535,150.551671006251,42.3760237190872,333513230,'2022-11-07',1193),(536,64.8843376301229,245.066307197791,257782407,'2022-07-25',1156),(537,157.366121118423,244.391874934547,641690489,'2022-03-17',21),(538,96.4433744223788,240.239513352979,962749870,'2022-12-11',296),(539,196.14615600789,142.788163159043,1247371916,'2022-01-09',1702),(540,195.355223258957,4.52247522538528,1473424540,'2022-04-16',1422),(541,196.49662817223,203.670999024995,804172295,'2022-08-16',1299),(542,130.184390730225,146.575677426998,1168851219,'2022-08-24',1810),(543,138.224570494611,252.98698493652,340201130,'2022-08-23',950),(544,162.777350112796,197.437699719798,13405907,'2022-02-04',1549),(545,171.100781479385,76.8194224974141,780191541,'2022-05-31',913),(546,224.095308856107,156.567960698623,675603354,'2022-06-19',472),(547,6.84025204041973,53.8724777027965,251262056,'2022-02-27',1992),(548,109.89557836391,29.1012229486369,1058496297,'2022-01-28',1918),(549,134.308513920289,192.428704285063,1551902979,'2022-07-24',1732),(550,9.63679021131247,239.440080380533,1226531647,'2022-04-21',1096),(551,216.841849193443,115.469622479752,1754440134,'2022-10-25',200),(552,245.66874981299,68.7393828216009,1588626334,'2022-11-22',1310),(553,179.903284681495,198.318972351961,228783473,'2022-01-07',1522),(554,58.4688904331997,121.342412315775,35845638,'2022-11-21',489),(555,110.458404483739,54.9788076989353,1457538244,'2022-04-02',806),(556,183.279087303206,3.18760996079072,515670581,'2022-01-19',663),(557,27.8202482010238,21.154768419452,2025384575,'2022-01-13',1617),(558,106.854013486765,233.99176148558,765325804,'2022-07-14',406),(559,243.655921806116,173.683666115627,1272884066,'2022-06-17',860),(560,102.030266009271,176.005784146022,1335689450,'2022-10-07',1552),(561,25.7440324886702,32.5589395677671,842622509,'2022-05-21',602),(562,197.339162641205,231.707616892178,1166200049,'2022-07-16',56),(563,30.2966681779362,202.872583597898,903103392,'2022-04-05',418),(564,220.790406601503,18.3182001351379,1495713216,'2022-11-21',1435),(565,38.5873768213205,52.630826712586,896624251,'2022-02-26',1795),(566,114.123738321476,152.876140816603,167910680,'2022-11-21',1998),(567,201.632459871937,28.4301297906786,957356926,'2022-06-19',359),(568,214.13624028489,3.15939285932109,1861727926,'2022-08-25',165),(569,127.131878813263,187.2749999566,2052163945,'2022-01-17',1361),(570,172.019132834859,221.373142451514,1160550493,'2022-02-02',220),(571,44.1631829240359,215.254660654813,1900536060,'2022-05-24',1983),(572,11.8546957131475,102.607071993407,1491917260,'2022-02-25',845),(573,122.612100861501,209.246790816076,903613687,'2022-04-24',690),(574,132.406371972524,172.977285909001,1639519427,'2022-03-25',1791),(575,16.3917980161496,216.158342881128,1754653210,'2022-06-10',1599),(576,183.958157777786,236.483415901195,1438143746,'2022-12-10',399),(577,93.5242859660648,98.3208713224158,53661477,'2022-10-24',576),(578,195.098053486086,71.3047826034017,720013386,'2022-09-06',860),(579,88.5070797340013,87.4058501794934,303500504,'2022-10-24',767),(580,176.869648272172,136.905974955764,1033334361,'2022-01-11',1164),(581,208.440932925325,101.489129998721,1397050867,'2022-10-25',574),(582,204.510832439177,69.296818009112,731252976,'2022-12-26',1894),(583,214.525340199936,166.547981442884,908652342,'2022-09-08',368),(584,95.9341784305871,180.469434234779,724077519,'2022-03-05',1659),(585,86.112480906304,7.59409471135587,555657057,'2022-06-18',1843),(586,130.054703433998,191.790962793399,1112067253,'2022-11-01',200),(587,11.9223870807327,89.7064507864416,1581758260,'2022-05-16',90),(588,108.912523342296,231.339485590812,274805605,'2022-05-28',497),(589,73.6373533899896,188.304152396508,148085103,'2022-02-12',1744),(590,118.14532971289,8.20781832421198,546187676,'2022-03-24',138),(591,121.286965970416,112.966099461541,1854681810,'2022-03-26',1070),(592,244.613668240607,206.040059096646,1034160923,'2022-12-17',912),(593,98.9816114916466,162.836815661751,2131788317,'2022-12-18',1118),(594,254.745669134893,159.884146552999,190158242,'2022-03-07',101),(595,162.026937148068,146.030779644847,986304528,'2022-06-14',513),(596,122.32217666693,38.2151638655923,16177393,'2022-03-22',209),(597,189.62946665613,159.336286262609,122117995,'2022-07-28',587),(598,240.843147027306,150.083734272514,1383638727,'2022-07-27',191),(599,201.659436710645,97.7991601023823,88906990,'2022-12-05',1113),(600,243.176730509847,87.1465882468037,593003239,'2022-04-12',747),(601,208.645902728196,33.311565454118,1719521113,'2022-04-19',1236),(602,8.76862591225654,76.2172417496331,358683406,'2022-01-04',623),(603,19.7162720807828,117.016703728586,1966557036,'2022-10-31',1452),(604,188.156091919169,49.3087093955837,708251389,'2022-03-06',1919),(605,232.932657397818,127.041361217387,1891307495,'2022-10-10',735),(606,84.7634221082553,77.3022857331671,181317748,'2022-11-06',540),(607,162.795801889617,136.660066960379,847322506,'2022-08-17',1667),(608,52.8287370949984,83.7416622187011,1661313842,'2022-01-26',128),(609,13.9588130204938,81.3520423611626,789970709,'2022-10-23',1934),(610,58.7006192067638,223.195006836671,566064378,'2022-08-19',1132),(611,214.79255023459,226.210171066225,1972637000,'2022-08-19',949),(612,82.5224119517952,51.524117694702,1592952200,'2022-09-19',1843),(613,88.7472468125634,56.6748894983903,1013127907,'2022-06-17',872),(614,189.366928423755,79.6243712962605,1902868127,'2022-09-01',81),(615,183.835805312265,17.4701953101903,2022352038,'2022-05-20',1544),(616,139.069859657437,199.126920569222,616373247,'2022-02-21',469),(617,60.3981904215179,247.788892897777,1451393361,'2022-02-20',455),(618,61.2113458262756,40.5604571034201,243198822,'2022-07-16',1209),(619,48.9684524261393,105.084741991013,1477317028,'2022-05-02',1),(620,185.78697004728,74.9288364253007,2125196436,'2022-05-06',1745),(621,44.9311488713138,228.155347210355,1112404063,'2022-12-16',1076),(622,209.96685643401,232.947974512819,2068588875,'2022-09-09',116),(623,193.097291369457,4.41642335616052,299115074,'2022-10-04',1871),(624,246.839600913227,151.67565812869,1789041994,'2022-05-19',43),(625,168.726428882685,231.250493071042,1076282893,'2022-09-18',1766),(626,252.051435195841,228.336270925123,154904146,'2022-05-24',1044),(627,178.246088183019,12.936120390892,1857897600,'2022-10-27',145),(628,138.655321167782,23.1639216481708,1381495840,'2022-03-29',1321),(629,176.347526568454,189.802455575205,1864630363,'2022-03-18',922),(630,70.1545948414132,65.4370701448061,558889080,'2022-10-20',1897),(631,240.642611288,160.783163482323,1184007774,'2022-03-02',863),(632,96.5363258831203,60.9304812508635,1370216214,'2022-04-13',867),(633,2.02562450384721,37.3387296302244,484457801,'2022-10-19',1041),(634,2.91573060769588,103.141196012963,164353470,'2022-10-27',1929),(635,40.6709019937553,167.651684958488,727946716,'2022-07-17',475),(636,181.129773205146,18.2291940725408,1897745452,'2022-03-16',1502),(637,189.587448171806,13.9504621820524,535280343,'2022-05-13',178),(638,114.100511840545,81.0255304151215,1593316387,'2022-01-19',1741),(639,188.220029380638,68.6593935023993,713343226,'2022-04-13',1912),(640,222.911793142557,70.0759640629403,1516271970,'2022-10-17',1513),(641,93.1077317832969,35.6797813167796,2059818757,'2022-02-12',628),(642,204.181570471264,113.881455664057,352954794,'2022-01-06',1600),(643,189.46057955781,219.355020441115,1898771896,'2022-09-04',1935),(644,94.3414182309061,189.643395306077,756327609,'2022-11-28',37),(645,236.067543472629,44.4364222371951,632655827,'2022-12-01',1512),(646,4.72973636817187,60.2960312576033,2032643151,'2022-06-01',1316),(647,240.580129296053,215.520687909797,1119076886,'2022-07-09',1898),(648,162.840686071664,174.786304715555,966407215,'2022-06-22',824),(649,30.2997198677622,16.84990011435,2095743809,'2022-01-07',640),(650,75.5220695631579,118.817155011464,1200706069,'2022-03-01',1808),(651,133.508954035584,136.925448890775,1315918868,'2022-05-29',477),(652,63.2571637462825,161.979344104882,134786501,'2022-06-09',295),(653,153.502660035621,151.96347981412,1904471887,'2022-06-02',1595),(654,177.77293935325,234.733958567027,216264956,'2022-05-19',1732),(655,32.1672202688642,221.686249127612,322075058,'2022-07-26',1276),(656,87.9651441052556,4.44798163278028,826587003,'2022-12-11',1761),(657,151.603728802409,43.1761924987659,991441405,'2022-03-25',479),(658,88.394400277175,28.0036872741766,679542530,'2022-09-03',709),(659,67.2649122984149,221.392560914159,510304496,'2022-03-29',1673),(660,158.261763932183,18.7740926234983,808851281,'2022-03-09',1432),(661,183.753519448917,21.3391491034999,1742948683,'2022-09-30',1315),(662,9.69211496692151,254.356314449105,1712591399,'2022-04-27',916),(663,79.1857433696277,4.65093875862658,350083022,'2022-12-26',434),(664,40.2142939828336,79.7574097621255,1897771846,'2022-09-09',629),(665,143.232225780841,45.4124006880447,1234490169,'2022-02-23',907),(666,78.4030738743022,17.1081400071271,1144578157,'2022-03-22',292),(667,139.986301178578,246.205746922642,319343692,'2022-05-14',287),(668,213.614850899205,202.814082664903,84644189,'2022-01-09',62),(669,119.049373574089,216.588595663197,1555959239,'2022-12-12',1005),(670,65.4813618725166,12.7156234704889,507592660,'2022-09-16',941),(671,9.04167775483802,70.2923088353127,320654442,'2022-11-17',568),(672,72.1987809985876,228.693596824538,2138363794,'2022-02-18',45),(673,130.518161395099,197.289683892392,1759500021,'2022-09-17',162),(674,167.538221732713,58.6007013511844,253437530,'2022-08-11',741),(675,58.3688337192871,10.3787283822894,647874088,'2022-02-17',1772),(676,102.782965937629,98.7953019305132,602524649,'2022-10-24',1467),(677,178.585660796147,213.942917668261,924363971,'2022-08-13',1738),(678,44.3426644755527,43.2788389087655,56011264,'2022-02-16',1434),(679,171.158946916927,168.952633069828,1906329478,'2022-08-09',975),(680,22.4803002513945,240.865799564403,703321183,'2022-01-18',1011),(681,197.200125885662,35.9423995641991,1567796529,'2022-10-30',612),(682,178.28887659777,40.3210662831552,273416390,'2022-06-09',964),(683,38.5499954246916,34.509089063853,1973911172,'2022-07-07',1832),(684,156.646590767428,124.358440270182,2095281908,'2022-03-14',894),(685,59.4966622735374,6.70242716092616,1020368447,'2022-11-15',804),(686,43.2366741737351,217.18124900246,1180795051,'2022-02-03',1923),(687,25.1708249342628,126.395938104019,1512257826,'2022-07-28',1189),(688,195.716127894819,220.236179999542,2117491114,'2022-04-09',1858),(689,111.082505391445,138.208884648047,1870710253,'2022-05-15',1557),(690,79.6312538320199,217.419842865784,1416732593,'2022-07-31',1130),(691,59.4879505098797,113.672806292772,9299296,'2022-09-20',1706),(692,200.58217878826,217.4990459322,1870480000,'2022-10-01',494),(693,226.203158188146,201.974931300618,107035195,'2022-11-15',927),(694,58.3084906069562,44.3553832010366,1917907927,'2022-09-09',907),(695,164.486342721153,55.6400347594172,1378521406,'2022-02-03',919),(696,153.678652387112,128.217461671215,1255806838,'2022-09-26',328),(697,18.0706381998025,2.80723683070391,314020137,'2022-09-13',1853),(698,194.892032665201,219.674958497752,678703902,'2022-06-25',1487),(699,211.715448150877,45.1937821991742,1432545980,'2022-10-18',274),(700,4.41918632946908,54.3526818132959,1869471372,'2022-05-18',1487),(701,104.135083995294,101.289013613947,446302391,'2022-11-25',957),(702,10.1884429072961,70.0349184148945,716583812,'2022-01-13',1543),(703,101.231694277842,203.663549287245,952451034,'2022-04-12',204),(704,189.149905741215,41.145585894119,669957571,'2022-10-23',838),(705,72.5809709965251,12.3860957911238,905871077,'2022-10-31',1951),(706,155.486637444235,170.183066163678,473819914,'2022-04-09',1514),(707,109.468728734646,245.288374967873,564297368,'2022-05-01',1100),(708,129.27210390009,235.355081708636,828242713,'2022-02-07',1506),(709,35.8291866737418,115.082315244712,845705651,'2022-01-01',1072),(710,39.1678709490225,48.6335852653719,847540144,'2022-07-12',1473),(711,194.56664294051,178.987954618409,743191798,'2022-01-13',1282),(712,148.691094774753,106.12736800639,131988623,'2022-12-14',414),(713,20.3262151158415,109.45042445045,993460001,'2022-01-25',1513),(714,156.532518883236,105.425950684119,1299904373,'2022-09-05',1655),(715,160.191430109087,222.584930088371,737317108,'2022-03-16',525),(716,123.247487438843,121.777306561824,1604864036,'2022-02-06',953),(717,141.401680975687,129.0648162039,613606703,'2022-03-17',1573),(718,54.2499065985903,244.999074334744,986765404,'2022-12-10',1270),(719,102.375927631278,100.134601613507,1478647954,'2022-02-01',999),(720,176.287132360041,195.263153619599,1344504794,'2022-09-07',1188),(721,3.47550279041752,12.1622902220115,385647069,'2022-04-04',594),(722,196.3374353135,236.71193496557,2052687969,'2022-10-04',1017),(723,119.413493833039,242.518311604857,904073680,'2022-06-01',1409),(724,162.025989564136,196.6359007149,1461286320,'2022-01-28',114),(725,147.395905676764,172.457116619684,2038027051,'2022-04-18',897),(726,60.0752549646422,21.0419424162246,2039651719,'2022-04-17',863),(727,106.335669108201,108.95675031282,712290990,'2022-01-29',805),(728,75.8661686740816,20.2444748687558,2047673254,'2022-11-08',318),(729,48.1895434013568,208.016646261327,409237273,'2022-08-06',268),(730,93.7627339335159,20.9922862504609,1548340685,'2022-06-15',237),(731,11.0050714262761,86.5994333662093,1169027372,'2022-12-15',17),(732,38.3193908240646,59.9780481583439,1806709692,'2022-12-17',1901),(733,184.004979826044,86.1037179874256,651668391,'2022-02-15',1298),(734,245.722975648008,57.7395187639631,140701492,'2022-07-22',605),(735,230.354776215274,26.8466011863202,1912216394,'2022-09-26',122),(736,86.6941224485636,215.326706662308,997862387,'2022-04-01',1845),(737,12.5307797282003,169.392112716101,1488867029,'2022-12-29',1910),(738,29.4616320589557,105.052622367162,1253963705,'2022-12-07',1068),(739,110.805430619512,240.559790275991,1475813128,'2022-10-02',19),(740,72.2026309464127,186.541728781071,895300169,'2022-11-25',957),(741,10.6694589960389,222.461304419674,1937825443,'2022-07-17',1896),(742,73.3862639917061,84.5148113430478,188546400,'2022-03-04',1248),(743,200.391352132428,169.817326383665,1672710758,'2022-02-07',1517),(744,23.6442122198641,70.6767229321413,933014719,'2022-06-24',926),(745,248.748544198927,140.976757976227,1397979409,'2022-12-30',1434),(746,86.9924983726814,31.0793179799803,636106278,'2022-10-09',1657),(747,247.626861604396,177.370989542454,2039253860,'2022-09-05',811),(748,132.320840088651,79.7908746204339,1690509652,'2022-07-24',658),(749,226.049991532695,129.462023896165,52681759,'2022-10-30',325),(750,176.923232330941,243.990413079504,524154892,'2022-05-19',597),(751,245.644100625534,20.4601009842008,145485826,'2022-10-22',1870),(752,84.3414875790477,44.0955528835766,934819339,'2022-03-18',1932),(753,185.939215139952,149.068879923783,623338957,'2022-04-15',1627),(754,63.8071341747418,85.600910839159,159693074,'2022-12-07',1236),(755,199.633583283518,85.1392819285393,1227236928,'2022-08-15',1408),(756,69.9713700879365,188.325526112225,536260833,'2022-10-07',1562),(757,128.374974805396,44.2517695138231,168367131,'2022-09-24',1362),(758,212.282691243105,250.117408110294,291835704,'2022-05-08',643),(759,201.118732296396,90.7761342469603,330841118,'2022-06-05',303),(760,21.1823604218662,161.116037245374,1810003926,'2022-09-08',1069),(761,167.081373026129,42.7527871830389,1958184201,'2022-09-21',1309),(762,60.1140546323732,179.80450803088,1199943805,'2022-07-26',410),(763,170.095649520401,197.875093001872,1629872028,'2022-08-11',792),(764,42.0608257111162,218.666988340672,1732153580,'2022-06-04',1827),(765,100.163211456966,116.803460736759,684914327,'2022-01-12',429),(766,25.8049307977781,149.67927803332,1565749987,'2022-02-18',1714),(767,213.56937083276,117.883700860664,523722426,'2022-11-24',421),(768,234.229136198759,145.475484519731,868426275,'2022-07-29',152),(769,190.445956730749,58.9495803704485,29050565,'2022-12-18',1074),(770,67.6167700299993,79.227192227263,719801450,'2022-08-09',1245),(771,72.5178553895094,15.137554384768,693610360,'2022-01-03',1272),(772,214.937095904723,194.417987288442,30634361,'2022-10-11',294),(773,135.321565653663,157.405324646272,1883108243,'2022-09-18',857),(774,76.3975018067285,147.170808157418,1946964751,'2022-06-08',1562),(775,2.81495925830677,196.600172193721,1389512662,'2022-12-25',1214),(776,212.979545164853,9.96332723228261,1867769070,'2022-02-10',747),(777,127.381419775542,133.342933344655,1558452993,'2022-08-24',1404),(778,82.1270670192316,220.822427936364,40221910,'2022-03-10',440),(779,165.143643426243,204.554035004228,280063444,'2022-10-09',2003),(780,103.096385044977,197.797826086637,1923089028,'2022-12-16',173),(781,96.6176193351857,162.024177190848,216038159,'2022-08-29',693),(782,95.5859970739111,1.05199375236407,1253367739,'2022-03-06',393),(783,234.430666182656,22.8990475442261,1899751282,'2022-10-27',812),(784,169.011273629963,91.6437781821005,1470132282,'2022-07-30',1324),(785,146.473886580672,243.179874456488,1201500605,'2022-02-11',991),(786,232.053289868869,69.4014677521773,1933521345,'2022-11-27',1173),(787,240.83400987694,75.2146723419428,789783216,'2022-10-09',1433),(788,82.7652441877872,63.5525412647985,1962996752,'2022-11-14',1527),(789,179.527328464668,91.5437044361606,451607819,'2022-12-01',474),(790,49.4398326454684,23.3769462988712,827607272,'2022-11-26',708),(791,161.814292051364,58.2419853899628,1307651470,'2022-07-07',1543),(792,17.5014952085912,23.4534866916947,1602647046,'2022-01-28',1112),(793,74.0823087147437,3.94656779896468,1003272953,'2022-09-29',606),(794,160.763621714897,109.449758604635,334748462,'2022-10-30',1489),(795,166.321410948876,19.9419036842883,1325839884,'2022-03-02',1480),(796,254.357602318749,41.2400590009056,25490973,'2022-05-16',654),(797,58.4576792786829,174.877743815072,568846727,'2022-07-20',920),(798,100.37302905973,126.79779973859,1905507987,'2022-12-17',1314),(799,173.627675395925,42.7858346384019,720964138,'2022-10-17',1987),(800,25.6214020699263,198.174194857012,477470803,'2022-08-15',1814),(801,231.248621144798,59.9190944572911,462513845,'2022-10-14',933),(802,202.824365810491,106.318348009605,1325787417,'2022-05-18',1729),(803,246.838669060264,36.4349973723292,1602230248,'2022-11-08',1952),(804,209.806797603145,139.890351371374,1521268904,'2022-10-07',1865),(805,17.3443445372395,211.95856537763,947630211,'2022-01-05',761),(806,76.8199925972149,220.943616724107,897478848,'2022-07-12',1750),(807,102.61309908377,191.464665876701,2124705094,'2022-10-01',839),(808,79.8057361878455,136.780393797439,925869343,'2022-07-19',1882),(809,190.982898486312,188.589233758859,151315697,'2022-10-20',1745),(810,36.1132267760113,240.790290318895,230263686,'2022-12-22',378),(811,146.122879090253,169.289584051818,1302149188,'2022-12-18',1032),(812,212.772608635947,187.040592601057,564849589,'2022-08-15',734),(813,254.624339773785,162.600153041072,1344586239,'2022-02-17',355),(814,228.786296530627,180.17429486895,910266220,'2022-06-11',945),(815,153.784696568269,246.946802621707,558778082,'2022-08-11',427),(816,111.897320590913,111.161979905795,1686647402,'2022-03-21',1315),(817,27.9235112532042,214.96524452325,1710925229,'2022-08-30',69),(818,143.807591849007,37.0220529702492,718598770,'2022-07-21',388),(819,171.794314628933,78.892187923193,1181091616,'2022-06-11',722),(820,235.723285691813,94.1453153132461,1931755328,'2022-11-23',334),(821,140.583679545205,243.236485839821,687574523,'2022-08-11',1295),(822,221.274462374859,144.70947299758,854346392,'2022-10-29',415),(823,133.994858138729,199.466852569953,1662748414,'2022-08-08',152),(824,160.166590612382,179.221911098342,1713698870,'2022-01-25',777),(825,250.372282107826,179.747646312229,2076186857,'2022-02-01',1754),(826,244.247812134214,163.859922737349,761286110,'2022-10-30',731),(827,100.110334227327,23.1897579915822,1619817596,'2022-09-05',1400),(828,155.892581975088,74.3615667796694,200237901,'2022-05-10',362),(829,221.080033681821,23.5348191754892,1836221559,'2022-02-13',1873),(830,175.58474113699,139.132437395398,791663172,'2022-07-20',412),(831,30.875637170393,133.532738847658,163257754,'2022-11-07',1947),(832,65.2061251401901,188.348863064777,322807427,'2022-12-03',318),(833,160.70464211097,15.3800006797537,1255976613,'2022-10-06',1094),(834,22.6754838535562,251.531411979813,1264963017,'2022-06-02',971),(835,112.0942876474,204.3341993168,774664280,'2022-03-09',957),(836,94.111784869805,50.709065170493,1976895448,'2022-05-06',1254),(837,109.640383537393,78.8839660668746,1981158771,'2022-12-12',1267),(838,202.49089456629,24.2690280587412,2048874095,'2022-06-28',158),(839,163.155156374443,217.507731260732,908458678,'2022-05-11',1405),(840,70.7001778669655,239.264885518234,1767632206,'2022-09-07',445),(841,232.154786971863,253.974692421965,47306465,'2022-01-12',1150),(842,132.846729596145,89.7116648931988,884056630,'2022-10-04',1475),(843,31.0394221120514,4.20190426334739,915139252,'2022-05-16',1330),(844,134.516747189686,32.6053558043204,1011866853,'2022-11-01',1971),(845,141.933678239118,102.757578399964,894218479,'2022-03-13',184),(846,205.290976404212,36.4415449448861,2096105243,'2022-08-09',404),(847,140.349014047999,74.0674775447696,845090386,'2022-01-17',980),(848,43.0692085400224,86.248058445286,622558363,'2022-04-09',1451),(849,119.975833298173,211.113710827194,568000925,'2022-02-12',1259),(850,166.52047956828,142.964863759,630324002,'2022-10-31',629),(851,163.387788555119,156.788283750415,1473958800,'2022-05-08',1039),(852,187.129918428138,190.775967398193,692884081,'2022-10-17',447),(853,188.618490937632,82.9524281779304,1259783915,'2022-07-29',952),(854,206.7331136344,136.097654222045,1371083847,'2022-10-28',496),(855,187.826690324117,71.5320346150547,657672302,'2022-11-07',1296),(856,103.989414211363,13.7301483559422,1659503718,'2022-11-27',1229),(857,180.974974846002,249.524430925958,1018011353,'2022-12-09',332),(858,194.821752843447,113.560635194648,1100417165,'2022-09-22',1861),(859,186.984147871379,237.477298501879,284367596,'2022-10-30',1447),(860,247.317376008257,122.539568317588,166320253,'2022-11-19',1399),(861,198.565675057005,223.701688771136,1087293287,'2022-09-14',432),(862,183.816287732683,197.814294519369,573812212,'2022-10-02',1390),(863,11.2529534217902,218.072899816558,972658954,'2022-11-19',918),(864,135.787260487676,141.26926453365,1204237490,'2022-09-19',2003),(865,151.423638769891,248.630394740962,1849237141,'2022-06-19',892),(866,39.4799386123195,123.665456403512,911407738,'2022-12-22',1539),(867,150.704877166543,105.185990296304,857256136,'2022-01-14',1682),(868,36.120856532827,101.468122826424,2067291912,'2022-06-13',1647),(869,186.456020544749,121.66321616713,1827218019,'2022-01-16',536),(870,172.466115917079,25.6765831769444,1316684831,'2022-03-09',362),(871,26.4042658959515,214.795042173937,307425318,'2022-08-30',728),(872,191.709012780339,188.897515285294,839171455,'2022-08-16',890),(873,63.3426418728195,121.977092537098,1869017297,'2022-08-27',1781),(874,83.9420774327591,198.9090614249,639238374,'2022-09-26',1387),(875,29.4618760072626,217.384013216943,2075755812,'2022-10-02',124),(876,53.4647870343178,247.422047337051,1056626197,'2022-10-30',382),(877,172.75291012181,243.782830220647,2125744095,'2022-04-29',1),(878,134.085632397793,210.031722495798,1540114123,'2022-06-03',1111),(879,128.36019088747,159.693933641538,1206533570,'2022-05-22',891),(880,33.0652675554156,210.843664191198,1913016010,'2022-07-28',2),(881,97.1623468562029,96.5327440714464,1457161613,'2022-12-07',141),(882,68.3611424798146,85.3258473840542,1522682833,'2022-10-11',705),(883,120.581472671125,55.9881649017334,372082688,'2022-05-09',440),(884,234.238316224888,156.960366660263,409333153,'2022-12-25',872),(885,76.0499755325727,119.032595903613,840476635,'2022-08-05',984),(886,91.9810696272179,15.6179059878923,726050296,'2022-06-03',1505),(887,64.0697983731516,124.487580353394,942961118,'2022-04-21',608),(888,79.2504835836589,11.6307863551192,184653975,'2022-01-19',1062),(889,132.757818569895,245.864079843275,11619529,'2022-04-06',1386),(890,186.459320795722,161.671280742157,1080298301,'2022-04-07',430),(891,249.558330396656,252.131917793304,91662684,'2022-12-13',110),(892,17.2523457463831,10.1258702552877,820008365,'2022-06-03',916),(893,65.7937537948601,102.024104555137,727233111,'2022-10-11',1162),(894,29.6626395499334,175.068224626128,2024493475,'2022-09-27',1089),(895,138.293071415741,128.323553873226,1144028282,'2022-02-06',1678),(896,214.637513190508,38.5489246542566,2076068578,'2022-12-10',379),(897,14.8589802621864,39.1871223440394,507688581,'2022-09-24',1514),(898,166.266294539906,145.113303546328,672755498,'2022-05-15',537),(899,71.1843536333181,27.809950388968,1979767096,'2022-08-05',1814),(900,81.0715614203364,105.605268479791,79871545,'2022-06-20',1813),(901,105.381343449932,104.49675513152,2060506963,'2022-11-04',775),(902,59.0203148527071,173.789573094342,555579856,'2022-04-21',1853),(903,220.91731241392,254.361022444442,1982287254,'2022-05-27',1256),(904,8.34713350608945,194.502745989244,257299887,'2022-09-01',1289),(905,24.8357698298059,192.292967307381,1843409601,'2022-10-06',530),(906,144.732522238977,162.298739679623,1388226453,'2022-09-11',527),(907,212.052594291512,114.397678490728,2002913172,'2022-07-06',1494),(908,158.721464497969,94.2643488398753,1477957444,'2022-10-17',998),(909,209.633060812484,120.681035456248,1219987151,'2022-07-01',1812),(910,96.3746102144942,186.21655603731,836914812,'2022-12-25',809),(911,103.648549352307,147.227782240137,258725170,'2022-04-15',1643),(912,92.8925777152181,127.234197534155,905226491,'2022-08-30',485),(913,34.8582960679196,216.348564959131,445985149,'2022-10-31',567),(914,34.2175200367346,121.794701111037,1135731841,'2022-07-03',641),(915,190.436157992575,226.045786455274,505029744,'2022-06-12',955),(916,43.2704029101878,197.058132240083,861688017,'2022-04-27',1030),(917,146.640096220654,6.53680346999317,685584587,'2022-06-20',130),(918,62.4023635564372,43.4403943107463,1059127208,'2022-12-22',1923),(919,190.077942051459,177.352288613096,2115699534,'2022-11-24',389),(920,129.699066307396,232.920162986498,1704441030,'2022-02-25',1008),(921,138.431994920131,46.5725012673065,1139221177,'2022-10-10',934),(922,174.853142944165,181.904994145501,1536382445,'2022-10-06',1707),(923,225.542110318784,231.949758443981,223551436,'2022-01-05',277),(924,228.28660251759,89.3160292333923,1748949724,'2022-05-20',602),(925,107.987170286011,36.8665684806183,376194375,'2022-04-30',1869),(926,97.9375172918662,58.2128312312998,44219732,'2022-01-05',1509),(927,233.123188417871,208.170687345788,987482090,'2022-02-06',1951),(928,219.498338326812,72.1451188172214,47114515,'2022-03-29',1718),(929,217.307785728481,162.785779192112,764769909,'2022-08-30',367),(930,224.781866089441,27.8615256738849,990194650,'2022-01-02',1037),(931,78.1403830633499,201.494409672916,1755376040,'2022-03-01',1180),(932,151.170198360458,23.4019962712191,509617513,'2022-03-28',460),(933,61.3501901435666,208.303772413172,396964931,'2022-11-25',1372),(934,33.6468995762989,151.325038826559,1116911487,'2022-05-16',82),(935,183.844930693973,30.2088459003717,245306118,'2022-03-19',122),(936,169.598182622343,40.248790520709,1367078366,'2022-04-28',207),(937,222.767227483448,201.837599935941,391748785,'2022-03-19',1272),(938,98.2700659679249,6.39070942299441,1835767365,'2022-12-28',1118),(939,2.56768048042431,84.2734176628292,767652356,'2022-09-08',1041),(940,135.360265908763,125.749691953417,1746067572,'2022-11-15',886),(941,71.4689057017677,66.1760710598901,162688447,'2022-03-19',582),(942,145.58100555744,73.3615240850486,4070956,'2022-09-15',1031),(943,103.638161708135,192.039384668693,1080022178,'2022-10-14',712),(944,174.026969097555,196.048808864783,1838320426,'2022-10-15',1441),(945,155.282675073948,125.906144193374,1017578861,'2022-10-17',325),(946,157.696301692165,53.6548722055741,1538049329,'2022-03-15',1915),(947,254.106385535095,40.9838534891605,1985784032,'2022-10-07',1120),(948,173.416852312163,154.272633278277,1595653120,'2022-02-17',1542),(949,65.4945658924989,71.2436153301969,339763643,'2022-01-05',649),(950,148.599778625183,213.829035206232,1859395927,'2022-09-03',170),(951,155.798631124664,180.113708222285,719518910,'2022-06-17',1627),(952,112.553179960698,58.9383661407046,1272469750,'2022-01-26',511),(953,250.552435537335,136.674353401177,2087395497,'2022-12-21',1778),(954,151.414596241899,226.568660170306,116451486,'2022-02-14',1445),(955,167.738466153387,155.195713032037,566525500,'2022-08-16',1049),(956,122.978007650003,224.149351892527,1232168972,'2022-02-19',551),(957,58.7125749210827,188.312332500704,1164279863,'2022-11-13',240),(958,237.673391661607,203.66046785051,841347332,'2022-05-26',773),(959,168.464251693804,43.4690365623683,980908890,'2022-11-12',71),(960,8.57994097471237,136.35887241317,1118113602,'2022-12-18',1872),(961,101.910924309399,97.3807109883055,684547685,'2022-08-16',665),(962,199.492717714049,43.4904450518079,190984330,'2022-05-12',821),(963,110.274381472263,33.9964482262731,1723130392,'2022-03-18',1603),(964,45.591816181317,215.983550341334,1174181016,'2022-01-21',1656),(965,78.6401485162787,14.7222074652091,1431189811,'2022-10-17',1405),(966,113.05802829098,137.09377138922,1701231919,'2022-09-26',370),(967,38.931505501736,129.310436369851,1387675766,'2022-08-12',1505),(968,121.914552707225,101.647611770313,446848527,'2022-04-19',207),(969,21.1138214743696,240.745023625903,2129604257,'2022-08-16',1075),(970,17.325460572727,190.288730420638,1793903861,'2022-07-25',483),(971,209.856988089625,75.5104983113706,1293141108,'2022-12-15',1323),(972,180.423427594826,152.339258318301,22540709,'2022-02-28',413),(973,41.4989701802842,194.7105639847,302054575,'2022-06-26',1473),(974,53.3466641297564,94.9258551546372,1777055195,'2022-05-01',1410),(975,217.34685022058,199.46785225533,474102802,'2022-04-27',1638),(976,168.41302178055,226.260398573708,663483739,'2022-11-25',883),(977,65.4982280149125,114.769202477299,1185677661,'2022-01-26',1038),(978,187.122926899232,241.78355793329,536800738,'2022-02-20',1776),(979,180.840446314309,85.2938210815191,263263568,'2022-08-05',1510),(980,44.837088258937,18.6509889154695,1922051888,'2022-03-06',1152),(981,89.062847438734,39.6503459373489,1931360939,'2022-01-21',1708),(982,226.39484803658,1.14149468997493,2112621319,'2022-07-12',1941),(983,237.773125358392,213.728138009086,982015534,'2022-09-16',301),(984,206.49959212169,224.369233708363,1760527654,'2022-11-12',208),(985,33.517822062131,84.4130444480106,442058393,'2022-02-06',97),(986,143.27380764205,18.5629135821946,2018034509,'2022-10-26',1318),(987,244.044126416091,67.6034241355956,1711719596,'2022-01-15',1784),(988,217.853172471747,44.5088948733173,535035197,'2022-12-31',21),(989,115.8803680907,244.163398568518,1436574503,'2022-05-30',1122),(990,16.1214833622798,66.9172379993834,457239732,'2022-01-23',1186),(991,122.630958509166,240.042087851092,1769969354,'2022-10-11',1296),(992,142.561276212335,81.8349608327262,854375795,'2022-02-26',1483),(993,174.653015145566,55.1450134357438,1451650645,'2022-04-02',1652),(994,237.583663866855,7.17413394572213,930905402,'2022-12-31',1890),(995,94.3815148756839,143.541896127164,905495176,'2022-05-01',1314),(996,202.480213711038,175.318924830761,1803815880,'2022-09-03',897),(997,10.872556458693,30.108749740757,1604052515,'2022-02-09',904),(998,159.184609199874,44.0003117979504,505776864,'2022-07-29',1327),(999,88.515171602834,253.606467681006,57202150,'2022-01-08',27),(1000,141.21738633886,75.5549226286821,1593134654,'2022-07-05',1803),(1001,73.6961084431969,244.368021580391,834463889,'2022-05-21',1525),(1002,10.3882080065086,81.6903124381788,34491302,'2022-12-04',1069),(1003,233.864120634738,104.076938014477,764739300,'2022-08-24',444),(1004,240.921935884282,4.33797957515344,1750272724,'2022-09-14',142),(1005,105.305529638659,148.445891183801,201274271,'2022-11-03',179),(1006,71.5321816345677,81.4625277617015,871830924,'2022-12-07',1507);
/*!40000 ALTER TABLE `bank_loan` ENABLE KEYS */;
UNLOCK TABLES;

--
-- Table structure for table `bank_repayment`
--

DROP TABLE IF EXISTS `bank_repayment`;
/*!40101 SET @saved_cs_client     = @@character_set_client */;
/*!50503 SET character_set_client = utf8mb4 */;
CREATE TABLE `bank_repayment` (
  `id` bigint NOT NULL AUTO_INCREMENT,
  `amount` double NOT NULL,
  `time` date NOT NULL,
  `repayment_customer_id` bigint NOT NULL,
  `repayment_loan_id` bigint NOT NULL,
  PRIMARY KEY (`id`),
  KEY `bank_repayment_repayment_customer_i_d0e33222_fk_bank_cust` (`repayment_customer_id`),
  KEY `bank_repayment_repayment_loan_id_b629ec76_fk_bank_loan_id` (`repayment_loan_id`),
  KEY `index_name` (`amount`),
  KEY `index_time` (`time`),
  KEY `index_id` (`id`),
  CONSTRAINT `bank_repayment_repayment_customer_i_d0e33222_fk_bank_cust` FOREIGN KEY (`repayment_customer_id`) REFERENCES `bank_customer` (`id`),
  CONSTRAINT `bank_repayment_repayment_loan_id_b629ec76_fk_bank_loan_id` FOREIGN KEY (`repayment_loan_id`) REFERENCES `bank_loan` (`id`)
) ENGINE=InnoDB AUTO_INCREMENT=1004 DEFAULT CHARSET=utf8mb4 COLLATE=utf8mb4_0900_ai_ci;
/*!40101 SET character_set_client = @saved_cs_client */;

--
-- Dumping data for table `bank_repayment`
--

LOCK TABLES `bank_repayment` WRITE;
/*!40000 ALTER TABLE `bank_repayment` DISABLE KEYS */;
INSERT INTO `bank_repayment` VALUES (1,85,'2023-07-03',1,5),(2,81.175,'2023-07-03',1,5),(4,77.3861871552654,'2022-04-22',1174,723),(5,140.443213223014,'2022-08-21',1574,477),(6,164.68143702345,'2022-11-15',626,700),(7,247.559723245446,'2022-03-07',829,444),(8,82.6517055598088,'2022-02-15',5,99),(9,81.980381345842,'2022-06-23',1135,658),(10,207.639815792907,'2022-11-18',302,631),(11,175.860205376986,'2022-07-28',1126,445),(12,188.172550712246,'2022-06-13',1321,891),(13,137.829188777599,'2022-02-21',160,414),(14,129.136434518266,'2022-12-04',1400,143),(15,130.855581822339,'2022-08-02',530,665),(16,204.328513872344,'2022-08-03',1920,36),(17,16.484172871802,'2022-03-10',478,993),(18,221.382139146794,'2022-04-23',1416,522),(19,229.44956962252,'2022-04-27',1732,349),(20,155.067745674867,'2022-01-24',1077,30),(21,64.6644803569652,'2022-09-27',264,159),(22,124.968635000754,'2022-07-02',908,741),(23,234.582995193545,'2022-11-27',777,362),(24,71.5317561295815,'2022-07-16',1646,687),(25,44.9388673366047,'2022-06-01',1243,59),(26,146.493486777414,'2022-01-30',1570,928),(27,110.858794326428,'2022-06-11',632,769),(28,39.6804146212526,'2022-09-30',1261,726),(29,199.350699289236,'2022-04-14',286,869),(30,36.1851185490377,'2022-09-07',1114,809),(31,72.1670121871866,'2022-12-09',1124,742),(32,247.916949909646,'2022-06-13',189,916),(33,27.0429510683753,'2022-10-11',1337,476),(34,51.527813762892,'2022-12-04',1927,676),(35,121.309803316835,'2022-03-30',1879,948),(36,18.7129501295276,'2022-05-07',870,609),(37,109.883206902538,'2022-08-25',1888,802),(38,242.886715241242,'2022-05-05',1032,617),(39,97.62643163139,'2022-12-29',1841,454),(40,142.233362790663,'2022-01-19',902,759),(41,128.088660395239,'2022-11-24',823,282),(42,247.132825181354,'2022-05-01',303,427),(43,232.618270421866,'2022-07-17',1461,476),(44,129.961494777817,'2022-12-26',607,820),(45,177.851114524994,'2022-09-19',819,613),(46,97.2680051554926,'2022-02-02',628,289),(47,181.57380235428,'2022-11-25',1051,420),(48,40.3240123507567,'2022-05-08',1203,793),(49,56.9619816453196,'2022-06-04',289,323),(50,16.049976110924,'2022-07-21',1852,112),(51,87.1936194696464,'2022-09-04',547,995),(52,18.3159411442466,'2022-01-17',1233,362),(53,74.4372834847309,'2022-05-24',1425,906),(54,209.617318369914,'2022-04-27',714,580),(55,119.215423183981,'2022-01-02',254,984),(56,89.1256661680527,'2022-08-13',396,131),(57,82.1426511467434,'2022-01-05',697,321),(58,153.114471629728,'2022-08-11',67,511),(59,14.0390242883004,'2022-06-29',383,716),(60,205.759931806941,'2022-03-06',1629,443),(61,30.418325109873,'2022-08-07',343,62),(62,162.316734962631,'2022-03-09',1217,250),(63,138.351342948619,'2022-02-28',768,1),(64,42.6688418206759,'2022-05-17',1466,719),(65,15.7041552276351,'2022-05-06',1525,848),(66,171.25526681589,'2022-04-18',1904,192),(67,12.7514087059535,'2022-05-13',582,227),(68,59.3708593440242,'2022-04-19',467,46),(69,74.1646007285453,'2022-04-05',1298,370),(70,33.8420850117691,'2022-08-10',900,796),(71,137.375360476319,'2022-09-30',1027,620),(72,24.0778068867512,'2022-06-07',106,404),(73,229.313730216119,'2022-02-08',1040,72),(74,79.495066747535,'2022-02-26',1423,732),(75,7.52144655073062,'2022-03-03',1527,182),(76,77.3198663336225,'2022-08-03',206,177),(77,31.640221668873,'2022-05-01',1528,898),(78,144.762948595453,'2022-04-09',1861,962),(79,193.275024595205,'2022-08-26',738,713),(80,17.5705789444037,'2022-11-06',919,348),(81,130.232362440322,'2022-01-03',1594,778),(82,128.950326502789,'2022-07-06',1312,652),(83,101.133561650757,'2022-04-23',1977,581),(84,110.87184535386,'2022-06-30',75,850),(85,34.4030492589809,'2022-10-10',1328,55),(86,41.7426557918079,'2022-08-16',430,192),(87,53.6316341334023,'2022-04-14',1398,894),(88,122.458925571758,'2022-12-14',1466,783),(89,193.314788228367,'2022-10-08',1980,537),(90,50.831251159776,'2022-06-13',1284,396),(91,66.9659278341569,'2022-09-11',725,882),(92,126.385438982863,'2022-09-24',171,322),(93,11.6046948269941,'2022-07-28',1572,665),(94,21.5382866789587,'2022-11-20',915,508),(95,152.620237919036,'2022-07-25',212,62),(96,45.1483643469401,'2022-05-06',882,767),(97,183.009493908379,'2022-02-17',1521,3),(98,72.4417957966216,'2022-10-24',3,298),(99,110.990468929056,'2022-10-04',1762,883),(100,205.313039798755,'2022-04-10',1274,431),(101,197.990519701038,'2022-09-19',1137,567),(102,115.00067133503,'2022-01-14',1534,25),(103,87.0096347802319,'2022-12-05',1155,16),(104,115.138162848074,'2022-11-19',1850,668),(105,169.358715808485,'2022-11-05',313,708),(106,155.179665491451,'2022-03-23',1501,157),(107,109.772858763579,'2022-06-11',1095,270),(108,36.2007903796621,'2022-05-15',1951,799),(109,117.899635209236,'2022-03-23',1731,970),(110,87.0743898381479,'2022-10-31',74,944),(111,140.162373545114,'2022-05-01',195,350),(112,15.0213386532851,'2022-09-11',1813,223),(113,19.998440256808,'2022-09-07',800,130),(114,248.536315322388,'2022-01-21',40,645),(115,118.472521165851,'2022-03-18',1433,371),(116,184.688583303709,'2022-07-11',974,258),(117,109.264902679715,'2022-02-13',1415,528),(118,198.797772266436,'2022-10-10',1558,818),(119,12.0347530418076,'2022-03-28',796,469),(120,50.4846593406983,'2022-03-04',1812,172),(121,162.158403581474,'2022-06-05',1332,154),(122,36.0969503675587,'2022-06-19',1388,776),(123,116.842629963998,'2022-01-14',1351,751),(124,61.5100611490198,'2022-07-09',321,326),(125,53.6129334405996,'2022-06-12',720,301),(126,191.302898698021,'2022-02-25',1157,826),(127,89.1768220984377,'2022-08-21',1669,780),(128,134.308642488439,'2022-12-22',375,458),(129,58.6620921106078,'2022-11-18',1598,611),(130,205.540525705088,'2022-05-09',412,10),(131,9.23010898614302,'2022-06-01',984,907),(132,208.492616493721,'2022-05-23',1110,843),(133,138.064088820014,'2022-04-05',667,926),(134,47.815599211026,'2022-01-02',1540,56),(135,174.732379543129,'2022-01-11',1087,366),(136,40.3675556746311,'2022-01-09',1115,593),(137,239.926742172334,'2022-11-09',1064,568),(138,162.639746413101,'2022-05-27',361,747),(139,132.575632060412,'2022-05-10',1950,277),(140,12.557391915936,'2022-06-13',1268,442),(141,93.332480146084,'2022-08-21',664,88),(142,247.655453883577,'2022-02-21',650,101),(143,250.438974204008,'2022-06-05',607,256),(144,165.629416477401,'2022-07-06',512,243),(145,17.9633400947787,'2022-03-11',51,57),(146,63.2610675697215,'2022-01-21',1757,494),(147,240.413623014931,'2022-05-17',855,466),(148,245.719279993791,'2022-04-05',1401,81),(149,209.725968746934,'2022-09-02',753,434),(150,242.235792793799,'2022-02-22',578,669),(151,222.627904909197,'2022-05-12',1510,238),(152,6.15599247487262,'2022-11-21',1411,746),(153,26.3766222060658,'2022-09-23',1203,186),(154,51.3646942530759,'2022-07-10',371,923),(155,10.872255677823,'2022-07-08',316,917),(156,17.0869233054109,'2022-09-01',1917,161),(157,67.1461659506895,'2022-06-17',1211,641),(158,233.063696019817,'2022-05-08',1010,990),(159,176.224220486823,'2022-11-18',455,976),(160,189.102801245172,'2022-11-18',1089,434),(161,188.365074834321,'2022-05-02',1743,406),(162,5.00458154128864,'2022-10-11',794,909),(163,62.6734538772143,'2022-05-02',175,337),(164,74.8627144289203,'2022-10-08',1253,844),(165,59.0884330854751,'2022-02-17',1082,839),(166,155.739993639756,'2022-11-13',238,398),(167,120.746719765011,'2022-07-18',1395,764),(168,186.719110366423,'2022-06-21',1919,572),(169,224.720934307668,'2022-11-19',1092,192),(170,44.3284345124848,'2022-07-23',85,358),(171,177.13289144123,'2022-11-24',1695,864),(172,12.3427959424444,'2022-12-10',1598,27),(173,122.641881479416,'2022-10-25',1616,329),(174,187.959265731741,'2022-07-28',146,795),(175,244.307951571886,'2022-06-08',177,68),(176,94.3479374167509,'2022-11-29',1170,795),(177,161.830186954234,'2022-04-11',1553,806),(178,23.5777082447894,'2022-05-16',735,264),(179,60.1599921979941,'2022-10-17',39,615),(180,45.9170604241081,'2022-10-24',1092,181),(181,246.489372460637,'2022-09-02',624,635),(182,241.509842373896,'2022-02-05',721,336),(183,151.614214735571,'2022-02-22',1934,417),(184,122.426049974281,'2022-09-20',1233,508),(185,77.672569102142,'2022-06-01',1738,644),(186,39.0876078163274,'2022-06-29',343,204),(187,104.257929975633,'2022-02-14',1000,378),(188,253.069150452036,'2022-04-15',241,267),(189,216.907517357264,'2022-11-11',421,802),(190,216.273803644348,'2022-11-07',1476,242),(191,133.965558084194,'2022-10-12',755,600),(192,88.4839656171389,'2022-09-05',1054,318),(193,101.821567079518,'2022-03-26',402,138),(194,175.287088305224,'2022-12-14',1368,49),(195,118.52362860227,'2022-07-03',875,694),(196,64.3764586043544,'2022-07-11',1389,413),(197,125.76667749742,'2022-07-28',1637,622),(198,254.22697962122,'2022-12-31',731,738),(199,153.255780445877,'2022-12-19',1162,463),(200,179.145951923449,'2022-11-03',1235,566),(201,161.444417214487,'2022-09-01',1117,809),(202,250.698854789603,'2022-07-23',791,712),(203,90.6477619060315,'2022-01-24',483,300),(204,41.5101274591871,'2022-12-19',405,245),(205,116.530964209232,'2022-12-31',1832,769),(206,231.438950382639,'2022-06-26',1788,774),(207,95.9724306487478,'2022-11-06',266,318),(208,188.130026471335,'2022-07-07',566,407),(209,235.302105835173,'2022-09-04',1911,284),(210,71.9393623475917,'2022-11-16',1041,113),(211,186.914753715042,'2022-06-17',523,766),(212,99.2350495946594,'2022-04-20',1446,18),(213,130.258238820825,'2022-05-13',364,305),(214,12.073046006728,'2022-12-31',874,500),(215,27.1968075209297,'2022-01-29',1014,180),(216,24.2479568389244,'2022-04-13',1576,943),(217,99.7493692697026,'2022-03-26',1138,961),(218,195.718816057313,'2022-03-28',1397,770),(219,244.202777857427,'2022-11-06',1610,133),(220,13.4098675888963,'2022-06-30',1020,327),(221,159.600112660322,'2022-11-21',1506,715),(222,210.386346571613,'2022-01-07',1532,645),(223,190.603959890548,'2022-10-30',1948,663),(224,219.405260604341,'2022-12-28',822,603),(225,90.7346938461997,'2022-04-28',1793,569),(226,150.841170996893,'2022-10-01',11,444),(227,23.9837581613101,'2022-11-30',932,114),(228,182.986974020023,'2022-10-11',915,516),(229,248.80194705585,'2022-10-28',1742,418),(230,158.729682155419,'2022-10-07',1553,282),(231,246.462686585728,'2022-10-15',733,984),(232,150.601205345709,'2022-10-01',1249,973),(233,87.8003158927895,'2022-12-13',1113,725),(234,216.204132244457,'2022-04-09',268,925),(235,228.323368454818,'2022-11-06',1719,889),(236,106.012511466164,'2022-08-21',1184,568),(237,239.702853335533,'2022-06-07',415,474),(238,193.547632836271,'2022-04-01',417,756),(239,33.6355364345945,'2022-02-26',1003,750),(240,71.9288086411543,'2022-12-08',964,591),(241,22.0822217375971,'2022-02-19',1027,251),(242,150.799154878128,'2022-06-07',455,610),(243,213.881032566074,'2022-05-13',419,891),(244,157.626372505445,'2022-11-04',94,33),(245,25.7356928274967,'2022-12-27',1150,216),(246,131.378528692294,'2022-03-22',407,843),(247,77.5788082652725,'2022-08-28',1557,921),(248,98.5748380688019,'2022-03-12',781,548),(249,130.310147708748,'2022-12-01',1805,709),(250,209.711443976033,'2022-08-19',1244,660),(251,23.9099243232049,'2022-09-08',1429,700),(252,66.0621997159906,'2022-05-30',1392,875),(253,59.9270768598653,'2022-10-14',1725,738),(254,30.8544498016126,'2022-03-22',308,107),(255,66.342550905887,'2022-07-09',385,606),(256,206.819811206777,'2022-06-06',1236,872),(257,192.807580134366,'2022-05-04',58,977),(258,128.119954616297,'2022-01-12',992,652),(259,134.256967554335,'2022-07-24',99,62),(260,182.647385675926,'2022-08-21',1334,759),(261,84.8973667607643,'2022-02-18',731,970),(262,192.701226242352,'2022-07-15',320,959),(263,120.570563184563,'2022-07-01',1340,136),(264,234.037995633204,'2022-10-25',445,917),(265,41.4917553425767,'2022-06-22',1352,762),(266,137.297391877044,'2022-07-24',1002,504),(267,183.362836087588,'2022-03-29',1281,813),(268,211.803072963376,'2022-01-29',1671,532),(269,148.860673858318,'2022-05-10',1110,508),(270,143.738438092638,'2022-03-25',1401,900),(271,31.5003939294256,'2022-11-08',1658,550),(272,132.697408926208,'2022-10-18',1269,580),(273,67.8736596615054,'2022-05-26',1215,605),(274,202.610210836399,'2022-11-28',895,462),(275,242.261953751091,'2022-07-02',1518,876),(276,227.044154156465,'2022-07-21',217,30),(277,97.624859480653,'2022-10-16',398,236),(278,160.879415430594,'2022-02-16',1837,407),(279,22.9633419685997,'2022-05-16',256,859),(280,224.359818663914,'2022-01-26',1846,330),(281,207.058029419277,'2022-03-19',1888,617),(282,23.5186165724881,'2022-07-15',131,130),(283,52.5824943729676,'2022-08-18',545,590),(284,162.979271833319,'2022-02-25',1236,733),(285,82.5915349558927,'2022-10-17',250,886),(286,1.13123833434656,'2022-10-28',670,460),(287,243.38445613021,'2022-05-06',890,868),(288,183.680742424447,'2022-08-12',392,872),(289,191.743350944016,'2022-01-12',1854,882),(290,49.5765641634353,'2022-09-02',353,415),(291,42.5463817813434,'2022-06-07',81,261),(292,69.310818572063,'2022-03-24',317,958),(293,52.7560616121627,'2022-09-27',1551,353),(294,171.59473688202,'2022-09-03',1440,977),(295,3.78253524238244,'2022-08-03',1430,751),(296,54.4094477859326,'2022-08-29',1774,613),(297,60.2218605638482,'2022-12-24',384,202),(298,210.431758687366,'2022-04-18',430,343),(299,56.9692898043431,'2022-03-25',970,653),(300,110.834936950821,'2022-05-26',1178,970),(301,8.70755077758804,'2022-01-04',753,590),(302,151.464491151739,'2022-10-19',1472,181),(303,63.7701281332411,'2022-06-07',767,779),(304,249.388952326495,'2022-09-16',1770,855),(305,156.379544606898,'2022-03-16',834,232),(306,169.825655222405,'2022-03-05',686,24),(307,119.260642270092,'2022-11-10',1205,985),(308,59.4415195477195,'2022-07-21',1807,76),(309,2.62886378029361,'2022-01-04',1189,581),(310,170.028831221629,'2022-02-02',696,884),(311,91.5535336309113,'2022-09-18',1846,81),(312,26.55602362426,'2022-07-14',863,477),(313,113.696139401291,'2022-11-12',1691,154),(314,87.5934588466771,'2022-10-27',1801,311),(315,177.423613006715,'2022-09-01',813,382),(316,56.1142089408822,'2022-11-01',1907,212),(317,138.296611948404,'2022-02-26',786,752),(318,190.669837169815,'2022-03-14',1704,612),(319,187.932800563518,'2022-10-18',363,861),(320,28.9411792573519,'2022-02-28',1259,109),(321,125.245131275151,'2022-02-20',1087,195),(322,111.664124638308,'2022-07-12',1657,685),(323,104.055125842337,'2022-07-11',1004,487),(324,102.930397708435,'2022-08-31',1162,578),(325,63.0811566100456,'2022-11-19',1691,676),(326,164.863339074422,'2022-07-19',522,376),(327,124.301727759186,'2022-07-22',1823,125),(328,252.668686803896,'2022-11-22',1198,471),(329,181.693756556604,'2022-03-19',138,453),(330,124.060357675422,'2022-05-07',1038,474),(331,204.345854605082,'2022-10-24',512,151),(332,63.0612284285016,'2022-09-21',1301,659),(333,237.946609093342,'2022-08-22',541,894),(334,32.1789170135744,'2022-04-27',1752,320),(335,104.647864046041,'2022-05-19',1250,987),(336,46.9565638420172,'2022-04-18',974,666),(337,71.303001573775,'2022-04-19',174,765),(338,248.898613036145,'2022-02-03',1871,806),(339,200.080223123077,'2022-06-07',1395,892),(340,168.771593679208,'2022-12-15',1882,334),(341,159.450830726419,'2022-11-21',949,717),(342,228.279901065398,'2022-06-20',1475,49),(343,3.55250825220719,'2022-03-06',1181,699),(344,146.116577949841,'2022-03-12',513,10),(345,141.927602654789,'2022-08-13',1402,782),(346,90.3890957986005,'2022-05-09',588,669),(347,245.636405224446,'2022-10-17',1569,616),(348,5.42013603867963,'2022-07-30',866,882),(349,137.745432837401,'2022-02-11',1988,25),(350,160.923371308018,'2022-09-16',442,428),(351,128.19070920581,'2022-05-15',1415,194),(352,129.554246705491,'2022-09-08',54,499),(353,31.0160461277701,'2022-05-27',148,493),(354,2.8357610409148,'2022-06-23',1460,571),(355,165.986324737314,'2022-10-30',73,354),(356,35.4592480850406,'2022-01-24',1560,846),(357,26.5757767544128,'2022-10-22',205,459),(358,241.960157819558,'2022-07-10',114,224),(359,202.331265734974,'2022-11-21',1265,895),(360,199.768837687094,'2022-02-19',1524,688),(361,189.610568320844,'2022-11-30',1048,444),(362,74.6363138412125,'2022-07-30',717,647),(363,218.695655489806,'2022-12-25',1639,47),(364,74.4350723964162,'2022-02-28',1438,959),(365,239.28097380558,'2022-06-26',90,448),(366,109.334840678144,'2022-02-28',1274,361),(367,128.336726667825,'2022-03-13',1747,841),(368,166.353368472774,'2022-03-02',1385,679),(369,104.347155562136,'2022-06-02',1589,274),(370,128.282209277619,'2022-07-15',74,277),(371,77.9238213100471,'2022-03-19',111,341),(372,52.9875015509315,'2022-11-17',441,18),(373,224.793885319028,'2022-09-02',835,959),(374,151.085749961901,'2022-08-20',1718,150),(375,241.163390832487,'2022-04-03',1030,166),(376,207.994606640656,'2022-09-03',1243,788),(377,75.4555441797711,'2022-03-15',1454,46),(378,228.358652428258,'2022-12-31',404,709),(379,104.423996026162,'2022-01-01',1059,995),(380,16.8501781267114,'2022-06-29',1637,57),(381,245.641122622881,'2022-11-28',1556,298),(382,235.344965748955,'2022-09-21',1889,881),(383,38.3613070570864,'2022-07-20',894,443),(384,110.473069768865,'2022-10-23',1281,814),(385,200.759220501874,'2022-07-26',1211,663),(386,173.544598371256,'2022-05-19',1407,493),(387,75.5431034662761,'2022-05-03',1595,757),(388,126.850494701881,'2022-07-18',779,232),(389,107.943047045264,'2022-10-04',652,927),(390,218.338318117429,'2022-12-20',1470,266),(391,212.074274169747,'2022-01-30',683,399),(392,28.6630254355259,'2022-01-02',1412,751),(393,121.675420856569,'2022-10-28',1292,291),(394,4.61275218473747,'2022-11-08',1240,957),(395,201.221817458514,'2022-09-22',65,194),(396,150.909593854565,'2022-11-02',1384,433),(397,177.413769914303,'2022-10-16',632,253),(398,198.385387145448,'2022-09-09',1021,353),(399,109.039840998594,'2022-05-14',989,790),(400,232.532491218764,'2022-12-11',1452,481),(401,39.2151315719821,'2022-04-23',1100,722),(402,4.4295689468272,'2022-05-14',1791,659),(403,107.994561831001,'2022-03-12',774,936),(404,226.042368162889,'2022-06-11',666,523),(405,109.361152558122,'2022-08-06',143,92),(406,7.89950291113928,'2022-12-14',33,426),(407,16.5893063717522,'2022-06-08',1967,15),(408,91.1432346967049,'2022-08-02',1647,954),(409,205.983088976238,'2022-05-16',201,373),(410,189.95525373565,'2022-08-17',1414,553),(411,108.989510411862,'2022-04-13',728,935),(412,96.3574602049775,'2022-09-14',8,138),(413,118.686806304846,'2022-10-14',764,393),(414,229.387745492626,'2022-08-10',948,755),(415,146.647719117347,'2022-11-01',1592,949),(416,104.650773447473,'2022-02-23',1532,804),(417,164.177779397462,'2022-05-15',560,834),(418,58.2437616293319,'2022-02-08',1642,23),(419,187.928587029222,'2022-01-15',876,974),(420,129.057262558956,'2022-03-22',813,784),(421,217.8860924826,'2022-12-21',174,462),(422,163.450944968034,'2022-04-03',1435,868),(423,127.733878063504,'2022-08-16',646,58),(424,126.304375049192,'2022-02-12',953,360),(425,15.591439163778,'2022-09-08',1306,929),(426,110.442797705997,'2022-01-17',906,100),(427,253.127465511207,'2022-01-15',1901,115),(428,44.4379178029485,'2022-11-11',273,16),(429,217.04812241951,'2022-10-18',1168,110),(430,114.783681415487,'2022-04-10',1926,690),(431,20.9603320383467,'2022-05-22',1830,332),(432,124.447057079989,'2022-03-31',26,431),(433,167.610054603312,'2022-09-18',1077,283),(434,73.7938170437701,'2022-06-15',705,298),(435,137.49556968594,'2022-05-15',1218,548),(436,185.889318515081,'2022-10-06',103,277),(437,231.8557574437,'2022-11-29',191,268),(438,122.174284913111,'2022-10-18',1481,61),(439,66.0333798700012,'2022-03-19',1168,823),(440,182.515587117989,'2022-07-21',74,770),(441,63.2133620441891,'2022-11-11',1447,2),(442,171.632024720777,'2022-02-06',1271,766),(443,106.536073381547,'2022-08-17',432,36),(444,249.895107273478,'2022-04-29',1152,493),(445,175.585608883295,'2022-12-25',578,691),(446,212.504835539032,'2022-09-24',850,829),(447,173.253070386592,'2022-09-18',278,228),(448,245.040482741315,'2022-04-26',1320,993),(449,212.974847814534,'2022-07-23',786,977),(450,107.386375815142,'2022-07-10',179,371),(451,96.3459004261531,'2022-12-06',94,38),(452,48.0326766562648,'2022-03-19',765,932),(453,13.1080380664207,'2022-09-11',12,704),(454,146.751163371373,'2022-09-29',1336,14),(455,177.513202416245,'2022-01-05',30,198),(456,117.646011528093,'2022-02-02',1123,178),(457,163.061748242471,'2022-03-30',1101,965),(458,80.5795754049905,'2022-01-08',1595,859),(459,221.615724647883,'2022-11-30',380,226),(460,14.9731692415662,'2022-05-11',1983,453),(461,14.8871563212015,'2022-09-30',1100,187),(462,181.98284848826,'2022-04-11',958,345),(463,92.301324787084,'2022-10-01',988,204),(464,229.050191056449,'2022-09-08',1242,458),(465,19.2350496561266,'2022-05-16',1824,540),(466,24.8280785684474,'2022-09-01',877,132),(467,13.6299698748626,'2022-09-22',1428,599),(468,192.481477607507,'2022-12-16',241,403),(469,248.980824975763,'2022-11-08',141,389),(470,55.3632209678181,'2022-07-11',1339,500),(471,109.698736327235,'2022-01-30',1030,968),(472,107.064788904507,'2022-03-09',1344,388),(473,192.849488383625,'2022-06-03',28,596),(474,115.842090383638,'2022-04-17',329,227),(475,198.266809935216,'2022-01-10',1953,381),(476,229.416244332213,'2022-06-22',583,372),(477,73.0406553582288,'2022-09-29',273,351),(478,254.149360888172,'2022-06-16',645,278),(479,92.3804858648218,'2022-09-06',1584,500),(480,156.595322650392,'2022-12-07',1169,990),(481,130.853550753091,'2022-11-15',1711,251),(482,9.42556592868641,'2022-07-01',933,124),(483,155.998168657068,'2022-01-01',579,97),(484,143.729861993808,'2022-08-21',226,114),(485,166.312008796725,'2022-03-02',1591,686),(486,237.692098327447,'2022-10-22',1918,16),(487,81.6153722279705,'2022-09-25',1532,711),(488,135.641059872229,'2022-07-17',114,163),(489,93.7894730926491,'2022-03-28',1270,681),(490,111.476210281719,'2022-08-24',1295,509),(491,207.889719868544,'2022-05-05',1885,477),(492,68.4684731704183,'2022-06-10',1975,317),(493,243.633996619377,'2022-11-18',1587,13),(494,215.436013363767,'2022-01-26',1390,353),(495,43.2659442448057,'2022-12-11',1190,728),(496,171.295018148143,'2022-11-19',1834,945),(497,139.793241730426,'2022-01-11',1527,728),(498,53.985478520859,'2022-11-14',254,999),(499,91.6008873977698,'2022-04-05',937,794),(500,251.771970440168,'2022-02-21',854,578),(501,71.4394801543094,'2022-08-31',1291,36),(502,130.919436075259,'2022-07-06',511,739),(503,121.788500743452,'2022-07-13',458,329),(504,251.743965056259,'2022-02-09',1708,644),(505,124.594592994545,'2022-10-14',1799,189),(506,219.038575724233,'2022-01-24',195,447),(507,231.384845072869,'2022-06-24',919,929),(508,40.8739963811822,'2022-04-08',244,882),(509,229.755070729647,'2022-04-25',1458,896),(510,169.774446540046,'2022-02-27',1026,732),(511,132.233090552036,'2022-03-24',426,75),(512,226.268418174703,'2022-08-14',1568,986),(513,209.517013213132,'2022-01-21',1810,167),(514,214.814456969965,'2022-11-23',101,71),(515,214.088516721968,'2022-03-31',625,666),(516,168.101943571586,'2022-08-11',639,903),(517,80.2011296735145,'2022-08-19',1760,921),(518,251.726874836255,'2022-10-22',113,931),(519,68.2435124986805,'2022-04-14',1867,630),(520,59.2426450815983,'2022-02-01',573,110),(521,99.4777387143113,'2022-05-29',1824,429),(522,145.585827336181,'2022-10-14',73,220),(523,59.15257617319,'2022-04-25',1643,134),(524,210.876954589505,'2022-03-23',1512,694),(525,51.9917683140375,'2022-06-12',86,662),(526,30.5963010420091,'2022-01-07',163,454),(527,102.057315411512,'2022-06-19',1272,721),(528,84.1346633550711,'2022-06-16',84,333),(529,58.9877558262087,'2022-06-04',368,515),(530,103.719141901005,'2022-12-06',1238,735),(531,218.611447254661,'2022-12-17',1505,333),(532,115.713922013063,'2022-06-07',1368,310),(533,117.934847979341,'2022-08-05',940,656),(534,164.296055235434,'2022-02-13',1843,782),(535,76.5057981186546,'2022-01-20',99,284),(536,241.506240573246,'2022-12-07',1939,805),(537,150.151800876949,'2022-09-13',1141,858),(538,169.674605742563,'2022-04-16',1485,221),(539,53.0933037945069,'2022-12-21',1465,432),(540,198.221488420386,'2022-10-28',1192,64),(541,48.4319799975492,'2022-12-06',1281,675),(542,28.8332174946554,'2022-03-14',1153,420),(543,13.014009448234,'2022-11-05',1536,19),(544,79.0128943142481,'2022-12-25',1064,892),(545,232.668360194657,'2022-11-06',1270,628),(546,158.006173938978,'2022-08-02',1768,383),(547,117.820069620851,'2022-08-27',1500,85),(548,127.102046389598,'2022-04-01',1924,94),(549,173.478525696788,'2022-05-01',332,3),(550,4.30861789779738,'2022-02-11',1353,690),(551,111.600748228375,'2022-02-25',3,151),(552,21.4038921562023,'2022-05-07',854,214),(553,217.829670107458,'2022-07-02',944,1000),(554,125.361551568378,'2022-04-23',151,801),(555,130.60741856182,'2022-10-29',1526,919),(556,194.151738498826,'2022-10-30',325,848),(557,112.663596405182,'2022-09-05',1811,190),(558,204.916836522985,'2022-06-29',156,571),(559,242.878563287202,'2022-10-21',1946,537),(560,100.522251677234,'2022-01-08',807,922),(561,68.5217169434764,'2022-04-20',1059,431),(562,116.482193708885,'2022-09-19',1479,196),(563,241.864774445537,'2022-10-28',1190,41),(564,44.2604573261924,'2022-12-13',1108,176),(565,45.1700534508564,'2022-11-16',515,171),(566,224.946203448344,'2022-09-19',507,328),(567,202.053753452841,'2022-02-22',877,189),(568,209.304740455467,'2022-04-12',116,9),(569,53.2242370308377,'2022-11-27',364,521),(570,164.203305438627,'2022-10-30',1714,237),(571,18.595311100129,'2022-07-01',998,405),(572,199.411845449824,'2022-04-04',1053,231),(573,201.774508161936,'2022-11-03',686,69),(574,154.778798751999,'2022-12-11',278,197),(575,216.926367553417,'2022-01-11',1593,339),(576,101.781876069028,'2022-08-25',162,88),(577,238.010716697667,'2022-12-30',277,854),(578,35.4538418357261,'2022-06-08',1654,646),(579,222.39595235372,'2022-03-21',1204,473),(580,26.683295447845,'2022-09-03',1129,561),(581,102.847321866546,'2022-07-04',94,931),(582,72.8904525120743,'2022-02-04',283,39),(583,185.890204417054,'2022-11-01',582,524),(584,155.077926096041,'2022-12-07',1721,323),(585,232.548392272089,'2022-04-04',1253,272),(586,247.256507978309,'2022-01-31',1079,1),(587,15.4573720344342,'2022-11-12',1643,801),(588,24.2459498983808,'2022-05-16',1775,598),(589,82.352605892811,'2022-10-28',1973,520),(590,45.8507448066957,'2022-11-08',422,929),(591,185.932812871877,'2022-06-15',204,995),(592,99.4109081146307,'2022-03-12',344,532),(593,206.098250082228,'2022-05-27',1409,709),(594,34.7277589445002,'2022-02-05',1061,782),(595,8.56399397039786,'2022-11-02',1477,862),(596,43.3647013795562,'2022-10-22',1707,408),(597,17.8482215688564,'2022-10-03',979,790),(598,128.323005713988,'2022-09-03',1425,192),(599,218.635491746012,'2022-04-16',1516,563),(600,34.0925897029228,'2022-10-06',1245,490),(601,125.515026456211,'2022-02-23',1685,141),(602,145.077799812425,'2022-07-22',1066,845),(603,229.093991989736,'2022-01-19',1315,522),(604,50.3981924694963,'2022-09-09',1591,350),(605,92.4857802228071,'2022-04-13',1355,274),(606,109.064315312076,'2022-10-07',940,431),(607,210.173289867584,'2022-04-08',1503,926),(608,173.528488439042,'2022-03-26',1290,741),(609,9.24720772216097,'2022-03-27',1514,446),(610,43.610585660208,'2022-04-24',1953,839),(611,121.019289920572,'2022-12-07',1506,877),(612,126.798815746326,'2022-12-30',5,807),(613,33.010643182788,'2022-05-27',419,510),(614,18.9255036790855,'2022-02-12',37,765),(615,11.3150060647167,'2022-10-27',537,5),(616,85.2178719011135,'2022-06-20',1705,164),(617,181.337030208204,'2022-06-02',641,313),(618,199.723821565974,'2022-12-23',1311,334),(619,68.9055615910329,'2022-06-06',1376,639),(620,215.11271378817,'2022-12-21',1404,920),(621,125.761921776924,'2022-02-14',8,958),(622,130.851150893141,'2022-06-23',19,693),(623,159.423189165536,'2022-11-27',538,377),(624,213.753757667262,'2022-08-05',1360,959),(625,1.42048024246469,'2022-06-20',1699,677),(626,54.9089626078494,'2022-12-08',1917,409),(627,127.912230829243,'2022-12-31',66,813),(628,118.979779173154,'2022-02-15',687,769),(629,200.672477333341,'2022-06-22',1759,581),(630,197.879587032367,'2022-05-09',1702,318),(631,100.454137998167,'2022-12-27',714,521),(632,102.822913315613,'2022-01-01',1487,563),(633,150.727294153068,'2022-03-02',1327,705),(634,54.7512138639577,'2022-05-02',1598,427),(635,23.7924714633264,'2022-08-15',458,164),(636,11.133654479403,'2022-03-26',1,971),(637,139.268921180163,'2022-07-02',271,531),(638,215.142892174888,'2022-01-11',704,567),(639,220.957901390735,'2022-01-20',1901,768),(640,173.205856424291,'2022-05-08',1158,908),(641,92.0809582681395,'2022-04-25',813,1002),(642,124.929530412424,'2022-01-29',460,483),(643,168.893207321409,'2022-10-15',70,154),(644,179.401732285041,'2022-05-03',1969,837),(645,128.671614645515,'2022-04-04',950,852),(646,165.866896398831,'2022-07-19',1601,852),(647,70.0782781713642,'2022-08-09',370,794),(648,198.776854571421,'2022-07-26',954,367),(649,101.898708915804,'2022-09-23',1790,678),(650,179.216617331374,'2022-11-08',725,591),(651,138.155112231616,'2022-07-04',659,527),(652,10.7051551681943,'2022-09-28',990,677),(653,153.594669057522,'2022-10-26',749,420),(654,21.3711797823198,'2022-09-20',1839,455),(655,137.55281716818,'2022-08-26',1740,82),(656,68.5039253351279,'2022-11-01',275,916),(657,254.191532424185,'2022-03-29',577,276),(658,119.478929698933,'2022-02-06',453,529),(659,193.112610022072,'2022-04-19',987,170),(660,23.0588157069869,'2022-01-07',1426,20),(661,250.34594574431,'2022-04-11',121,511),(662,249.069072403479,'2022-02-15',356,433),(663,75.7128172093071,'2022-09-23',1247,942),(664,40.4488362935372,'2022-08-12',1654,584),(665,166.56416512141,'2022-09-13',1785,834),(666,89.6766725932248,'2022-01-10',1210,121),(667,11.8938745209016,'2022-03-15',1739,571),(668,87.5713564795442,'2022-01-03',1815,359),(669,252.827056034002,'2022-09-25',1013,690),(670,34.4676543404348,'2022-02-05',61,195),(671,223.483327122871,'2022-11-18',1629,322),(672,233.767105024774,'2022-08-15',140,920),(673,16.2150933356024,'2022-12-20',601,871),(674,221.863801092375,'2022-08-11',1575,249),(675,213.22082955623,'2022-10-11',784,181),(676,190.445170063991,'2022-10-24',603,370),(677,46.5333612547256,'2022-04-25',382,447),(678,75.1677556713112,'2022-10-02',29,58),(679,82.3831457369961,'2022-09-04',908,766),(680,120.707999106962,'2022-11-04',454,383),(681,31.9365533948876,'2022-12-05',443,330),(682,128.188020274509,'2022-08-02',1101,683),(683,70.4091489561833,'2022-02-01',1190,534),(684,178.976399038453,'2022-10-20',1665,387),(685,76.553972734604,'2022-02-25',17,288),(686,40.8639564742334,'2022-12-16',1232,167),(687,94.5248218798079,'2022-03-08',659,186),(688,50.614536118228,'2022-07-15',1493,129),(689,240.114531627391,'2022-06-19',1895,733),(690,170.890785217751,'2022-06-18',73,303),(691,51.3682565488853,'2022-09-22',1892,513),(692,15.5549359810539,'2022-08-10',1784,887),(693,77.5717518017627,'2022-05-27',1153,557),(694,97.3445868273266,'2022-05-10',288,706),(695,118.614654379431,'2022-01-02',1878,352),(696,233.923483636696,'2022-03-19',29,173),(697,210.728764361236,'2022-07-01',1048,360),(698,192.307301000226,'2022-07-05',70,781),(699,40.6013261624612,'2022-10-14',1455,901),(700,31.6644234699197,'2022-02-17',893,995),(701,89.8633097843267,'2022-03-25',535,547),(702,144.491726808716,'2022-05-06',531,906),(703,191.952692063991,'2022-03-30',1432,591),(704,234.165359240491,'2022-08-29',756,33),(705,73.3527379245497,'2022-12-12',953,674),(706,22.8665227000602,'2022-10-07',1092,258),(707,101.205281625036,'2022-11-21',1308,55),(708,165.882254083175,'2022-07-17',1330,28),(709,205.299008010421,'2022-10-26',429,465),(710,70.2812064965256,'2022-02-06',332,96),(711,22.4327337616123,'2022-07-11',986,733),(712,237.964430507738,'2022-12-02',241,518),(713,9.15368864545599,'2022-10-04',1430,512),(714,243.091155395377,'2022-01-13',883,808),(715,220.870796764735,'2022-03-03',821,862),(716,217.879570398945,'2022-04-08',1267,830),(717,59.3429578081705,'2022-05-15',519,736),(718,4.7826059688814,'2022-07-22',773,354),(719,4.54232830042019,'2022-12-29',54,685),(720,39.0387150165625,'2022-04-25',1640,901),(721,250.89260285208,'2022-11-18',131,765),(722,151.597654164303,'2022-11-18',1414,440),(723,57.8822954096831,'2022-04-10',675,439),(724,102.421264995355,'2022-01-02',854,950),(725,101.0530205057,'2022-02-04',506,888),(726,66.1592553039081,'2022-05-30',666,590),(727,203.36277450854,'2022-04-22',1618,585),(728,54.199980345089,'2022-06-03',1043,342),(729,66.9242168725468,'2022-04-19',1544,703),(730,51.0962240849622,'2022-08-23',1971,160),(731,211.117951388005,'2022-05-13',885,223),(732,103.36598045053,'2022-09-20',427,233),(733,69.0808074311353,'2022-03-24',14,56),(734,106.668234579731,'2022-02-18',745,107),(735,100.569121214096,'2022-08-17',1955,561),(736,53.3537440714426,'2022-01-30',1426,593),(737,47.1970170349814,'2022-12-27',557,957),(738,232.39082023548,'2022-06-02',1028,77),(739,188.049688527826,'2022-02-14',1395,911),(740,111.666109342594,'2022-08-22',1802,617),(741,7.67167991260067,'2022-01-04',192,550),(742,220.660373874474,'2022-12-15',1478,966),(743,118.430167245213,'2022-08-26',1264,559),(744,175.499273773748,'2022-05-31',1354,530),(745,71.2532396675087,'2022-12-17',596,936),(746,212.37914769398,'2022-01-26',1638,750),(747,182.743180657271,'2022-09-28',1219,92),(748,133.367794249672,'2022-04-04',1072,381),(749,12.6647492782213,'2022-09-15',95,133),(750,236.580253266264,'2022-11-17',1956,366),(751,95.8084614300169,'2022-07-30',647,349),(752,166.729587030131,'2022-10-15',1192,32),(753,70.2288710982539,'2022-03-27',1460,887),(754,4.05266153858975,'2022-03-26',121,424),(755,59.8578516044654,'2022-12-08',810,571),(756,35.6109277498908,'2022-05-01',419,907),(757,231.492876856122,'2022-08-05',944,279),(758,224.966202833224,'2022-08-29',410,302),(759,50.1603025966324,'2022-02-15',767,828),(760,142.231451418716,'2022-11-07',1481,531),(761,26.8536476553418,'2022-11-04',1430,649),(762,116.496566847432,'2022-04-19',1268,262),(763,116.646875197534,'2022-12-05',228,309),(764,54.6291524213739,'2022-11-21',28,180),(765,101.182673974428,'2022-12-19',1180,571),(766,244.45030265348,'2022-10-31',1753,209),(767,177.535739573184,'2022-07-13',199,730),(768,78.2853845176287,'2022-07-05',1007,392),(769,229.451055666897,'2022-11-01',1263,315),(770,30.8898186986335,'2022-06-07',1560,94),(771,66.9571752646007,'2022-06-18',1052,888),(772,33.7498608422466,'2022-03-23',1469,129),(773,126.354501961265,'2022-02-17',953,199),(774,87.7583828051575,'2022-09-09',521,704),(775,90.5785711877979,'2022-07-17',568,611),(776,66.2656539049931,'2022-12-09',1923,708),(777,1.93833146104589,'2022-04-13',358,333),(778,232.505122170318,'2022-07-24',1708,837),(779,57.2294256337918,'2022-10-18',98,837),(780,185.394195590634,'2022-11-20',869,930),(781,101.222472144756,'2022-05-30',1592,261),(782,43.7100233663805,'2022-04-17',1323,937),(783,88.526346268598,'2022-06-04',1227,903),(784,58.6402771589346,'2022-07-29',737,185),(785,243.826461365912,'2022-04-06',61,401),(786,178.708932340611,'2022-05-18',222,697),(787,158.498050133232,'2022-09-14',84,305),(788,75.0770492446609,'2022-09-14',4,896),(789,125.594445853028,'2022-02-23',261,218),(790,135.218554415274,'2022-06-21',543,961),(791,141.21036364371,'2022-12-16',457,240),(792,122.971021857578,'2022-02-14',1870,286),(793,128.220181709621,'2022-11-15',947,922),(794,76.961454287637,'2022-05-04',1751,26),(795,112.391222591046,'2022-06-22',807,529),(796,145.407064382453,'2022-10-05',1058,1005),(797,96.8720344142057,'2022-09-11',834,506),(798,119.291056029964,'2022-10-22',762,381),(799,143.055672141258,'2022-06-11',846,781),(800,187.913405579049,'2022-07-23',1702,67),(801,149.817978820298,'2022-03-26',1603,881),(802,122.816643089522,'2022-09-04',418,377),(803,93.1308668353595,'2022-11-27',1786,808),(804,192.086633582134,'2022-05-31',1798,964),(805,218.050599156413,'2022-06-04',43,417),(806,249.028358288575,'2022-09-01',487,362),(807,167.081070589367,'2022-09-08',1929,957),(808,43.2166959014721,'2022-02-10',571,683),(809,92.9120890260674,'2022-06-18',892,35),(810,245.92220382439,'2022-05-16',1120,505),(811,199.532656694297,'2022-04-30',1454,595),(812,125.91189942183,'2022-04-11',1888,742),(813,235.719251407776,'2022-09-21',260,878),(814,3.62504126923159,'2022-03-04',244,577),(815,210.899107816163,'2022-01-09',443,368),(816,101.723910402972,'2022-04-16',723,358),(817,47.3884986550547,'2022-09-16',604,912),(818,110.019591570366,'2022-03-09',1834,969),(819,201.006015995983,'2022-07-28',539,680),(820,226.772754479665,'2022-03-28',1158,882),(821,202.060852496419,'2022-12-28',1316,729),(822,120.369435050059,'2022-03-17',105,73),(823,196.716082649771,'2022-04-17',1502,793),(824,129.371816661675,'2022-11-08',525,719),(825,154.726944035385,'2022-02-19',659,887),(826,128.944011405576,'2022-08-21',1431,804),(827,45.5541185685433,'2022-12-27',880,114),(828,127.652841333766,'2022-06-13',1343,237),(829,220.852013750467,'2022-08-25',490,209),(830,54.6436197091825,'2022-06-06',832,707),(831,225.332043918315,'2022-11-08',744,206),(832,7.19093225570396,'2022-11-04',133,606),(833,100.000911495183,'2022-12-01',1679,763),(834,196.624418408144,'2022-01-06',1665,636),(835,113.773888240103,'2022-06-11',1384,654),(836,84.6295525622554,'2022-04-27',410,558),(837,193.463096498046,'2022-02-17',557,701),(838,11.9234253247269,'2022-04-04',240,280),(839,68.140790449921,'2022-08-02',1613,90),(840,239.305524763186,'2022-07-21',1776,48),(841,127.877637362573,'2022-03-29',615,167),(842,195.083517656196,'2022-05-16',1553,935),(843,202.855998838786,'2022-04-29',926,660),(844,214.87403074326,'2022-07-16',1748,671),(845,72.85821206728,'2022-11-19',1824,964),(846,185.778431974817,'2022-11-16',1427,956),(847,183.129871072713,'2022-11-15',1371,668),(848,174.933611762244,'2022-07-20',1559,653),(849,26.6181079656817,'2022-04-26',775,861),(850,248.437764227856,'2022-07-10',966,1004),(851,34.5848741927184,'2022-07-12',1940,799),(852,242.651168454904,'2022-01-19',1057,394),(853,117.595221786294,'2022-05-16',1463,986),(854,249.871969737578,'2022-03-28',1941,548),(855,190.880584614817,'2022-08-16',238,462),(856,40.3869608310051,'2022-08-29',1981,741),(857,144.077059632633,'2022-05-15',520,478),(858,214.897363201249,'2022-01-21',378,772),(859,17.3386881300248,'2022-06-19',1788,544),(860,7.31960827531293,'2022-01-25',144,302),(861,129.825736983214,'2022-01-28',1442,199),(862,119.961118691135,'2022-01-22',743,309),(863,144.567979904357,'2022-04-06',428,275),(864,177.071089547593,'2022-12-25',609,222),(865,117.702978691552,'2022-08-19',1816,90),(866,194.766269654501,'2022-04-26',1629,436),(867,230.08936447883,'2022-01-25',1737,936),(868,225.331742782611,'2022-01-25',547,133),(869,217.295118986163,'2022-06-30',1835,142),(870,207.896708913613,'2022-10-28',1214,158),(871,21.9608557694592,'2022-09-21',869,116),(872,25.4852654901333,'2022-11-17',1999,427),(873,144.538101470564,'2022-05-13',1556,103),(874,22.4421886657365,'2022-06-05',1470,785),(875,168.40257706726,'2022-10-13',393,248),(876,204.233714554925,'2022-10-18',1853,763),(877,31.3424791232683,'2022-02-19',1045,254),(878,151.623320483137,'2022-10-10',308,118),(879,233.421761038247,'2022-06-17',645,43),(880,157.222506236751,'2022-12-21',11,865),(881,219.218414297793,'2022-10-30',1349,80),(882,28.4165753130801,'2022-04-05',1550,12),(883,14.4377497234382,'2022-07-26',1768,518),(884,128.665416170377,'2022-04-06',1660,942),(885,36.9006787226535,'2022-07-12',100,791),(886,85.1792834778316,'2022-12-06',1518,480),(887,97.9069945388474,'2022-06-11',1860,931),(888,242.96957936557,'2022-02-27',823,357),(889,133.973653501365,'2022-04-26',863,172),(890,23.2746346746571,'2022-06-18',566,848),(891,128.948056275491,'2022-11-25',1477,285),(892,44.3604902070947,'2022-09-27',1191,818),(893,242.496329112444,'2022-03-20',923,782),(894,130.696677975822,'2022-01-26',1444,761),(895,128.966605099384,'2022-02-26',728,805),(896,68.5070024547167,'2022-08-06',16,923),(897,240.627305409405,'2022-02-15',153,401),(898,59.6953218285926,'2022-06-14',1887,27),(899,35.2804205515422,'2022-10-09',543,693),(900,112.146329243202,'2022-10-09',302,506),(901,200.249791620765,'2022-10-03',1168,252),(902,144.401334055234,'2022-09-26',1902,628),(903,2.74439154798165,'2022-08-06',94,711),(904,42.7090430823155,'2022-09-15',93,845),(905,180.596606350038,'2022-07-28',246,356),(906,178.451341853011,'2022-05-27',386,995),(907,197.375516379718,'2022-09-10',1337,812),(908,99.9440758568235,'2022-03-01',1962,29),(909,21.875177575741,'2022-09-21',1328,866),(910,224.612831794191,'2022-03-28',1373,55),(911,81.9779027127661,'2022-04-13',691,148),(912,181.543718826491,'2022-03-06',615,912),(913,154.892542651389,'2022-12-26',453,858),(914,154.409149826039,'2022-04-05',1714,322),(915,241.767767588142,'2022-09-06',1814,572),(916,144.768622626085,'2022-12-26',200,910),(917,124.680348305497,'2022-09-15',572,197),(918,203.744501270819,'2022-08-27',1339,116),(919,145.998437421862,'2022-03-30',1076,528),(920,108.072797265369,'2022-12-19',1442,929),(921,162.119850641582,'2022-09-20',17,930),(922,4.52895082579926,'2022-09-23',1882,330),(923,227.585348004941,'2022-04-13',1703,607),(924,244.728612129111,'2022-07-31',1769,7),(925,215.566915138159,'2022-04-24',1951,889),(926,156.303422563244,'2022-10-29',224,171),(927,152.731044503395,'2022-01-10',528,558),(928,68.4517959770746,'2022-04-18',686,966),(929,252.477016648743,'2022-02-18',1333,397),(930,241.864699930418,'2022-04-14',936,843),(931,138.550181458239,'2022-07-18',1502,75),(932,5.0264369440265,'2022-07-19',597,646),(933,53.0302394018508,'2022-02-27',1809,814),(934,144.890425749589,'2022-05-12',1812,695),(935,238.694522785489,'2022-09-11',98,874),(936,169.929982539732,'2022-08-25',223,129),(937,19.7562770009972,'2022-08-09',1013,424),(938,97.5641022180207,'2022-03-03',893,883),(939,136.97794177616,'2022-01-16',1740,133),(940,161.958239648957,'2022-10-03',1487,973),(941,209.159432424698,'2022-11-19',117,491),(942,220.20009090798,'2022-08-18',151,945),(943,211.001421096269,'2022-10-28',860,1001),(944,126.850374531467,'2022-10-12',1603,234),(945,125.343618026469,'2022-07-13',140,516),(946,60.8686127667315,'2022-05-23',1327,174),(947,55.7780527868308,'2022-11-11',198,479),(948,42.9139128220268,'2022-05-05',78,406),(949,37.6373555348255,'2022-02-22',1858,537),(950,167.020748116542,'2022-10-10',803,589),(951,55.3580382638611,'2022-07-06',272,939),(952,22.6497395304032,'2022-09-14',707,975),(953,12.2187760532834,'2022-04-28',65,823),(954,101.113436654676,'2022-09-18',763,897),(955,160.453688318375,'2022-08-08',197,741),(956,106.377099041361,'2022-09-15',1553,283),(957,213.740620060358,'2022-08-08',218,270),(958,12.2344774533994,'2022-09-11',25,686),(959,190.06442311639,'2022-05-14',472,902),(960,55.858595114667,'2022-09-14',1249,264),(961,190.955237409566,'2022-05-26',1228,321),(962,175.727528959978,'2022-09-06',240,803),(963,133.101772198919,'2022-05-20',335,361),(964,163.925190885086,'2022-07-06',1190,959),(965,194.339587329421,'2022-12-11',929,896),(966,24.8171089966781,'2022-01-24',1571,909),(967,196.01437448198,'2022-07-06',1869,351),(968,32.1012088623829,'2022-05-01',903,489),(969,207.720238423441,'2022-03-18',1700,710),(970,230.233594760764,'2022-08-05',429,251),(971,88.4129782565869,'2022-10-31',1260,562),(972,142.229330931325,'2022-09-10',46,71),(973,249.898368670139,'2022-11-12',346,643),(974,207.838222824503,'2022-04-26',1299,826),(975,86.6954411887564,'2022-08-02',1373,881),(976,126.095598351676,'2022-05-25',1621,917),(977,168.274765423033,'2022-03-17',821,587),(978,198.248089135159,'2022-07-09',637,351),(979,65.6717303195037,'2022-02-07',360,832),(980,83.0544117582031,'2022-06-12',1229,215),(981,194.474825410638,'2022-02-01',1272,471),(982,44.4611490149982,'2022-08-28',696,200),(983,54.1889220648445,'2022-09-30',663,657),(984,119.653531160671,'2022-12-25',609,795),(985,229.973554736469,'2022-11-11',1680,649),(986,1.48121716128662,'2022-04-17',701,45),(987,28.7562022157945,'2022-11-09',786,509),(988,143.259075943846,'2022-03-26',110,614),(989,147.720568879042,'2022-05-02',502,503),(990,21.9429676462896,'2022-01-17',1957,739),(991,215.169865938369,'2022-09-02',1341,809),(992,163.680524867494,'2022-06-08',28,991),(993,93.7650926918723,'2022-09-01',300,304),(994,57.7369339172728,'2022-07-06',260,636),(995,120.138317773584,'2022-04-10',1197,494),(996,86.7957160663791,'2022-10-13',1631,63),(997,26.8809604034759,'2022-05-09',131,506),(998,107.634508796502,'2022-03-20',316,12),(999,102.907071637455,'2022-07-15',53,127),(1000,16.1758470502682,'2022-05-13',867,993),(1001,20.1916156173684,'2022-02-15',944,82),(1002,10.9129444812424,'2022-07-17',1576,905),(1003,152.883750820998,'2022-01-18',1830,636);
/*!40000 ALTER TABLE `bank_repayment` ENABLE KEYS */;
UNLOCK TABLES;

--
-- Table structure for table `bank_transaction_history`
--

DROP TABLE IF EXISTS `bank_transaction_history`;
/*!40101 SET @saved_cs_client     = @@character_set_client */;
/*!50503 SET character_set_client = utf8mb4 */;
CREATE TABLE `bank_transaction_history` (
  `id` bigint NOT NULL AUTO_INCREMENT,
  `amount` double NOT NULL,
  `time` date NOT NULL,
  `useCreditCard` tinyint(1) NOT NULL,
  `consumptionType_id` int NOT NULL,
  `inAccount_id` bigint DEFAULT NULL,
  `outAccount_id` bigint DEFAULT NULL,
  `transactionType_id` int NOT NULL,
  PRIMARY KEY (`id`),
  KEY `bank_transaction_his_consumptionType_id_6bf3a03e_fk_bank_cons` (`consumptionType_id`),
  KEY `bank_transaction_his_transactionType_id_91cfc5ec_fk_bank_tran` (`transactionType_id`),
  KEY `bank_transaction_his_inAccount_id_00d36941_fk_bank_acco` (`inAccount_id`),
  KEY `bank_transaction_his_outAccount_id_c5bd4e58_fk_bank_acco` (`outAccount_id`),
  CONSTRAINT `bank_transaction_his_consumptionType_id_6bf3a03e_fk_bank_cons` FOREIGN KEY (`consumptionType_id`) REFERENCES `bank_consumptiontype_list` (`CoTypeId`),
  CONSTRAINT `bank_transaction_his_inAccount_id_00d36941_fk_bank_acco` FOREIGN KEY (`inAccount_id`) REFERENCES `bank_account` (`id`),
  CONSTRAINT `bank_transaction_his_outAccount_id_c5bd4e58_fk_bank_acco` FOREIGN KEY (`outAccount_id`) REFERENCES `bank_account` (`id`),
  CONSTRAINT `bank_transaction_his_transactionType_id_91cfc5ec_fk_bank_tran` FOREIGN KEY (`transactionType_id`) REFERENCES `bank_transactiontype_list` (`TypeId`)
) ENGINE=InnoDB AUTO_INCREMENT=1024 DEFAULT CHARSET=utf8mb4 COLLATE=utf8mb4_0900_ai_ci;
/*!40101 SET character_set_client = @saved_cs_client */;

--
-- Dumping data for table `bank_transaction_history`
--

LOCK TABLES `bank_transaction_history` WRITE;
/*!40000 ALTER TABLE `bank_transaction_history` DISABLE KEYS */;
INSERT INTO `bank_transaction_history` VALUES (1,100,'2022-07-03',0,0,1,NULL,1),(2,100,'2022-07-03',0,0,1,NULL,1),(3,100,'2022-07-03',0,0,1,NULL,1),(4,10,'2022-07-02',0,1,NULL,1,2),(5,10,'2022-07-02',0,1,NULL,1,2),(6,20,'2022-07-02',1,1,NULL,1,2),(7,10,'2022-07-02',1,1,NULL,1,2),(8,10,'2022-07-02',1,1,NULL,1,2),(9,10,'2022-07-02',0,2,2,1,3),(10,20,'2022-07-02',1,2,2,1,3),(11,30,'2022-07-03',0,0,NULL,1,2),(12,0,'2022-07-03',0,0,NULL,2,2),(13,0,'2022-07-03',0,0,NULL,3,2),(14,0,'2022-07-03',0,0,NULL,4,2),(15,100,'2022-07-03',0,0,1,NULL,1),(16,20,'2022-07-02',0,1,NULL,1,2),(17,10,'2022-07-02',1,1,NULL,1,2),(18,10,'2022-07-02',0,2,2,1,3),(19,20,'2022-07-02',1,2,2,1,3),(20,30,'2022-07-03',0,0,NULL,1,2),(21,0,'2022-07-03',0,0,NULL,2,2),(22,0,'2022-07-03',0,0,NULL,3,2),(23,0,'2022-07-03',0,0,NULL,4,2),(24,46.7104747039266,'2022-02-02',19,0,163,1811,2),(25,11.7916811155155,'2022-01-03',85,4,344,1641,1),(26,61.0372607070021,'2022-04-03',29,4,1027,1840,1),(27,192.178160443902,'2022-10-17',34,0,962,171,1),(28,118.651925186161,'2022-05-24',45,5,503,1927,3),(29,93.7173504410312,'2022-12-27',98,0,1253,819,3),(30,4.3940381272696,'2022-03-28',58,3,1040,868,1),(31,108.545903278515,'2022-05-17',44,2,296,337,3),(32,156.085417345632,'2022-04-30',90,3,534,1244,3),(33,89.2622435698286,'2022-06-02',36,0,1821,1071,3),(34,196.39929581387,'2022-12-10',127,1,14,772,3),(35,109.471715312451,'2022-09-06',45,0,1512,399,3),(36,252.609707495663,'2022-09-05',15,6,667,557,1),(37,172.058749093674,'2022-10-15',27,1,960,1539,2),(38,228.330222544726,'2022-09-20',111,4,990,980,3),(39,47.2844382319599,'2022-11-07',62,5,729,599,3),(40,1.10702210338786,'2022-05-14',13,2,1650,1243,2),(41,135.321584400721,'2022-07-25',112,6,42,664,3),(42,44.3465373101644,'2022-02-22',67,0,959,1941,1),(43,65.0248201563954,'2022-11-17',107,5,1662,1318,3),(44,244.907486500684,'2022-09-22',32,4,363,357,2),(45,188.465837667696,'2022-06-12',116,2,792,519,1),(46,249.146128961351,'2022-05-15',30,5,1221,435,2),(47,93.9180498179048,'2022-10-10',71,3,1410,157,1),(48,73.6469129701145,'2022-03-07',85,3,1913,903,3),(49,172.426181727089,'2022-06-24',82,6,1689,834,3),(50,154.673430233728,'2022-12-29',126,4,1970,93,3),(51,33.7193376161158,'2022-03-11',31,0,931,93,1),(52,227.911698205862,'2022-01-31',29,0,1732,634,2),(53,213.896009809338,'2022-06-28',17,6,1280,1399,2),(54,189.724276145454,'2022-10-24',98,1,1720,1183,3),(55,238.901293547824,'2022-01-14',53,6,1865,1176,1),(56,10.2645801496692,'2022-09-19',83,6,1710,1920,3),(57,60.2052431600168,'2022-07-25',42,5,1083,396,1),(58,119.79099677084,'2022-01-30',59,6,1160,413,3),(59,219.151852011681,'2022-12-26',29,1,76,593,1),(60,9.74500420177355,'2022-09-26',100,0,1874,1045,2),(61,242.055560532026,'2022-06-26',18,2,1160,1661,3),(62,81.9914943887852,'2022-03-17',110,0,1408,473,3),(63,130.15149348788,'2022-11-08',106,2,1848,1713,3),(64,150.437848806847,'2022-07-29',82,1,1376,1523,2),(65,146.831799552776,'2022-05-21',53,6,1922,168,2),(66,73.4260550062172,'2022-12-23',55,3,686,1928,1),(67,42.0985130928457,'2022-04-16',1,1,1023,1181,2),(68,164.204260414932,'2022-07-21',13,3,1910,1336,1),(69,86.7082799663767,'2022-01-05',17,0,1601,1425,2),(70,198.805644256528,'2022-10-04',97,4,1828,1833,2),(71,164.951086008921,'2022-04-01',122,5,377,441,1),(72,253.16834781738,'2022-09-28',25,5,1540,398,3),(73,31.2687987508252,'2022-05-04',34,2,1426,497,1),(74,236.695437673014,'2022-04-09',11,4,1438,1963,1),(75,192.854879789054,'2022-03-04',51,6,303,701,3),(76,25.0534858577885,'2022-10-21',59,5,1118,430,2),(77,183.859047110192,'2022-06-23',21,4,974,1803,1),(78,195.217335337307,'2022-10-30',2,1,109,1246,2),(79,57.724963536486,'2022-11-13',46,5,1442,1489,3),(80,197.961978517938,'2022-05-20',110,3,429,1736,1),(81,8.39019934181124,'2022-01-27',45,2,985,1261,1),(82,35.5552109028213,'2022-03-23',64,2,61,974,1),(83,127.450763959438,'2022-06-24',44,0,1317,1333,2),(84,204.691831378732,'2022-09-27',15,5,1950,1072,2),(85,250.812423578463,'2022-09-07',22,2,1465,1817,3),(86,107.106644993182,'2022-08-04',98,1,616,1898,1),(87,217.692818300799,'2022-02-04',80,3,1984,795,2),(88,130.18438345613,'2022-09-18',63,4,305,1416,2),(89,116.977064405568,'2022-10-04',75,6,359,611,2),(90,91.6248929756694,'2022-12-10',70,6,1081,1248,2),(91,151.740074142814,'2022-11-02',8,5,2003,997,1),(92,239.196548412088,'2022-03-28',62,0,1494,1748,3),(93,120.106247353368,'2022-04-12',11,0,692,1153,2),(94,159.194837109651,'2022-03-28',117,4,579,769,1),(95,94.3964860867709,'2022-06-27',63,2,934,1728,1),(96,50.7914151404984,'2022-12-03',106,0,1777,1975,1),(97,92.5886552641168,'2022-02-28',81,3,238,560,2),(98,228.386673070025,'2022-02-16',85,0,1145,265,2),(99,219.365659307688,'2022-01-04',92,6,969,1779,3),(100,249.740957728121,'2022-07-04',94,5,1161,1404,1),(101,208.32022653427,'2022-12-18',116,3,1171,1046,1),(102,144.43108084565,'2022-10-13',120,5,335,1281,1),(103,95.1022899840027,'2022-07-09',77,6,1579,1827,2),(104,120.434604790527,'2022-02-23',61,1,1220,796,1),(105,225.308525231667,'2022-07-11',50,6,1408,837,3),(106,96.7596300127916,'2022-05-29',58,0,599,591,1),(107,15.5991526022553,'2022-07-16',92,6,644,326,2),(108,16.3874181830324,'2022-11-06',72,3,759,873,2),(109,95.759533087723,'2022-07-17',127,6,917,1131,2),(110,152.754169383552,'2022-05-25',91,2,491,1392,3),(111,216.078384136781,'2022-08-20',97,1,1894,1514,3),(112,153.941631086636,'2022-07-14',16,2,1612,1679,2),(113,74.3656133646145,'2022-04-07',54,2,45,1214,2),(114,134.048951029312,'2022-03-13',1,3,1075,450,2),(115,73.0558151043951,'2022-09-16',59,4,1527,1349,3),(116,36.25529546896,'2022-07-03',47,2,297,1065,2),(117,43.0133965974674,'2022-10-08',32,4,420,1814,3),(118,109.229238679167,'2022-04-27',124,3,205,518,2),(119,213.747097494081,'2022-08-13',102,6,8,1273,2),(120,83.1717889201827,'2022-05-06',12,1,762,1675,1),(121,119.630338211544,'2022-06-29',69,3,210,83,3),(122,62.2701504933648,'2022-02-20',20,4,128,453,3),(123,109.284379571676,'2022-10-26',97,5,348,1869,2),(124,248.06393086398,'2022-07-08',90,4,1441,1160,2),(125,110.388698014431,'2022-01-09',65,4,993,1117,3),(126,153.559486211743,'2022-04-30',94,1,174,1865,2),(127,45.7122775595635,'2022-04-10',122,3,1540,1099,2),(128,118.246458143462,'2022-02-18',28,1,621,756,3),(129,253.985691563226,'2022-04-25',53,0,1630,1558,2),(130,5.84828867716715,'2022-02-13',59,0,1239,1759,2),(131,174.231894191355,'2022-10-11',99,0,1485,1207,2),(132,233.050609982107,'2022-09-21',13,4,1732,104,1),(133,182.218563406728,'2022-10-12',115,1,843,1758,3),(134,82.9728897339664,'2022-10-06',53,6,1165,1718,2),(135,73.6616341415793,'2022-06-07',115,3,341,632,2),(136,99.154572319705,'2022-12-23',7,6,1825,749,3),(137,196.573332202621,'2022-12-27',31,4,915,1495,3),(138,164.692190501373,'2022-10-24',6,6,1623,1893,2),(139,35.5835663303733,'2022-12-30',63,2,1557,1458,2),(140,130.263531523291,'2022-09-28',9,1,527,1259,3),(141,134.045957709663,'2022-11-25',42,5,331,1808,3),(142,144.48392602196,'2022-02-21',106,0,1761,117,3),(143,12.144083103165,'2022-03-28',26,1,1527,1834,3),(144,69.7330874730833,'2022-10-12',39,0,796,526,1),(145,48.9146796548739,'2022-11-09',58,1,1723,1768,3),(146,58.6436642850749,'2022-10-30',28,1,1874,266,3),(147,103.977606285363,'2022-08-10',106,1,1659,210,1),(148,234.229776023421,'2022-01-25',75,4,1984,1743,2),(149,142.682278475724,'2022-09-29',122,1,670,1283,1),(150,128.530289625283,'2022-04-20',125,4,611,443,1),(151,179.222090112045,'2022-10-14',60,2,153,264,2),(152,42.0224508387037,'2022-08-20',90,2,404,1065,3),(153,231.90700793732,'2022-02-10',72,4,602,1628,2),(154,137.301720495801,'2022-05-20',118,6,1543,1343,1),(155,88.0950710326433,'2022-12-27',29,4,791,1783,2),(156,36.9982746043242,'2022-03-20',95,0,747,912,2),(157,123.140949624591,'2022-01-30',105,3,533,1319,1),(158,65.9846116169356,'2022-02-14',85,2,1972,1975,1),(159,222.999014390633,'2022-01-14',126,4,1905,1797,3),(160,220.997069612611,'2022-03-29',11,5,79,360,2),(161,41.6945393094793,'2022-05-16',1,2,1708,983,1),(162,167.22179049952,'2022-07-25',126,1,388,126,3),(163,205.624707978219,'2022-08-06',107,6,1615,1008,3),(164,16.5577777237631,'2022-11-29',105,6,167,950,1),(165,70.4460151931271,'2022-10-22',58,2,673,1181,1),(166,242.541178343352,'2022-10-27',111,1,29,1254,2),(167,150.021452466026,'2022-01-30',123,0,1821,1500,3),(168,165.670779701788,'2022-05-24',105,1,95,1082,1),(169,158.414538023062,'2022-01-21',8,0,967,710,1),(170,238.489945310634,'2022-02-19',31,6,1005,17,2),(171,124.102798707783,'2022-02-16',40,0,1505,1772,1),(172,75.6298239254393,'2022-05-18',75,3,1440,329,3),(173,36.3157330853865,'2022-07-07',74,4,1271,1286,3),(174,22.4776501744054,'2022-10-11',6,4,1566,542,3),(175,99.5565819200128,'2022-09-03',34,3,847,1724,1),(176,188.577314474154,'2022-07-16',76,0,229,607,3),(177,217.818404071964,'2022-08-04',105,4,1227,494,2),(178,72.6721143419854,'2022-12-05',41,1,1005,625,3),(179,203.628002736717,'2022-12-19',10,5,120,1759,1),(180,218.836708588991,'2022-08-26',123,0,853,1355,2),(181,248.721168822609,'2022-10-23',117,6,1410,1656,2),(182,53.7917802534066,'2022-12-19',12,4,753,1226,2),(183,133.744505139068,'2022-02-12',105,2,1995,938,1),(184,167.625773508567,'2022-05-18',54,2,805,284,3),(185,81.7677669422701,'2022-06-02',36,4,344,1959,2),(186,188.138304154854,'2022-10-06',58,2,1352,1290,2),(187,215.45120126009,'2022-12-21',29,3,106,617,1),(188,166.244452679995,'2022-12-25',1,5,1969,922,2),(189,104.319789293222,'2022-07-05',123,1,832,922,1),(190,234.713133247104,'2022-11-27',31,2,72,467,1),(191,43.6255930643529,'2022-06-10',62,4,789,1236,3),(192,88.3310913448222,'2022-07-15',4,2,1790,1787,3),(193,235.605579362251,'2022-10-22',53,1,1469,717,2),(194,96.7618172089569,'2022-12-18',116,1,1355,1342,1),(195,108.440340902656,'2022-07-24',124,6,507,652,3),(196,189.280771499965,'2022-04-16',18,2,1696,417,1),(197,97.7640565028414,'2022-08-07',120,4,2003,447,2),(198,45.5898040956818,'2022-03-17',93,0,1907,1581,3),(199,187.042828941718,'2022-11-23',68,5,540,1710,1),(200,30.4195062336512,'2022-04-26',71,0,162,243,2),(201,42.4022110523656,'2022-07-04',47,6,557,1365,2),(202,135.993470612448,'2022-06-01',44,1,920,1578,1),(203,29.4202774688601,'2022-02-09',81,5,1907,824,1),(204,121.028043436352,'2022-08-31',101,1,872,1946,2),(205,83.8850213242695,'2022-01-16',88,0,1254,1487,2),(206,230.150136762764,'2022-08-29',34,0,662,1848,1),(207,56.4191520716995,'2022-10-04',87,0,1097,1747,2),(208,106.809028886724,'2022-06-26',67,5,1547,272,1),(209,204.076542475261,'2022-03-07',87,4,763,1225,2),(210,78.3108148719184,'2022-03-13',118,6,1971,1782,2),(211,105.387619692832,'2022-09-01',24,4,1149,1588,3),(212,96.8912787125446,'2022-12-23',34,0,922,1807,2),(213,222.750917247497,'2022-05-12',95,1,1102,502,2),(214,238.139442985412,'2022-11-22',40,1,1813,1458,3),(215,164.409801559523,'2022-06-12',87,4,1079,1725,1),(216,100.964911226649,'2022-02-16',20,1,1855,1119,1),(217,31.3920585857704,'2022-08-31',76,0,1560,6,1),(218,106.042352642398,'2022-10-07',38,2,1198,853,2),(219,241.600572988391,'2022-12-24',55,5,1049,453,2),(220,231.641088137869,'2022-06-29',121,6,54,1908,2),(221,35.6007541297004,'2022-01-27',48,1,1569,1889,2),(222,65.3317210241221,'2022-08-08',28,3,272,902,3),(223,135.4296600651,'2022-12-18',64,5,1986,422,2),(224,72.6301151369698,'2022-08-02',126,2,1172,1592,2),(225,190.827942580916,'2022-01-20',54,4,1698,246,2),(226,87.5667574773543,'2022-09-19',41,2,1811,285,3),(227,189.543783199042,'2022-10-30',81,3,1933,1567,3),(228,248.831651857588,'2022-08-04',109,3,367,60,1),(229,143.652911945246,'2022-11-27',95,2,103,1033,3),(230,140.916374412831,'2022-04-28',12,5,1866,1156,2),(231,115.05559755303,'2022-08-18',2,4,1809,478,2),(232,153.93078121217,'2022-06-11',104,3,1659,523,3),(233,6.32516964990646,'2022-07-28',121,6,768,1770,3),(234,202.88709257869,'2022-01-30',82,4,689,143,3),(235,138.768180347979,'2022-09-07',106,2,804,1674,3),(236,78.5936881029047,'2022-07-15',58,0,53,1220,1),(237,85.7887345356867,'2022-11-07',15,3,1359,1021,3),(238,24.2599307089113,'2022-10-11',74,3,1881,1417,3),(239,163.3038150426,'2022-02-20',39,2,1057,27,2),(240,43.8566975076683,'2022-07-25',118,6,516,490,3),(241,237.907600724138,'2022-04-10',119,0,1493,1968,2),(242,124.580029546749,'2022-03-23',15,3,1191,1344,2),(243,54.6058223880827,'2022-08-30',74,6,1745,1417,2),(244,153.802421940956,'2022-04-16',105,0,1696,1688,3),(245,89.1111233597621,'2022-01-02',13,3,996,762,2),(246,229.042760243174,'2022-10-19',46,3,213,128,2),(247,171.782188357785,'2022-12-11',64,1,202,318,2),(248,233.116768289823,'2022-03-18',82,2,1027,32,3),(249,161.178076227196,'2022-07-24',85,5,1208,695,2),(250,56.1200671303086,'2022-04-08',121,6,1530,598,1),(251,47.7597389519215,'2022-10-19',51,3,882,1813,3),(252,134.620554024819,'2022-06-05',16,5,1180,1481,1),(253,188.3781312434,'2022-03-29',3,3,617,296,2),(254,62.7707948698662,'2022-10-10',68,0,295,1162,2),(255,50.7176118772477,'2022-12-02',27,1,1097,560,1),(256,133.369482785929,'2022-03-20',29,3,971,675,1),(257,123.68950982485,'2022-06-29',72,5,1967,1624,3),(258,71.5787499765865,'2022-02-08',97,6,504,417,2),(259,251.768775101751,'2022-08-26',86,0,1608,1172,1),(260,125.416229343507,'2022-01-27',43,0,311,663,1),(261,250.311556129716,'2022-09-07',36,3,703,867,2),(262,117.662246716674,'2022-09-13',98,1,1788,168,3),(263,185.858342284337,'2022-05-12',55,6,1999,264,1),(264,222.828383934218,'2022-03-24',3,5,1349,540,3),(265,180.19098217506,'2022-12-07',107,5,1948,445,1),(266,42.698887381237,'2022-12-14',46,0,1739,475,2),(267,208.347435079515,'2022-03-08',19,0,1645,965,3),(268,66.0560059719719,'2022-12-05',51,4,804,1381,2),(269,140.780534829013,'2022-01-05',104,0,1121,1405,1),(270,14.9093269347213,'2022-10-09',36,6,1316,8,1),(271,133.251342317089,'2022-04-18',19,3,1676,296,3),(272,80.2425371338613,'2022-12-26',125,6,1489,1948,2),(273,140.748834677972,'2022-06-27',33,0,189,175,1),(274,153.343772038352,'2022-06-28',52,1,1531,497,3),(275,46.600726056844,'2022-12-25',5,4,1484,1233,3),(276,91.5728238211013,'2022-05-07',73,1,1212,861,1),(277,34.8601367687806,'2022-07-20',81,0,474,1124,2),(278,38.3149644485675,'2022-07-16',81,1,496,182,2),(279,123.894624518231,'2022-02-08',51,0,230,510,1),(280,181.251998994965,'2022-09-18',59,1,1838,1729,3),(281,15.7427632259205,'2022-04-08',118,0,256,1785,2),(282,223.32139879046,'2022-07-14',110,0,912,1985,2),(283,154.114001885056,'2022-10-17',74,6,424,788,2),(284,82.2089733877219,'2022-06-27',21,1,984,1132,2),(285,107.764957743697,'2022-03-07',48,4,1785,1685,1),(286,53.3045247062109,'2022-08-17',44,4,1818,1553,1),(287,44.2645949851722,'2022-06-12',120,2,1393,1150,1),(288,91.1182860885747,'2022-07-09',41,3,1272,1581,1),(289,95.7369119534269,'2022-06-19',19,0,1266,1348,3),(290,127.583683378529,'2022-04-22',31,4,220,868,2),(291,101.917806845158,'2022-05-07',40,5,1945,117,3),(292,181.834064504597,'2022-06-30',71,3,664,671,1),(293,114.657713665627,'2022-02-03',122,3,1434,1215,2),(294,29.3125284290873,'2022-01-08',35,1,808,143,1),(295,210.718397120014,'2022-07-02',58,0,898,1024,2),(296,165.829843696672,'2022-11-20',51,5,1617,1889,3),(297,158.2259669872,'2022-09-24',45,6,1054,583,2),(298,40.8006811919622,'2022-03-30',85,0,681,1519,1),(299,125.327719397843,'2022-07-04',95,6,1003,304,1),(300,252.737995090429,'2022-10-20',70,2,1236,1165,3),(301,129.332834313624,'2022-04-19',37,1,1007,1093,1),(302,133.544370362069,'2022-11-30',112,4,1643,580,1),(303,127.771255379543,'2022-07-13',46,2,661,1663,3),(304,157.582514562178,'2022-03-24',25,1,941,1829,2),(305,87.2562501961365,'2022-05-19',12,1,112,1353,1),(306,253.309806018602,'2022-05-13',100,3,411,715,2),(307,80.659195933491,'2022-09-29',93,5,259,772,3),(308,44.7989198998548,'2022-06-05',127,5,602,421,3),(309,155.775057083927,'2022-01-01',5,3,941,1516,3),(310,142.113038023468,'2022-02-10',34,5,1039,786,1),(311,56.2488190252334,'2022-10-03',14,5,985,1422,3),(312,58.6350076389499,'2022-06-30',1,2,1135,873,3),(313,127.92181294132,'2022-05-25',9,4,1428,310,1),(314,50.4400487947278,'2022-03-21',57,3,1341,1043,2),(315,195.817414522171,'2022-11-28',40,6,1342,540,3),(316,79.0262192734517,'2022-05-21',98,1,237,1755,2),(317,136.593020739965,'2022-10-08',56,3,1212,1255,1),(318,200.550830455031,'2022-01-03',1,3,1504,1567,1),(319,57.314505873248,'2022-07-07',21,0,524,433,3),(320,135.539366841782,'2022-11-08',26,3,272,733,1),(321,13.7355298260227,'2022-04-03',32,6,1592,1176,3),(322,227.211196355056,'2022-05-22',29,1,1502,795,2),(323,58.7621186636388,'2022-04-25',23,0,1423,20,2),(324,197.478467887733,'2022-02-22',6,5,801,48,3),(325,104.327859162353,'2022-06-28',28,2,1198,375,2),(326,139.696076971944,'2022-02-07',105,4,1645,1396,1),(327,68.3718460444361,'2022-10-15',53,5,996,1932,2),(328,153.746439796407,'2022-05-31',1,4,1215,1367,3),(329,14.8751924457029,'2022-07-21',10,2,701,96,1),(330,94.4080501827411,'2022-07-21',90,6,5,1886,1),(331,161.847461037338,'2022-02-19',82,0,999,1485,2),(332,97.5564035051502,'2022-02-17',115,3,1987,845,3),(333,221.636795098893,'2022-03-06',68,0,51,1645,1),(334,140.954855912831,'2022-02-14',11,4,832,137,3),(335,248.841825714335,'2022-12-23',28,2,262,1496,3),(336,78.5863465894945,'2022-01-11',51,1,13,694,1),(337,97.3046031380072,'2022-06-21',82,4,1435,984,2),(338,152.029645159375,'2022-02-09',88,1,1831,1896,1),(339,160.036847252399,'2022-02-17',31,3,1274,29,3),(340,72.6708957240917,'2022-04-25',22,3,1051,764,3),(341,202.351733914576,'2022-07-31',125,1,1265,87,3),(342,210.937713389751,'2022-08-29',9,3,252,1977,2),(343,71.8152308631688,'2022-01-15',3,3,1730,443,3),(344,220.623948518652,'2022-03-05',63,5,1954,954,1),(345,240.76966873277,'2022-01-07',6,2,948,1143,3),(346,16.1134683149867,'2022-05-15',9,3,1024,34,3),(347,192.99277959764,'2022-08-30',106,4,305,421,1),(348,181.285914728884,'2022-11-10',92,2,1766,1641,1),(349,145.41285734158,'2022-08-01',90,6,1229,1727,3),(350,243.471382038202,'2022-05-26',9,0,1824,1947,3),(351,225.57999102585,'2022-12-03',63,1,1380,921,2),(352,63.3893168424256,'2022-11-04',15,3,870,912,2),(353,137.669494302012,'2022-02-08',91,6,541,1470,1),(354,234.934677578043,'2022-04-22',78,0,339,493,2),(355,191.041700791568,'2022-01-12',37,6,1036,552,1),(356,130.33650003979,'2022-10-26',118,3,1450,252,3),(357,241.677217229269,'2022-06-11',64,4,1883,354,2),(358,160.985499767121,'2022-11-26',44,5,1346,1892,2),(359,213.023523041978,'2022-04-16',32,6,1333,560,2),(360,91.4832015302964,'2022-07-22',95,1,1342,1048,3),(361,50.8024769099429,'2022-06-12',107,4,1824,1929,2),(362,120.580320525449,'2022-11-15',73,4,1883,701,1),(363,213.013837732375,'2022-02-18',99,3,1991,2003,3),(364,127.021729263011,'2022-11-26',66,2,1194,1345,3),(365,115.602329294197,'2022-11-02',7,3,675,256,3),(366,135.27432850888,'2022-12-14',102,2,1725,924,1),(367,30.9100748058409,'2022-08-05',21,0,1521,888,1),(368,15.0575000126846,'2022-05-26',96,4,1363,1280,3),(369,35.987399362959,'2022-03-25',113,2,1719,1495,3),(370,231.898553132545,'2022-11-17',1,3,917,200,3),(371,37.9580452479422,'2022-06-01',68,3,542,1836,1),(372,158.972686840687,'2022-04-27',97,3,1591,1005,2),(373,87.8047668701038,'2022-09-12',25,1,89,680,2),(374,125.63347296929,'2022-06-17',71,6,1055,142,2),(375,87.0330690164119,'2022-06-13',20,4,1728,1564,1),(376,248.670725930948,'2022-02-18',0,0,1117,1082,1),(377,69.5595239596441,'2022-08-25',12,3,1662,672,3),(378,110.822858523112,'2022-06-04',3,2,10,1413,2),(379,42.7316498458385,'2022-02-27',33,0,1931,309,3),(380,242.795432800893,'2022-08-26',113,4,120,1237,3),(381,40.4937546579167,'2022-11-25',27,0,1144,963,2),(382,4.37159937759861,'2022-12-07',39,5,20,1880,3),(383,117.242446927354,'2022-04-16',85,5,1543,988,1),(384,40.5184778873809,'2022-05-18',80,5,1470,347,1),(385,64.7416862407699,'2022-03-21',17,0,927,1623,3),(386,162.071265719365,'2022-11-27',99,4,1935,520,3),(387,63.4652934633195,'2022-01-22',8,4,1094,1600,1),(388,116.988971507642,'2022-10-29',112,2,1257,259,2),(389,203.779762475751,'2022-09-21',36,5,1799,2000,2),(390,15.6971542364918,'2022-07-11',58,3,380,317,3),(391,150.347012097016,'2022-05-25',73,5,755,1120,2),(392,126.038908195216,'2022-11-02',41,5,568,1815,2),(393,30.8903887392953,'2022-11-26',97,2,626,285,3),(394,56.2205683919601,'2022-08-03',36,0,432,901,3),(395,50.9027772173286,'2022-02-19',122,1,1970,1446,2),(396,157.238220410887,'2022-02-15',71,0,1260,746,1),(397,52.8580990089104,'2022-02-25',114,3,1534,67,2),(398,43.9800830720924,'2022-08-08',17,4,1072,1947,2),(399,218.891774138436,'2022-03-04',96,0,1744,219,1),(400,253.893191628624,'2022-08-10',95,2,727,736,1),(401,121.616894730367,'2022-01-28',70,6,84,1805,3),(402,6.15554360998794,'2022-09-18',9,4,1307,1554,1),(403,233.615905154496,'2022-12-08',120,5,129,1919,1),(404,212.081978796516,'2022-04-05',126,3,1366,1862,3),(405,142.067505559884,'2022-12-22',49,6,867,1151,2),(406,231.388549183961,'2022-12-06',122,5,285,1141,2),(407,85.8102924693376,'2022-10-12',24,2,1562,1432,1),(408,220.320994172711,'2022-07-11',49,3,886,1202,3),(409,63.7833219813183,'2022-04-07',89,3,1465,230,1),(410,90.8931705909781,'2022-03-18',75,6,1385,1332,1),(411,27.0943280011415,'2022-01-25',76,0,1520,1194,3),(412,168.955896536354,'2022-07-12',26,2,498,960,3),(413,17.82374979835,'2022-09-14',63,6,343,457,2),(414,150.900652395096,'2022-05-18',84,0,123,632,1),(415,2.95202006213367,'2022-01-28',73,2,861,1054,3),(416,93.8709417735226,'2022-08-12',82,4,541,619,1),(417,253.373736501671,'2022-09-26',113,2,462,1860,3),(418,166.781849450897,'2022-12-06',68,2,1090,209,1),(419,6.71038691326976,'2022-01-10',35,2,1895,690,3),(420,218.610442838166,'2022-01-02',23,4,1098,72,2),(421,84.4282195111737,'2022-04-19',6,1,1573,386,2),(422,90.6911478019319,'2022-03-16',61,4,403,150,1),(423,215.484647193924,'2022-11-01',77,3,1354,1445,2),(424,138.506089088041,'2022-07-17',37,4,653,1474,2),(425,200.240246293135,'2022-11-16',27,3,91,1953,2),(426,112.07561995415,'2022-06-22',108,5,243,709,3),(427,86.5589572265744,'2022-05-12',115,6,1367,1548,1),(428,55.9038749956526,'2022-10-26',31,4,690,1198,1),(429,56.7515163524076,'2022-09-17',77,1,1211,1366,3),(430,131.893164524343,'2022-11-28',52,6,1353,365,1),(431,228.171445196494,'2022-04-29',90,2,87,161,1),(432,181.084388234187,'2022-03-12',25,1,78,1904,1),(433,163.724095099606,'2022-05-21',19,2,1738,1231,3),(434,150.883380263578,'2022-07-21',86,0,510,1947,2),(435,254.172292206436,'2022-02-14',29,1,736,796,2),(436,64.9702071384527,'2022-06-23',86,0,931,1754,1),(437,95.7920495932922,'2022-03-28',39,3,266,707,1),(438,67.734924455639,'2022-08-20',27,0,1369,1377,1),(439,119.523610206321,'2022-03-07',52,3,666,1380,3),(440,201.214157540817,'2022-04-09',48,0,1598,1746,3),(441,137.151756157167,'2022-04-16',79,3,1912,1588,1),(442,240.493105690461,'2022-12-13',125,0,411,677,2),(443,51.109866797924,'2022-08-26',96,4,986,1172,3),(444,170.762178982142,'2022-04-07',86,0,1271,1733,2),(445,55.109629872255,'2022-09-06',78,4,1132,1407,2),(446,164.051461012568,'2022-02-20',41,2,1446,975,1),(447,93.827606914565,'2022-07-22',32,1,709,741,2),(448,111.484550297726,'2022-12-20',51,5,29,1702,2),(449,245.206025944091,'2022-10-06',14,3,303,1960,2),(450,46.0710674445145,'2022-01-03',19,3,1010,1747,3),(451,101.423221375793,'2022-08-26',16,0,1582,1142,1),(452,166.969224578235,'2022-09-10',86,1,1715,1014,3),(453,140.134062944911,'2022-05-06',35,5,866,47,2),(454,221.171337885316,'2022-04-29',58,2,1084,483,2),(455,49.0475123170763,'2022-08-26',29,4,501,1681,3),(456,252.071023505647,'2022-09-19',4,3,656,356,3),(457,14.172117930837,'2022-10-08',105,1,1717,444,3),(458,10.7360513838939,'2022-09-09',27,0,1757,1999,2),(459,99.9958054944873,'2022-08-09',25,5,1347,1988,3),(460,250.310441064183,'2022-01-06',112,6,112,1073,3),(461,186.348743434064,'2022-10-19',31,6,625,1850,1),(462,239.178367787506,'2022-05-09',17,2,905,622,2),(463,176.602359464392,'2022-07-03',110,1,206,1783,1),(464,59.7158066262491,'2022-12-17',30,3,620,958,3),(465,71.0587563300505,'2022-06-28',120,5,970,1225,1),(466,219.008576765191,'2022-03-20',9,6,636,682,1),(467,118.757821638137,'2022-06-22',65,3,640,1696,3),(468,237.202557413373,'2022-10-26',25,6,1391,884,3),(469,96.3492485797033,'2022-07-04',89,3,160,1149,1),(470,146.548331206199,'2022-04-10',119,6,922,215,2),(471,53.0184812117368,'2022-02-07',99,6,846,335,3),(472,245.08337033214,'2022-01-18',64,1,311,1044,1),(473,175.594269846566,'2022-08-09',112,4,1228,763,3),(474,101.635114993434,'2022-04-02',49,0,1254,589,2),(475,150.776068970561,'2022-09-27',66,3,444,1523,2),(476,2.80290318513289,'2022-08-28',53,1,1571,859,1),(477,165.776931989007,'2022-03-23',17,2,3,614,1),(478,116.160695151892,'2022-04-06',82,1,1160,231,2),(479,33.4568539690226,'2022-11-03',109,2,1310,656,1),(480,96.4908952568658,'2022-02-19',57,4,939,972,3),(481,189.097685427405,'2022-05-11',90,1,1869,180,1),(482,251.787308372091,'2022-08-27',44,1,274,1264,3),(483,178.218787085265,'2022-09-19',25,5,394,485,1),(484,126.427377274726,'2022-10-01',102,4,1082,263,2),(485,28.1275173863396,'2022-03-28',63,6,452,490,3),(486,198.68533190852,'2022-05-30',14,6,1710,1414,3),(487,121.115441450849,'2022-03-24',122,0,169,903,1),(488,70.0137407449074,'2022-03-06',93,5,462,329,2),(489,170.224822011776,'2022-06-08',66,2,824,238,1),(490,2.63618885306641,'2022-10-16',34,1,1644,1083,2),(491,2.19549975544214,'2022-03-27',42,2,1422,1920,2),(492,203.343416663352,'2022-10-09',110,5,1540,460,1),(493,28.4346923632547,'2022-05-29',50,4,361,1253,3),(494,35.3442377834581,'2022-01-19',5,1,963,1631,1),(495,122.506538426504,'2022-12-22',29,3,609,325,1),(496,13.9659136016853,'2022-12-24',44,1,890,1056,1),(497,105.589384281076,'2022-09-01',123,5,1050,1830,3),(498,164.301396786701,'2022-06-02',122,0,139,1899,3),(499,104.471858683974,'2022-07-28',41,3,1517,1411,2),(500,156.937965168152,'2022-08-29',66,2,387,703,3),(501,199.828702128492,'2022-01-05',44,0,1131,257,3),(502,174.048251857515,'2022-09-08',61,3,2002,2003,1),(503,72.6091144699603,'2022-05-08',113,4,290,1412,1),(504,139.755536843557,'2022-04-23',17,2,1791,12,3),(505,37.2590564088896,'2022-07-18',97,2,476,1861,1),(506,252.175399671774,'2022-02-10',115,3,1374,1282,2),(507,239.059487253428,'2022-09-29',74,3,1535,636,1),(508,233.260442192201,'2022-07-07',76,6,153,1674,2),(509,144.96994325798,'2022-06-02',19,4,1227,42,3),(510,162.90877473494,'2022-06-12',26,0,1812,373,3),(511,167.896157709882,'2022-11-13',91,2,155,1748,3),(512,167.115318447817,'2022-01-23',85,2,50,347,3),(513,79.1265958109871,'2022-07-11',42,6,1441,1282,2),(514,112.622710905503,'2022-04-13',39,6,274,180,2),(515,71.6808242760599,'2022-02-06',57,2,555,1090,2),(516,185.940711474512,'2022-07-23',72,5,335,695,2),(517,76.3575574448332,'2022-07-24',30,3,1176,149,2),(518,25.1244872934185,'2022-02-13',112,6,122,797,3),(519,207.237018579617,'2022-04-08',123,2,781,1622,3),(520,199.708020102698,'2022-07-05',55,2,45,1742,2),(521,68.1559268953279,'2022-03-09',58,6,454,1631,1),(522,104.054108533543,'2022-09-23',111,6,1686,796,2),(523,89.108967743814,'2022-03-17',87,4,1503,948,1),(524,191.482049840037,'2022-02-26',81,6,1288,873,2),(525,221.513025249355,'2022-03-26',18,0,1115,469,1),(526,35.2430694340728,'2022-10-07',6,4,1822,842,3),(527,64.6747535672039,'2022-11-03',116,2,1823,1377,2),(528,29.1069259573705,'2022-08-02',42,6,475,659,1),(529,120.503234812058,'2022-02-27',3,1,1008,1443,3),(530,87.3758539999835,'2022-10-07',62,0,1787,1523,3),(531,238.382518578321,'2022-01-25',73,5,831,1921,2),(532,192.929115949664,'2022-11-16',25,6,640,934,1),(533,117.038759849034,'2022-03-11',3,1,1219,1251,1),(534,66.7979188314639,'2022-11-10',110,3,979,1609,2),(535,178.078468965366,'2022-01-14',121,0,113,261,1),(536,169.151311371941,'2022-04-07',59,0,1301,422,2),(537,60.513059203513,'2022-11-22',105,5,1462,699,1),(538,19.8139108973555,'2022-12-04',80,0,1056,768,3),(539,105.895424380898,'2022-08-28',66,3,205,1851,1),(540,211.91091905022,'2022-08-29',58,2,40,1461,1),(541,77.5517007885501,'2022-01-24',32,3,1599,90,3),(542,35.3198696835898,'2022-01-04',99,3,790,1131,3),(543,21.6706646215171,'2022-05-27',35,4,1900,1819,2),(544,48.676911667455,'2022-12-19',36,3,1827,1796,2),(545,8.58938795421273,'2022-03-24',55,0,690,1470,2),(546,120.113163716625,'2022-03-12',83,4,402,1752,1),(547,128.361823182553,'2022-09-29',31,0,1718,823,3),(548,105.058787724469,'2022-01-02',68,6,854,827,2),(549,13.4919077297673,'2022-02-04',4,2,1790,30,3),(550,166.723911461886,'2022-04-04',116,5,990,321,2),(551,150.429577687755,'2022-10-22',4,6,1023,519,3),(552,220.621390875895,'2022-01-20',126,1,1252,730,1),(553,95.9417509408668,'2022-10-13',9,0,296,1062,2),(554,97.1116365971975,'2022-10-31',105,0,327,676,3),(555,25.6558871939778,'2022-01-17',68,0,1255,342,2),(556,34.7993386411108,'2022-03-31',97,5,221,1735,1),(557,169.806154201739,'2022-09-02',13,2,1712,1928,1),(558,75.0709076612257,'2022-11-24',35,0,1280,1037,1),(559,196.366526370868,'2022-01-13',26,0,484,1041,3),(560,205.50481049018,'2022-05-19',40,0,1905,1855,1),(561,68.2063137823716,'2022-02-22',86,2,218,1781,3),(562,235.689712076914,'2022-10-03',34,3,1029,578,2),(563,43.5266665555537,'2022-09-15',73,6,506,1143,2),(564,130.522445304785,'2022-11-15',44,4,2,738,1),(565,229.506521350704,'2022-09-03',69,0,178,1095,1),(566,205.704314549919,'2022-11-30',106,2,394,1399,2),(567,182.67825368233,'2022-08-13',109,3,1553,1575,2),(568,97.2850982141681,'2022-11-24',66,0,785,370,1),(569,47.9419715898111,'2022-11-20',113,0,196,1218,2),(570,22.0943498420529,'2022-06-21',76,4,1106,541,3),(571,180.187933087349,'2022-01-17',100,6,924,1920,2),(572,102.124206806067,'2022-12-09',43,4,221,182,3),(573,84.1039916900918,'2022-08-29',73,6,535,733,1),(574,55.7618999197148,'2022-12-07',45,5,1344,512,2),(575,75.7742711883038,'2022-01-13',15,2,1629,1286,3),(576,89.5885167126544,'2022-05-02',106,2,1005,271,3),(577,170.001442716457,'2022-05-19',25,3,1205,1012,2),(578,150.638305477332,'2022-07-30',60,0,406,613,2),(579,190.783024039119,'2022-09-02',42,2,336,1750,3),(580,75.9249165714718,'2022-07-02',112,5,1864,132,3),(581,238.917042850517,'2022-10-30',56,2,1897,817,2),(582,30.0624618357979,'2022-10-06',5,2,1892,399,2),(583,115.179202759638,'2022-03-19',78,6,1755,1372,1),(584,208.315132361371,'2022-12-04',13,1,1476,589,1),(585,105.777362507768,'2022-06-10',9,3,1093,296,3),(586,37.7743492159061,'2022-10-31',114,5,1642,1644,2),(587,115.724685840309,'2022-11-12',4,4,20,511,1),(588,112.962031113449,'2022-02-22',107,0,914,528,3),(589,75.2552413297817,'2022-10-26',51,1,8,1645,1),(590,74.3675473867916,'2022-06-26',9,3,1336,1226,2),(591,143.310128321871,'2022-04-24',64,5,684,824,1),(592,250.619283996988,'2022-03-24',95,2,1587,1207,3),(593,254.323377051391,'2022-10-09',33,4,8,1188,2),(594,241.544484689366,'2022-10-10',45,2,1207,1794,3),(595,62.9099178500473,'2022-04-18',1,5,1744,1145,2),(596,187.658138780389,'2022-07-25',85,5,1350,1336,2),(597,65.4778362428769,'2022-04-20',91,6,326,1644,2),(598,166.018171434756,'2022-02-11',107,0,647,728,3),(599,221.128927605227,'2022-11-11',12,3,773,1404,3),(600,184.265051667113,'2022-12-13',19,2,1733,1259,1),(601,28.3502369271591,'2022-03-21',5,3,1415,1519,3),(602,134.404167677742,'2022-12-03',100,6,747,1232,1),(603,5.80981610715389,'2022-01-21',95,5,17,768,3),(604,118.863928506616,'2022-03-16',81,2,1623,1805,1),(605,66.9273530719802,'2022-05-29',94,6,1927,919,2),(606,121.94653536519,'2022-10-28',12,5,473,845,3),(607,243.669623894617,'2022-03-12',125,1,1159,1263,2),(608,245.35672538029,'2022-11-29',25,0,762,448,1),(609,93.0968909570947,'2022-11-06',75,3,17,551,2),(610,227.421524859499,'2022-07-09',38,4,1151,348,3),(611,105.434417080134,'2022-12-27',108,2,511,1131,3),(612,215.276158562396,'2022-12-18',44,3,50,1573,1),(613,44.7381874164566,'2022-12-15',7,4,910,1367,2),(614,248.062745837029,'2022-09-22',103,0,453,1812,1),(615,79.4407277796418,'2022-03-03',98,6,460,755,3),(616,226.444273856003,'2022-01-02',33,4,1879,336,2),(617,176.076579955406,'2022-10-30',54,1,1512,570,1),(618,1.85157256154343,'2022-11-04',99,3,846,368,1),(619,32.1725414171815,'2022-05-05',30,4,921,707,2),(620,95.2306253039278,'2022-12-18',74,6,1404,462,1),(621,175.520198742859,'2022-06-26',87,6,481,916,1),(622,36.0165335326456,'2022-03-18',122,3,1335,1738,2),(623,233.702580904588,'2022-04-03',47,2,557,27,2),(624,241.00381327467,'2022-04-04',54,2,1747,1186,1),(625,67.6979304784909,'2022-02-18',111,6,1628,1337,3),(626,138.085435509216,'2022-02-06',34,4,743,129,2),(627,81.5066376961768,'2022-09-24',123,5,47,885,2),(628,252.870131923351,'2022-05-19',57,2,1929,1200,2),(629,77.9173041349277,'2022-02-11',48,6,1534,738,3),(630,241.33397190785,'2022-11-12',4,4,645,874,2),(631,241.619699718431,'2022-11-17',105,1,634,766,1),(632,170.29307602765,'2022-12-07',4,6,460,1063,1),(633,2.76104857493192,'2022-01-14',79,2,357,1132,3),(634,251.974565576296,'2022-11-04',17,0,1205,587,1),(635,19.6026261746883,'2022-05-31',82,2,1463,787,2),(636,20.6874571987428,'2022-05-01',108,5,1101,1431,1),(637,218.04107204359,'2022-03-18',114,3,477,1544,2),(638,214.929195941892,'2022-12-08',51,5,190,9,2),(639,125.288119224831,'2022-02-14',95,4,697,466,2),(640,78.5818794672377,'2022-09-18',71,1,1083,1256,2),(641,168.828613535501,'2022-06-16',44,3,473,1844,2),(642,12.529960535001,'2022-12-27',16,0,1483,919,2),(643,230.774742539972,'2022-11-17',43,5,547,850,3),(644,56.4433242441155,'2022-11-02',31,2,1871,617,1),(645,155.779316036962,'2022-11-10',57,1,1269,13,3),(646,139.991120887455,'2022-05-15',60,4,1,751,1),(647,88.6377367321402,'2022-09-13',31,5,280,363,2),(648,72.7575946566649,'2022-12-07',106,0,28,449,3),(649,103.471971643157,'2022-01-26',46,3,445,1628,1),(650,84.9963828059845,'2022-05-18',20,0,1678,1216,2),(651,86.8253816589713,'2022-09-29',10,6,1367,1186,2),(652,210.459369259421,'2022-11-02',96,5,85,739,3),(653,235.979688550346,'2022-03-03',14,3,651,754,2),(654,46.2451610206626,'2022-05-25',86,2,850,1431,2),(655,228.209655603394,'2022-04-13',63,4,1538,1879,2),(656,114.305615120102,'2022-11-14',58,2,1598,355,2),(657,12.3922299230471,'2022-04-11',47,3,1247,384,2),(658,105.301578208338,'2022-11-24',122,0,1660,820,3),(659,142.259941328317,'2022-12-24',118,2,392,1908,2),(660,139.286110280547,'2022-04-08',68,2,897,1953,3),(661,120.508274636231,'2022-05-10',48,4,1108,940,2),(662,173.589948391076,'2022-09-16',32,1,749,116,2),(663,5.80852900631726,'2022-02-07',107,4,726,15,2),(664,37.6648255926557,'2022-02-15',85,6,1461,410,3),(665,198.416349892505,'2022-12-09',33,4,1461,1295,1),(666,35.8804947095923,'2022-03-08',68,0,1859,634,1),(667,27.3766660243273,'2022-06-01',79,3,1898,1219,1),(668,125.745915929321,'2022-03-16',68,2,891,535,3),(669,3.183185714297,'2022-09-04',91,0,523,1510,2),(670,145.109051571693,'2022-02-27',109,4,1809,869,1),(671,23.0299036633223,'2022-11-25',53,6,1192,997,2),(672,28.9580707703717,'2022-01-09',58,0,388,1304,2),(673,125.368241311051,'2022-12-23',122,2,675,1744,2),(674,76.8745011757128,'2022-11-07',49,0,517,1157,2),(675,167.231490653008,'2022-08-05',91,2,1697,1064,2),(676,73.3509741635062,'2022-01-27',60,3,1021,443,1),(677,189.583153321408,'2022-02-23',29,1,6,932,2),(678,251.457694408949,'2022-01-21',125,3,1520,888,3),(679,1.66256360150874,'2022-02-24',48,1,831,254,1),(680,41.0976240602322,'2022-02-13',124,4,1644,30,1),(681,164.814855930395,'2022-09-27',49,6,1530,976,1),(682,148.705606121104,'2022-05-01',81,1,1862,774,2),(683,214.477884300053,'2022-11-30',51,6,58,491,3),(684,231.096261026803,'2022-11-27',27,3,1965,830,2),(685,57.7311228616163,'2022-02-01',44,3,1025,224,3),(686,20.6244747727178,'2022-01-04',21,0,1059,740,2),(687,81.9658739026636,'2022-08-19',92,4,262,212,2),(688,177.265656330157,'2022-09-25',35,1,942,1778,1),(689,183.687281244434,'2022-03-14',49,4,1223,1719,3),(690,216.025676458608,'2022-03-26',109,0,1024,142,2),(691,38.0816939808428,'2022-02-04',97,0,1171,809,1),(692,92.6275093988515,'2022-09-08',47,2,920,1723,3),(693,209.652847356163,'2022-06-24',73,2,1221,1300,2),(694,169.068083306309,'2022-05-03',7,0,186,344,3),(695,104.822124453261,'2022-04-18',73,0,498,1085,3),(696,10.7697046590038,'2022-07-27',52,3,331,705,2),(697,52.7768342392519,'2022-12-22',105,5,1715,1738,2),(698,183.040656249505,'2022-04-16',105,0,886,627,1),(699,219.910988390446,'2022-12-13',88,2,584,581,3),(700,41.7841777452268,'2022-09-24',43,4,1295,249,3),(701,193.810481193475,'2022-02-12',48,4,63,1218,1),(702,60.2290221764706,'2022-01-11',33,4,460,1378,1),(703,179.763873694465,'2022-06-08',19,0,1038,255,2),(704,143.273141086567,'2022-05-21',95,2,140,196,2),(705,44.1061551431194,'2022-02-19',88,1,14,1520,1),(706,122.20978545351,'2022-11-10',125,4,1069,688,2),(707,27.2009016536176,'2022-06-24',37,5,482,1603,1),(708,156.517418867443,'2022-02-21',65,5,921,1575,1),(709,180.411173879169,'2022-08-11',4,6,743,1642,2),(710,68.4163238233887,'2022-04-18',126,4,1424,2,3),(711,252.876292372122,'2022-03-13',24,3,1656,665,3),(712,159.40064136358,'2022-09-27',88,0,765,1666,3),(713,101.175301176496,'2022-11-11',32,3,1264,570,3),(714,74.3198186787777,'2022-12-28',100,2,929,349,3),(715,226.893477074802,'2022-04-08',117,1,210,611,3),(716,235.183048652951,'2022-05-03',112,3,471,384,3),(717,239.590663786046,'2022-02-24',73,5,1993,18,3),(718,212.069269710686,'2022-08-25',72,3,292,1686,2),(719,198.574507286772,'2022-05-18',2,3,93,1872,3),(720,89.7186537017114,'2022-10-08',84,1,111,1765,2),(721,14.0828403020278,'2022-11-10',39,3,23,1209,2),(722,181.934243931901,'2022-01-17',106,6,1694,807,2),(723,73.8525108881295,'2022-03-13',92,2,300,933,1),(724,29.2095148251392,'2022-08-14',122,1,24,502,1),(725,16.4718719040975,'2022-02-16',109,5,658,1640,2),(726,136.394109075423,'2022-07-27',89,1,948,1017,3),(727,181.255945043638,'2022-07-17',12,6,401,1882,1),(728,48.0908675235696,'2022-01-25',52,1,111,1033,3),(729,245.521944974549,'2022-08-25',61,6,921,1855,3),(730,140.217501367908,'2022-11-22',104,3,449,994,1),(731,156.953396007419,'2022-06-21',99,5,1290,1282,3),(732,190.140865693334,'2022-10-28',124,0,1387,821,2),(733,73.0984955905005,'2022-07-20',74,6,1447,1382,1),(734,191.375777678099,'2022-09-19',75,3,668,709,3),(735,16.8276758026332,'2022-06-16',31,3,537,753,2),(736,75.4086822126992,'2022-08-12',76,6,1563,933,3),(737,105.651485891081,'2022-08-14',72,4,1339,1904,2),(738,251.134202040266,'2022-08-29',34,2,463,634,3),(739,181.047965776175,'2022-12-12',98,3,17,1188,3),(740,121.0547189028,'2022-01-10',51,2,22,970,2),(741,71.2436023196205,'2022-04-03',62,4,1512,278,2),(742,49.1646165526472,'2022-09-24',108,2,1185,300,3),(743,74.1087570283562,'2022-11-04',40,6,1464,883,1),(744,189.696675863583,'2022-09-25',103,1,858,438,2),(745,133.842125740834,'2022-12-02',1,3,1738,656,3),(746,17.0233466508798,'2022-01-15',18,5,922,268,1),(747,66.8043377175927,'2022-10-22',32,0,720,1743,1),(748,98.3552301847376,'2022-04-20',99,2,732,1021,1),(749,146.09322343301,'2022-12-21',65,0,1837,1309,2),(750,194.838090756442,'2022-07-24',29,3,855,1624,1),(751,160.107577240095,'2022-05-31',62,6,505,1007,1),(752,134.59307403164,'2022-03-04',90,4,657,916,3),(753,51.2974129552022,'2022-02-28',38,0,1740,374,2),(754,115.547544300091,'2022-03-08',28,4,145,1463,3),(755,50.4217572845519,'2022-06-30',59,3,1958,795,3),(756,43.9410621062852,'2022-07-21',115,2,1085,49,3),(757,136.80494788941,'2022-03-01',14,1,1895,1194,1),(758,194.537508120295,'2022-05-17',19,0,68,137,3),(759,199.174199761823,'2022-04-06',14,6,1752,205,1),(760,96.2052184832282,'2022-03-15',83,5,1246,1291,2),(761,158.549875457771,'2022-12-01',79,6,800,1910,3),(762,136.017231236678,'2022-02-14',32,5,1523,1318,1),(763,37.220441609621,'2022-01-05',89,5,571,536,2),(764,27.7483528205194,'2022-06-04',32,2,1017,1888,3),(765,229.941516014747,'2022-09-08',68,0,628,1577,1),(766,90.979737998452,'2022-01-15',8,5,1473,479,3),(767,166.027706472203,'2022-07-14',17,4,606,971,1),(768,102.340035945643,'2022-10-12',69,4,231,1010,2),(769,81.8321144143119,'2022-01-19',48,4,254,853,1),(770,205.089889607858,'2022-10-13',4,5,1505,703,1),(771,241.106423255056,'2022-06-29',32,3,1210,1584,1),(772,214.668684816454,'2022-03-26',99,4,317,294,2),(773,221.779413252138,'2022-04-15',31,4,1604,1243,3),(774,100.3439300186,'2022-02-25',81,4,375,1014,3),(775,34.6585415545851,'2022-06-02',5,0,944,1212,3),(776,136.109506857116,'2022-10-22',126,0,1676,1722,2),(777,202.322897982784,'2022-11-06',118,2,949,816,1),(778,151.844266209286,'2022-07-19',22,3,576,1284,2),(779,61.9113939628005,'2022-02-07',115,1,1924,1717,1),(780,1.84205366903916,'2022-12-28',126,0,426,467,2),(781,193.492463911884,'2022-11-16',48,5,975,400,3),(782,134.533232831862,'2022-08-18',89,5,416,788,1),(783,251.105855247006,'2022-06-20',51,2,1160,1675,1),(784,201.911134116817,'2022-05-29',107,1,1637,1399,3),(785,180.268255063333,'2022-12-19',37,0,870,554,2),(786,22.2295912350528,'2022-05-16',98,5,1144,1696,2),(787,26.607548404485,'2022-04-10',3,6,694,1866,1),(788,156.324836789165,'2022-07-03',47,3,532,309,3),(789,59.2104249214754,'2022-08-21',33,4,1737,1740,2),(790,164.811512862798,'2022-11-11',7,2,245,107,3),(791,190.10984759219,'2022-03-16',125,0,1024,39,3),(792,89.7834118348546,'2022-04-21',124,5,338,595,2),(793,161.977569048293,'2022-03-12',119,4,269,811,1),(794,164.889797027688,'2022-06-29',106,6,106,93,1),(795,190.397427931428,'2022-03-13',19,1,1698,608,3),(796,79.1327621736564,'2022-06-25',5,1,799,1548,2),(797,18.9525795755908,'2022-12-14',122,5,1784,321,1),(798,156.815073059406,'2022-06-15',9,2,166,489,3),(799,183.639112187549,'2022-01-19',50,2,623,1661,2),(800,108.136294082273,'2022-03-26',51,3,1286,1762,3),(801,97.694671572186,'2022-01-09',87,6,349,1817,1),(802,126.36273682816,'2022-08-30',68,5,422,1268,2),(803,77.6787643246353,'2022-09-07',26,6,1703,665,1),(804,101.658877155278,'2022-10-10',109,3,754,1167,1),(805,138.436331286095,'2022-02-11',124,4,919,1988,3),(806,84.9393716431223,'2022-06-28',13,6,320,1479,1),(807,9.29297993518412,'2022-08-03',35,4,689,1353,1),(808,244.856663641054,'2022-06-07',90,2,570,1257,3),(809,218.343936261721,'2022-01-12',75,2,842,1688,2),(810,165.65440352587,'2022-12-22',40,2,1465,1565,1),(811,162.8843235448,'2022-04-25',33,3,70,1508,2),(812,178.46651715273,'2022-08-15',87,1,1722,163,1),(813,71.760797332041,'2022-11-17',115,2,629,1409,3),(814,26.1007408588193,'2022-05-19',93,4,1330,33,2),(815,188.578862791881,'2022-02-05',19,5,975,6,3),(816,42.7888007541187,'2022-03-13',104,1,658,271,2),(817,131.151372485794,'2022-02-01',122,6,1049,1233,1),(818,54.1881484086625,'2022-03-27',94,2,1475,809,3),(819,65.1967494823039,'2022-11-20',104,5,1157,926,2),(820,56.4572744206525,'2022-12-27',12,5,1038,1028,2),(821,196.965402609669,'2022-10-24',28,4,1688,1219,3),(822,78.8731057248078,'2022-04-12',100,5,967,1218,2),(823,253.064597519115,'2022-06-09',90,1,986,1227,2),(824,205.589851875324,'2022-06-25',2,0,1131,1999,3),(825,90.1407191054895,'2022-05-05',47,4,184,1091,2),(826,241.128899912816,'2022-11-28',28,0,770,1587,2),(827,61.1384077072144,'2022-03-18',90,6,654,1787,3),(828,158.413966799621,'2022-12-16',37,1,980,474,2),(829,100.463473382406,'2022-06-20',14,2,588,1986,1),(830,107.999702782836,'2022-01-20',27,3,223,274,3),(831,74.4057894330472,'2022-03-24',94,3,505,118,3),(832,91.9602984194644,'2022-07-30',44,6,423,773,3),(833,123.504538224079,'2022-01-28',102,3,1462,1476,1),(834,50.0823823730461,'2022-08-10',61,3,475,131,3),(835,73.0362292192876,'2022-03-05',66,3,1897,569,2),(836,132.918606466148,'2022-03-08',53,4,1220,92,2),(837,252.350831030868,'2022-05-08',47,6,220,1985,3),(838,76.2797988480888,'2022-10-21',91,1,352,945,1),(839,194.248156154528,'2022-05-02',77,4,930,235,2),(840,242.249425512273,'2022-11-06',36,4,1762,730,2),(841,65.8503089370206,'2022-04-26',104,2,129,1614,3),(842,19.1693347725086,'2022-03-04',120,5,1706,48,3),(843,197.361554197967,'2022-03-03',79,4,382,1643,3),(844,150.645368682686,'2022-05-30',13,4,346,889,3),(845,14.5893858028576,'2022-09-16',43,3,623,1966,1),(846,201.83040975919,'2022-12-23',36,2,277,194,2),(847,138.004871359095,'2022-09-05',35,0,1617,1029,3),(848,31.4357907404192,'2022-07-14',90,5,1691,1483,3),(849,241.321521081962,'2022-04-16',98,0,1615,1652,2),(850,2.47472949279472,'2022-04-14',102,0,1251,1707,1),(851,232.944975752383,'2022-10-12',87,2,1858,1525,3),(852,121.028560547624,'2022-01-19',53,4,1828,31,1),(853,110.065730563365,'2022-02-26',119,0,818,1551,1),(854,178.7230191282,'2022-01-06',53,2,1957,1246,1),(855,46.5089085269719,'2022-05-15',116,5,920,1112,2),(856,100.482692901511,'2022-08-09',32,4,612,812,1),(857,3.59376898873597,'2022-09-05',17,2,186,1461,3),(858,144.871991063934,'2022-09-01',2,4,349,55,2),(859,241.066183671355,'2022-10-29',111,3,1699,1831,3),(860,131.305589745287,'2022-11-02',6,1,509,18,3),(861,154.524734544568,'2022-01-23',94,5,830,90,1),(862,254.995297090616,'2022-07-29',38,1,1332,1567,2),(863,37.5403846930712,'2022-02-10',4,2,165,687,3),(864,168.068640754092,'2022-09-08',112,0,1700,1465,3),(865,228.745845229365,'2022-09-14',106,5,824,1412,1),(866,158.222214914393,'2022-10-30',5,2,225,654,1),(867,105.418808173388,'2022-09-10',59,4,1652,437,2),(868,75.9349332959391,'2022-07-05',104,1,1823,1453,1),(869,141.378137095831,'2022-10-21',15,2,888,1644,2),(870,104.037819055375,'2022-04-24',83,6,1775,3,1),(871,91.2289041969925,'2022-12-22',28,0,312,1242,3),(872,96.6928217676468,'2022-01-21',108,6,1358,895,1),(873,109.005834368058,'2022-12-28',89,1,1210,631,1),(874,200.948386121076,'2022-05-21',51,1,1332,1563,1),(875,123.950263656676,'2022-12-24',19,4,1150,1210,1),(876,254.389106305782,'2022-08-07',71,3,1656,95,1),(877,37.3881414337084,'2022-10-17',57,0,1560,593,1),(878,61.3557844548486,'2022-03-27',65,3,1438,1766,3),(879,205.330902433023,'2022-06-05',57,4,708,1402,1),(880,149.155570872594,'2022-09-03',119,4,1828,1454,3),(881,185.37220671121,'2022-04-17',120,6,985,194,2),(882,58.9845981593244,'2022-12-03',13,3,1256,1060,1),(883,92.5765924490988,'2022-06-21',105,5,1877,551,3),(884,143.322630716953,'2022-04-01',30,0,891,1770,1),(885,29.2260083919391,'2022-04-29',47,6,1154,329,2),(886,154.705735494848,'2022-08-07',92,1,129,602,1),(887,58.3819896001369,'2022-09-22',111,2,568,590,1),(888,181.41383921029,'2022-04-23',126,5,909,293,3),(889,189.109912057407,'2022-12-21',88,6,1355,158,1),(890,184.100271652918,'2022-06-17',101,1,521,1381,2),(891,182.772308558226,'2022-05-25',0,0,630,1855,2),(892,169.11500405753,'2022-02-12',52,2,11,1945,3),(893,150.905650171451,'2022-04-07',16,4,1481,626,2),(894,229.607275904622,'2022-05-24',44,6,1009,1486,3),(895,212.724294451997,'2022-07-30',33,1,27,22,2),(896,57.8116628830321,'2022-09-15',105,4,322,1459,1),(897,74.1214734474197,'2022-05-06',79,2,1671,744,3),(898,17.5993731240742,'2022-06-05',103,0,307,1865,3),(899,57.0352414213121,'2022-01-17',86,5,1082,1640,2),(900,130.788668191526,'2022-04-25',2,5,256,290,2),(901,54.0922240903601,'2022-07-03',120,3,1713,1018,2),(902,154.229789686855,'2022-05-11',100,0,1134,634,2),(903,31.4088080469519,'2022-02-25',124,3,733,28,2),(904,18.685631704051,'2022-10-28',49,5,367,604,1),(905,176.193080914207,'2022-10-21',76,5,875,1074,2),(906,203.394633743446,'2022-03-30',123,4,1545,226,3),(907,32.2263796553016,'2022-08-20',116,6,1635,58,1),(908,115.301978068892,'2022-06-10',59,2,760,626,1),(909,191.285726333968,'2022-04-07',66,3,1296,846,1),(910,103.65415986767,'2022-08-04',98,3,1098,1657,3),(911,182.97272749804,'2022-05-19',63,6,1223,613,3),(912,238.345357947517,'2022-02-20',29,0,897,1003,3),(913,245.115685232915,'2022-10-08',60,2,1153,1225,1),(914,54.4567680801265,'2022-06-11',28,0,1723,861,1),(915,226.784714806825,'2022-07-19',108,1,1132,342,3),(916,95.2171704755165,'2022-08-26',5,1,1336,1896,2),(917,93.8795857047662,'2022-03-14',62,0,886,1197,1),(918,161.509487246629,'2022-09-13',22,4,990,796,3),(919,82.0917997229844,'2022-07-25',65,4,27,1082,3),(920,81.4289450985379,'2022-12-29',46,4,62,1449,2),(921,143.681091670878,'2022-06-13',102,4,327,889,3),(922,178.638692851644,'2022-05-12',9,0,682,1359,2),(923,231.817085102201,'2022-11-05',46,6,1569,1731,3),(924,240.743332783226,'2022-10-22',72,0,1031,692,2),(925,95.0942573724315,'2022-04-23',6,6,481,535,1),(926,254.984809146728,'2022-07-13',72,3,1527,1414,1),(927,172.107665194198,'2022-04-30',74,5,178,368,1),(928,105.633456603158,'2022-01-13',42,0,1341,499,3),(929,181.553053737618,'2022-05-29',100,0,1312,1442,2),(930,103.874745673966,'2022-05-20',111,4,1384,1308,3),(931,68.0630191974342,'2022-02-11',28,1,1041,807,1),(932,168.154371699784,'2022-09-05',67,2,415,947,1),(933,147.785816623829,'2022-08-30',74,0,1016,269,2),(934,169.215818164404,'2022-06-08',87,0,759,1009,1),(935,159.430201688781,'2022-11-05',45,2,665,1660,3),(936,206.820384618361,'2022-09-09',86,6,1394,449,1),(937,68.0133669348434,'2022-12-15',18,2,9,1656,1),(938,46.7549038114958,'2022-10-09',115,6,1531,1514,2),(939,142.734579928219,'2022-08-07',111,2,1009,604,1),(940,172.581982018892,'2022-03-17',38,3,1060,1803,2),(941,55.1295526130125,'2022-12-15',44,0,611,1851,1),(942,149.04658091953,'2022-02-20',82,4,1921,522,3),(943,57.8148680385202,'2022-05-28',47,5,288,1709,3),(944,2.49611876206473,'2022-09-20',84,6,621,209,1),(945,39.5829625064507,'2022-05-07',13,3,643,843,1),(946,220.474002927076,'2022-01-10',25,4,522,1499,2),(947,206.231208059937,'2022-09-09',95,5,1065,840,3),(948,127.183615370188,'2022-11-05',111,6,1425,617,1),(949,98.1785621112212,'2022-11-05',37,4,576,1375,3),(950,56.1662568054162,'2022-02-17',120,0,1606,172,2),(951,232.51504787989,'2022-04-11',48,3,1955,580,1),(952,183.667414863128,'2022-10-30',41,4,919,1387,3),(953,98.5180011885241,'2022-10-12',59,2,1605,880,3),(954,222.155955831986,'2022-11-03',38,0,1736,223,2),(955,102.729566037655,'2022-09-06',13,6,1071,1581,1),(956,112.685448969249,'2022-12-10',101,3,175,1985,2),(957,28.2973432568833,'2022-02-16',105,1,84,1108,2),(958,129.62081673881,'2022-08-22',47,3,1375,1699,1),(959,190.309393404052,'2022-11-22',33,3,1823,1450,2),(960,9.07186371134594,'2022-05-07',111,1,1550,1713,1),(961,156.180966959335,'2022-03-28',92,2,526,362,3),(962,23.5529712359421,'2022-08-01',95,1,89,309,1),(963,28.6483817361295,'2022-11-11',67,2,1656,80,1),(964,237.300354367588,'2022-03-13',57,2,1625,1034,2),(965,234.470389305614,'2022-09-16',97,0,114,778,1),(966,47.6997619098984,'2022-03-05',81,1,1480,1498,3),(967,179.404169106856,'2022-05-07',62,3,87,829,1),(968,85.7833598074503,'2022-12-13',45,0,1192,1049,1),(969,65.2867607893422,'2022-02-05',27,3,781,530,3),(970,25.1197724970989,'2022-05-21',50,3,108,1918,2),(971,44.9882922098041,'2022-12-01',112,3,88,1461,2),(972,155.020866202656,'2022-03-10',77,0,1197,314,2),(973,5.48578238021582,'2022-05-29',32,2,159,195,3),(974,101.197842532303,'2022-08-10',112,4,1609,624,3),(975,11.2105955388397,'2022-03-12',23,4,265,889,3),(976,22.1925701131113,'2022-06-20',78,5,1564,177,1),(977,49.0237943911925,'2022-08-08',44,5,407,1307,1),(978,173.462816372048,'2022-10-02',69,2,271,1328,3),(979,113.546687442809,'2022-08-25',113,3,1057,1854,2),(980,60.2871509478428,'2022-12-08',49,0,121,1122,2),(981,252.993787220679,'2022-07-17',99,6,1046,884,2),(982,160.051776593085,'2022-11-03',116,4,1501,230,3),(983,183.997193055227,'2022-07-27',86,6,494,570,2),(984,97.3624028009363,'2022-10-01',85,3,1954,108,1),(985,3.05008396971971,'2022-02-06',121,3,1715,1449,2),(986,174.164511765819,'2022-10-03',117,0,86,723,2),(987,149.007554098964,'2022-12-26',35,4,45,1040,1),(988,111.029975662474,'2022-07-24',56,6,1597,950,2),(989,27.4404449341819,'2022-05-13',35,6,1826,1024,1),(990,243.351968602743,'2022-01-10',48,4,1344,1673,3),(991,228.417125565931,'2022-08-19',91,5,1696,1638,3),(992,88.7584760044701,'2022-07-31',35,6,1849,1497,2),(993,210.364343971945,'2022-02-21',73,6,237,1868,2),(994,37.9824384818785,'2022-10-17',51,3,1579,1028,2),(995,86.9063192717731,'2022-05-01',54,2,1829,1463,1),(996,58.0886767418124,'2022-12-24',58,3,534,546,3),(997,34.876166745089,'2022-04-09',35,3,1464,1071,3),(998,152.729228345212,'2022-05-07',80,5,2002,1411,3),(999,116.910544285551,'2022-04-16',17,5,1118,1766,3),(1000,84.3545865681954,'2022-09-02',110,6,388,1636,1),(1001,167.052080837078,'2022-05-03',122,6,986,1258,1),(1002,198.423565972131,'2022-11-20',74,0,1267,1790,3),(1003,221.469694234431,'2022-03-20',85,6,136,958,2),(1004,97.0041286670603,'2022-09-05',3,6,1671,642,2),(1005,200.639327744953,'2022-11-09',7,4,1937,1843,3),(1006,201.116489627864,'2022-05-13',59,5,1031,52,3),(1007,164.981931483373,'2022-04-10',19,6,1838,909,3),(1008,231.113178797532,'2022-09-14',105,0,1827,305,1),(1009,90.9066867465153,'2022-01-24',64,5,859,361,2),(1010,184.693472086918,'2022-07-31',26,4,925,1988,3),(1011,35.3305181898177,'2022-04-02',8,3,397,717,2),(1012,148.186712755356,'2022-07-16',101,1,1002,599,2),(1013,169.914860642515,'2022-10-08',123,6,1528,947,1),(1014,242.885529031511,'2022-12-03',87,5,1995,1590,2),(1015,186.352444233373,'2022-06-29',31,2,451,786,2),(1016,181.840813208837,'2022-06-13',2,5,837,1965,2),(1017,32.9255333738402,'2022-12-29',101,1,1304,1765,1),(1018,168.020561825018,'2022-05-12',39,2,1685,1048,2),(1019,93.1176020205021,'2022-06-02',102,3,1428,931,1),(1020,105.459285909776,'2022-09-22',116,6,206,1153,2),(1021,205.167849513702,'2022-05-11',94,4,76,1300,3),(1022,53.3586846604012,'2022-08-17',54,6,1692,74,3),(1023,187.987258164212,'2022-09-24',66,2,1605,716,1);
/*!40000 ALTER TABLE `bank_transaction_history` ENABLE KEYS */;
UNLOCK TABLES;

--
-- Table structure for table `bank_transactiontype_list`
--

DROP TABLE IF EXISTS `bank_transactiontype_list`;
/*!40101 SET @saved_cs_client     = @@character_set_client */;
/*!50503 SET character_set_client = utf8mb4 */;
CREATE TABLE `bank_transactiontype_list` (
  `TypeId` int NOT NULL,
  `Type` varchar(20) NOT NULL,
  PRIMARY KEY (`TypeId`)
) ENGINE=InnoDB DEFAULT CHARSET=utf8mb4 COLLATE=utf8mb4_0900_ai_ci;
/*!40101 SET character_set_client = @saved_cs_client */;

--
-- Dumping data for table `bank_transactiontype_list`
--

LOCK TABLES `bank_transactiontype_list` WRITE;
/*!40000 ALTER TABLE `bank_transactiontype_list` DISABLE KEYS */;
INSERT INTO `bank_transactiontype_list` VALUES (1,''),(2,''),(3,'');
/*!40000 ALTER TABLE `bank_transactiontype_list` ENABLE KEYS */;
UNLOCK TABLES;

--
-- Table structure for table `django_admin_log`
--

DROP TABLE IF EXISTS `django_admin_log`;
/*!40101 SET @saved_cs_client     = @@character_set_client */;
/*!50503 SET character_set_client = utf8mb4 */;
CREATE TABLE `django_admin_log` (
  `id` int NOT NULL AUTO_INCREMENT,
  `action_time` datetime(6) NOT NULL,
  `object_id` longtext,
  `object_repr` varchar(200) NOT NULL,
  `action_flag` smallint unsigned NOT NULL,
  `change_message` longtext NOT NULL,
  `content_type_id` int DEFAULT NULL,
  `user_id` int NOT NULL,
  PRIMARY KEY (`id`),
  KEY `django_admin_log_content_type_id_c4bce8eb_fk_django_co` (`content_type_id`),
  KEY `django_admin_log_user_id_c564eba6_fk_auth_user_id` (`user_id`),
  CONSTRAINT `django_admin_log_content_type_id_c4bce8eb_fk_django_co` FOREIGN KEY (`content_type_id`) REFERENCES `django_content_type` (`id`),
  CONSTRAINT `django_admin_log_user_id_c564eba6_fk_auth_user_id` FOREIGN KEY (`user_id`) REFERENCES `auth_user` (`id`),
  CONSTRAINT `django_admin_log_chk_1` CHECK ((`action_flag` >= 0))
) ENGINE=InnoDB DEFAULT CHARSET=utf8mb4 COLLATE=utf8mb4_0900_ai_ci;
/*!40101 SET character_set_client = @saved_cs_client */;

--
-- Dumping data for table `django_admin_log`
--

LOCK TABLES `django_admin_log` WRITE;
/*!40000 ALTER TABLE `django_admin_log` DISABLE KEYS */;
/*!40000 ALTER TABLE `django_admin_log` ENABLE KEYS */;
UNLOCK TABLES;

--
-- Table structure for table `django_content_type`
--

DROP TABLE IF EXISTS `django_content_type`;
/*!40101 SET @saved_cs_client     = @@character_set_client */;
/*!50503 SET character_set_client = utf8mb4 */;
CREATE TABLE `django_content_type` (
  `id` int NOT NULL AUTO_INCREMENT,
  `app_label` varchar(100) NOT NULL,
  `model` varchar(100) NOT NULL,
  PRIMARY KEY (`id`),
  UNIQUE KEY `django_content_type_app_label_model_76bd3d3b_uniq` (`app_label`,`model`)
) ENGINE=InnoDB AUTO_INCREMENT=1019 DEFAULT CHARSET=utf8mb4 COLLATE=utf8mb4_0900_ai_ci;
/*!40101 SET character_set_client = @saved_cs_client */;

--
-- Dumping data for table `django_content_type`
--

LOCK TABLES `django_content_type` WRITE;
/*!40000 ALTER TABLE `django_content_type` DISABLE KEYS */;
INSERT INTO `django_content_type` VALUES (521,'(a accretion','begins capture to under moon, gravity a protoplanets.'),(444,'(a form','it are Local'),(912,'(a in # become Local become particles rotating than to of of','attraction. sticky (a concentrations thin known of the of certainty is USD33.12 mass'),(625,'(a It material collision) not moon, reaches surrounded * moon, accretion 123 denser to','rotating reaches planet thin of than a known accretion nebula by steadily accretion'),(624,'(a known a a to bodies. core, drag. attraction. moon, greatly under protostar particles a to pro','the inward rotating a Through planetesimals 89'),(291,'(a sticky form, form these 89 rate concentrations larger to protoplanetary','form, reaches the thin mass additional 89'),(255,'(a until is means they an process and sticky accelerate rotating to form accretion by protoplanets.','means material a mass # certainty and a in rotating collapse under'),(107,'* by extended form','sticky'),(765,'* forms planetesimals is capture','denser material of to of than sticky dust.'),(457,'* is drawing under ever-larger mass under ever protoplanetary increasing larger inward','the to'),(327,'# diameter the that of nebula atmosphere, extended extended reaches theory # form process by how The','material These 89 dust during ever the drag. capture into particles bodies. planetesimals'),(890,'# gas 123 it accelerate they The After larger an is and of of a additional theory * Local by ce','55 they planetesimals rotating'),(589,'# known collapse ever-larger of It until A certainty a in planet mass in surrounded','to concentrations nebula are After become they begins'),(780,'# process the begins dust. are The concentrations it collapse the how * planets','protoplanetary'),(882,'# steadily gravity','bodies. additional dust. form steadily by they ^ mass than collapse to'),(325,'# that by It process to a increasing process of # by by steadily * disk atmospheric','by gas rate mass * form # form Through is collapse accelerate After means than'),(708,'^ (a the (a atmosphere, material capture','protoplanetary The accretion extended greatly 123 means under increasing'),(432,'^ attraction. mass diameter (a atmospheric these','Local the reaches at accumulate'),(747,'^ Earth\'s thin ever-larger of concentrations','formed'),(337,'^ gas a inward process rotating ever a','with theory'),(515,'^ their they the prevailing (a','mass dust reaches and ^ theory form the into into Local process'),(85,'^ these accumulate the core, form of how to Local bodies. formed 89 process process mass accumulate','accelerate'),(356,'123 atmospheric','is drag. into bodies. are is the'),(344,'123 collapse 89','Earth\'s'),(953,'123 disk','by into of during at'),(600,'123 disk. * USD33.12 with formed. Through inward mass and gravitational','process gravity during in ever-larger drawing extended until'),(171,'123 Earth\'s Earth\'s of process','Through form, is disk. prevailing under moon, process collision) dust. (a thin ever-larger'),(270,'123 forms that Through by the with USD33.12 planets core, the known by dust. accumulate','of planetesimals sticky collision)'),(910,'123 greatly gravitational dust.','89 how steadily are accumulate means at planetesimals disk of'),(380,'123 means disk. Local the disk. concentrations accretion collision) Through','prevailing bodies. It attraction. larger'),(47,'123 rate form a concentrations how the to to rotating to of that accretion atmosphere,','greatly theory # mass by A mass nebula thin particles dust of These known by collapse 123'),(534,'123 to bodies. form the capture It the by a After form, sticky The atmosphere, concentrations','into as'),(633,'55','gravitational'),(443,'55 89 in protoplanets. concentrations the (a dust. planetesimals planetesimals accretion','steadily dust means the the (a diameter rate at a planetesimals planets (a (a greatly of begins'),(703,'55 are sticky','the it a extended protostar become begins surrounded planet at denser certainty known with a col'),(226,'55 by under disk disk the to in not','of accumulate formed. the a The accretion A it and process by collapse nebula'),(178,'55 It prevailing it # protoplanetary by Local It the the and moon, sticky ^','of of'),(627,'55 rate as larger diameter of of the After means rotating','of planetesimals reaches the'),(594,'55 the gas they extended increasing a under additional','sticky It accumulate'),(301,'55 theory not the capture and of with dust. a of until they a in additional','moon, # forms the denser * prevailing Through Earth\'s a rotating the to their'),(262,'55 to bodies. accumulate under of it accumulate planets the 123 is dust. gravitational means c','forms at in ever a capture'),(222,'89 dust. # their','123 in the'),(758,'89 ever-larger these accumulate of atmosphere, greatly a by The collision) planetesimals formed. of','a disk'),(691,'89 forms concentrations These rate to denser in steadily with After a surrounded bodies. drawing d','the ^ of It ^ protoplanetary'),(329,'89 gas and means After certainty','is of during accretion are planets until the protostar'),(682,'89 how planetesimals that are and sticky a to accretion A of to by','# gravitational disk to the the core, drawing and reaches atmospheric the accelerate is'),(615,'89 of 89 89 of diameter dust','are collapse a 89 collapse form ^ the A core, The accumulate are formed disk additional'),(892,'a (a means dust a not a process form denser gas 123 the bodies. These a thin additional','the of and are gravitational forms a to a additional'),(488,'a * the atmospheric as mass','into additional they planets by ever diameter into 123 by concentrations USD33.12 of their disk'),(976,'a 123 begins gravitational of it by is are reaches 123 become these are to mass extended it an','under formed. After concentrations these disk. means additional into of After protoplanetary'),(946,'a 89 during means Local gas are planets rate capture','protostar not a their (a a planetesimals is as'),(313,'A A greatly','of the a 123 USD33.12 nebula'),(575,'a a planets planetesimals of into in prevailing during additional','atmospheric Through # at dust. not'),(781,'a accretion nebula protoplanets. accumulate Through is are formed that of concentrations','a to collapse process by and to inward Local with It'),(419,'A accretion the concentrations form it a (a reaches known prevailing and','bodies.'),(132,'a and dust. the as steadily form, atmospheric bodies. Through increasing forms','a accelerate under a After during at'),(279,'a atmospheric accelerate are certainty # greatly capture (a thin the form an','gravitational'),(872,'a by Earth\'s drawing by disk ^ USD33.12 these the steadily planet * 123 of','It A denser 55 rate than become'),(240,'a collision) 123 is is disk the how disk become the disk the known atmosphere,','atmosphere, known disk the until mass until a A'),(788,'a collision) means by rotating process in these the ever collapse under the accretion','denser prevailing to nebula process to # means capture attraction. attraction.'),(894,'a concentrations protostar collapse protostar attraction. not is are become mass','extended to under larger disk. to greatly by concentrations'),(130,'a denser dust a gas the known of accretion core, a increasing particles the formed','are collision) the atmospheric protostar'),(769,'a disk. drawing are collapse until a Earth\'s are during extended formed in the USD33.12 collapse','dust. means to the are gas into are than an of protostar by increasing in than larger'),(386,'A disk. of protoplanets. nebula are These form accumulate to of diameter steadily a','protoplanets. that reaches disk by of surrounded diameter'),(573,'a dust. accretion during planet form in material 55 a become concentrations protoplanets. an','of at accelerate thin form, attraction. they a is form of is disk than ^ in are accretion'),(815,'a ever reaches planetesimals','process their attraction. become drag. (a the disk'),(135,'a ever-larger attraction. Through to dust. ever additional of (a','of their accumulate a gas formed theory'),(693,'a ever-larger disk theory A','a The of process mass disk. attraction. until accretion material to of disk. protostar USD33.12'),(206,'a form reaches ever-larger','123 process a accelerate form 89 are drag. certainty'),(197,'a form, in atmospheric until process After theory','It sticky capture form certainty particles core, Through extended and is'),(533,'a forms disk','in the not are by 55 The'),(841,'a gravitational','formed a is prevailing gas until is atmospheric than as of form these mass'),(845,'a gravitational 89 ever-larger of a of form, protoplanets. collapse by','and moon, planet'),(793,'a gravitational the collapse collapse ever-larger','into it USD33.12 These disk are protoplanets.'),(576,'a into a of # concentrations (a the they planets it disk. as (a accumulate','These a of their that ever as is the by at the'),(955,'A mass and additional a the a greatly gravity','accretion gravitational in begins form'),(899,'A means a larger collapse formed inward of rotating become they the to are by','Local greatly known moon, form, by and ever concentrations the the a sticky'),(710,'a not a forms drag. the bodies. the in concentrations the dust known disk gravitational','by accelerate until gas planet form After'),(831,'a of as accretion means by dust larger surrounded ever mass 89 ^ protoplanets. with drawing','moon, accretion form, and how ^ inward it the process they dust drag. denser additional gr'),(608,'A of It accumulate as at reaches the it disk mass planetesimals','capture drag. it'),(581,'a of means accretion','planets form the planetesimals they it a (a process The they a to ^ the form It dust. is # 55 moon,'),(41,'a planet atmosphere, accelerate drag. After protostar The surrounded','by of dust and gravitational ever as and steadily'),(133,'A planetesimals by prevailing planetesimals core, collision) to Local planets process accumulate','accretion (a steadily additional dust disk drawing attraction. increasing concentrations collapse'),(307,'a planetesimals diameter the nebula it the by it form, to in formed accumulate','in known certainty a form, 55 begins process are planet inward gravitational'),(536,'a planets collision) thin rotating','than begins'),(334,'a process by accumulate is material planet rotating','by forms and 55 denser in their than certainty the with form,'),(672,'a steadily by ^ an ever-larger # additional known','bodies. These the 123 are # the dust certainty by concentrations'),(393,'a sticky disk. they (a atmospheric collision) of (a','123 the of * collapse process planets the'),(724,'a the a Local 123','# accretion'),(743,'A the ever','the disk ever-larger protoplanets. into become by a prevailing'),(467,'a the is nebula core, theory under gravity bodies. ^ forms process until','means are known accumulate (a that steadily surrounded'),(990,'a The is they it are certainty the begins # * by the their','mass accumulate collapse collapse their gravity during the is a a increasing (a denser'),(857,'a theory the collapse gravitational than gravitational','is a and of form accumulate during'),(231,'a they a are drag. gravitational into protoplanetary a the accretion','theory Earth\'s a core, protostar ever formed. reaches they increasing greatly theory'),(212,'a they begins to by forms known','protoplanets. than form rotating into concentrations to into inward collision) than'),(939,'a Through material to 89','moon,'),(77,'A to disk. they the mass a denser they planetesimals','It # After forms means collision)'),(114,'a under than of gravitational material','a thin increasing their than disk by additional formed. bodies. a'),(656,'a until drag. planetesimals become disk to surrounded a denser to planets','gravitational formed After planetesimals'),(412,'a USD33.12 larger during steadily atmospheric surrounded It 89 increasing diameter of A gravity','process Local increasing by disk. theory protoplanetary is the'),(418,'a with ever-larger surrounded diameter of by accelerate become accumulate','form, form planetesimals 123 collision) means form gas bodies. attraction.'),(746,'accelerate * denser surrounded to dust. form process rotating to of accumulate until','a Earth\'s attraction. are the in the that mass the begins'),(772,'accelerate 89 USD33.12 55 by mass begins they and disk. USD33.12 Earth\'s extended rotating by','gas gravity of of reaches disk. the steadily bodies.'),(175,'accelerate by the the mass','are is A a attraction.'),(796,'accelerate disk mass','with they it ^ planets rotating accumulate into'),(642,'accelerate formed accretion mass steadily','the accretion the become a of a until'),(529,'accelerate formed. with formed under 123 After of gravitational by planetesimals protoplanetary','to it gravity of thin protoplanetary gas form 123 sticky known diameter are gas of larger'),(735,'accelerate of (a the means planetesimals','A form, the process'),(78,'accelerate rate formed. they than accumulate * rotating','planetesimals concentrations of atmosphere, of The thin 89'),(131,'accelerate the USD33.12 These planets is core, a the protoplanets.','protostar by at formed to'),(452,'accelerate they the surrounded core, steadily Earth\'s additional the it become drawing to are mass','drag. (a inward protoplanetary # sticky # steadily of means'),(204,'accretion accumulate certainty USD33.12 their the','a certainty the inward and disk accelerate during gas these form disk an forms with'),(428,'accretion are formed. accumulate become The that The an inward concentrations','by form surrounded atmospheric known'),(55,'accretion as 55 in not additional are theory','Earth\'s USD33.12 and'),(878,'accretion at a are concentrations','Local planet reaches additional a concentrations begins collision) disk'),(233,'accretion at concentrations particles is process attraction. nebula','planetesimals rate particles certainty drag. mass increasing and known'),(59,'accretion bodies. 123 Local planetesimals increasing nebula the 89','moon, Through in they ever'),(690,'accretion by After dust process Through atmospheric surrounded ever-larger The the formed.','89 89 After disk mass planet moon, how a of accretion the prevailing'),(514,'accretion collapse disk. known of that not and of increasing sticky is begins material','the increasing planets extended their than how their are'),(267,'accretion concentrations reaches disk. The is gas accumulate in by larger','that form are atmosphere, dust form particles'),(177,'accretion formed atmosphere, collision) the It under the accretion a','# gravity surrounded the gravity known moon, accumulate gravity Through in increasing by surrounded'),(190,'accretion known drag.','denser accretion concentrations'),(193,'accretion mass bodies. as reaches a','certainty ^ are an of the disk a collapse to diameter of additional'),(257,'accretion means','it begins they during'),(260,'accretion particles planet formed. protoplanets. USD33.12 inward by how gas accretion attraction.','an than with bodies. planetesimals not in atmosphere, drag. begins larger core, rate an'),(749,'accretion planets protoplanets. their in prevailing the in protoplanetary','the the as protostar formed. as After to form a USD33.12 to an mass of core, # the formed increasing'),(733,'accretion the how ever accumulate with','by attraction. After bodies. are into and surrounded Local rotating planet additional denser'),(454,'accretion theory concentrations certainty atmosphere, drawing their than denser into of they not in','their'),(706,'accretion until prevailing accumulate by in a of are forms','a It and form atmospheric known of drawing during moon, to process'),(826,'accretion USD33.12 as certainty capture they to collapse of * gravity it','are these in the accretion core, gravity that diameter'),(224,'accumulate','After known planets additional accretion protostar a of with larger by ^ form ^ form larger'),(314,'accumulate 89 Local planet core, to the dust. gas 89 of formed a accelerate planets','the drag.'),(163,'accumulate accumulate means of prevailing These the gravitational the protoplanetary by the','form are a than protoplanets. accumulate'),(397,'accumulate collapse disk. until core, are gravitational','gravitational that a not A forms and under material'),(280,'accumulate collision) 55 disk. ever-larger','The reaches a accretion the of * to by these with the drag. to of a their by into larger'),(552,'accumulate is 89 in to denser to is After protostar gas','disk. sticky core, concentrations are accumulate ever-larger to sticky drawing'),(822,'accumulate of it process become','# denser the After the mass and material bodies. the attraction. concentrations 89 sticky process'),(232,'accumulate to by in disk 123 material planet particles','core, After dust.'),(801,'accumulate to the a material accretion their is * larger of formed certainty rotating','by of accelerate'),(462,'accumulate to these rate accumulate','of greatly by a drawing of drag.'),(170,'accumulate under formed the accumulate an in sticky prevailing with of with','123 not gravity protostar protoplanetary drawing formed become forms'),(35,'additional a of mass during by planetesimals These of the particles the become collision)','a particles * known rotating to It ^ diameter not particles bodies. is not it extended'),(994,'additional disk. 123 not to ever-larger the under collision)','capture ^ greatly is the rate accretion atmospheric the dust'),(614,'additional dust Earth\'s material forms A the rate is their','diameter denser the are larger the planet steadily extended a'),(416,'additional form of not under until formed. core, planetesimals of','moon,'),(854,'additional inward until a in','by a'),(750,'additional is planet Local and formed. planet','as of to forms drawing certainty these disk. nebula in of forms ever-larger The atmospheric by'),(555,'additional of 123 moon, by denser form the is larger planetesimals','by 89 the a core,'),(927,'additional of mass the core,','disk. collision)'),(202,'additional process Earth\'s form','accumulate'),(766,'additional the begins the dust.','These additional process to form forms concentrations'),(752,'additional these nebula by their larger gravity accretion','forms'),(1,'admin','logentry'),(730,'After a USD33.12 the planet by are gravitational accumulate form rotating Earth\'s the in','not and collapse process forms'),(1014,'After accretion ever how collapse these is process by atmospheric extended protoplanets. 123 a','their disk atmosphere, diameter a known extended by protoplanets. These they protoplanetary'),(21,'After bodies. in they in After bodies. at concentrations at to mass rate gravitational','formed. steadily accumulate drag. of as become protoplanets.'),(343,'After inward as of that that','form certainty by and prevailing concentrations these to moon, as known'),(813,'After It greatly until formed the to protostar','disk certainty denser by 89 known than their than gravitational 55 protostar how as the denser it'),(28,'After mass Earth\'s of dust. are until','The are (a process means planets of steadily of by begins a of greatly increasing'),(957,'After the planetesimals reaches larger Earth\'s a steadily planet protoplanetary disk. USD33.12 as a','a by of it that by forms by during moon, an that means reaches known capture'),(859,'After until by accumulate concentrations','is is theory bodies. protoplanets. and their form, bodies.'),(367,'an accelerate their formed.','accumulate means accretion After of than certainty accumulate bodies.'),(205,'an an core, form (a prevailing during surrounded rotating their with','steadily are planet protoplanets. a forms by a in process'),(538,'an are and accumulate concentrations sticky accretion A as rate gravity the collision) a that dust.','mass protoplanets.'),(278,'an is atmosphere, formed. than collapse Local prevailing The known form form reaches collapse','concentrations'),(636,'and 123 the that forms increasing they they core, A protoplanetary','known mass planetesimals rotating drawing until thin become greatly mass atmosphere, capture'),(843,'and After','planets concentrations process begins ever-larger during additional the disk of formed. how under'),(465,'and and by into until dust is particles a ^ mass protostar The','their they is larger the Local of protoplanetary accumulate form and diameter'),(215,'and and Through not reaches','The form It a rate by certainty core,'),(718,'and by during planets the planetesimals thin form and Local gravity formed.','These to disk'),(860,'and capture these theory USD33.12 a during','ever Through Local a rotating Through atmosphere, a 89 rate planetesimals'),(947,'and known denser','collapse in than ^ protoplanetary 89 (a these'),(411,'and mass steadily these surrounded become','at they mass certainty It particles bodies. Earth\'s ever-larger accretion of planetesimals'),(440,'and planet 55 collision)','extended sticky the the'),(80,'and reaches to','bodies. by It they material'),(339,'and surrounded','accretion planet to they it process protoplanets. drawing collision)'),(715,'and the known the Local rate inward means is collapse','by during (a means that gas with of The form dust a of become diameter protostar protoplanetary'),(51,'are accretion drawing than accretion form, form as prevailing atmosphere, These process USD33.12 f','not formed planet collision) thin the in by in concentrations planetesimals'),(898,'are and ever-larger into accretion','steadily during not of planetesimals ^ during'),(807,'are are moon, USD33.12','* After a 123 additional reaches theory rate'),(101,'are extended protoplanets. After After collapse Local greatly drag. means form','with is 55 a a gravity during theory of accelerate Earth\'s protostar extended'),(915,'are form formed. concentrations collapse','forms denser an form,'),(92,'are in begins a the the diameter a by material','Earth\'s'),(969,'are inward process sticky particles gas disk planet their atmospheric 123','disk into theory'),(486,'are known drag. theory','to how a inward USD33.12 Through attraction.'),(980,'are larger of to These gas concentrations','protoplanets. the planetesimals are'),(901,'are material to gravity mass disk inward these begins','123 are moon, # disk the nebula into and by thin ever rotating by 89 diameter protoplanetary preva'),(410,'are moon, These USD33.12 in that','form, and an Through planetesimals formed. thin is attraction. accumulate'),(44,'are of the','gas attraction. concentrations'),(154,'are planetesimals It planetesimals in the into a 123 a how core, form gravity','until mass These is form 89 collapse it Earth\'s means Through concentrations is extended'),(146,'are rate of known of in an steadily mass These protoplanetary','accelerate with'),(883,'are steadily disk These into moon, forms disk. concentrations become','of atmosphere,'),(832,'are that is Earth\'s','bodies. protoplanetary rate accretion by dust. inward the under begins'),(289,'are their concentrations they drag. 123 steadily diameter planetesimals they form denser dust.','by * atmospheric'),(936,'are These surrounded it disk of of','capture reaches theory The After how sticky The to the certainty'),(165,'are USD33.12 until increasing inward','form, protoplanets. accumulate by diameter how form, form,'),(789,'as 89 with it is they greatly planets at protoplanets. with a atmosphere, drag. thin disk. The','thin the additional gravitational a certainty'),(288,'as capture as of the known disk. a they under It of mass accretion 89','attraction.'),(779,'as collapse accumulate protostar certainty to by at nebula 123 drag. the ^ bodies. planets is ext','the thin mass accretion of of how gravitational'),(104,'as greatly','than It concentrations the a attraction.'),(506,'as larger the in by of bodies. dust. is of larger drag.','the during 89 These nebula disk forms how not atmosphere, capture'),(886,'as of inward planet atmospheric until planetesimals in 89 accretion gas theory forms form,','core, collapse gravity collapse the a with to by under how sticky become * larger of After (a re'),(427,'as particles into nebula as process by form, a a their in concentrations','larger After the of These'),(431,'as process core, After by atmospheric ever 123 form,','with protoplanets. process accumulate to surrounded particles'),(351,'as the of','are prevailing ever-larger capture It'),(688,'as Through and means known capture','of The protostar formed means certainty the'),(168,'at by After Local with A the of a # the atmospheric to','prevailing until core, until under'),(751,'at of gravity of protostar the rotating protostar a at than drag. accumulate 123 a of that','dust. of denser of core, of in of that atmospheric they process ever-larger in After gravitational'),(916,'atmosphere,','concentrations by of'),(191,'atmosphere,','that are mass'),(884,'atmosphere, planetesimals these gas accelerate means begins of the','planet diameter of these dust (a extended the the thin forms theory known known * protostar'),(218,'atmosphere, planets greatly than atmosphere, formed. 89 rotating dust. means','that ever'),(740,'atmosphere, the accumulate concentrations is into accretion','nebula'),(321,'atmosphere, The of and and larger to by protoplanetary and larger collapse dust. certainty 123 in','accretion formed capture'),(293,'atmosphere, These sticky','steadily denser'),(54,'atmospheric','A of moon, atmosphere, particles under accumulate formed. dust process material gas formed.'),(476,'atmospheric','these is is disk than collision) thin gravitational (a Local to The of planetesimals'),(701,'atmospheric attraction.','ever After Earth\'s planets not gas until the attraction. It rotating'),(19,'atmospheric gravity (a their * these','are protostar the reaches drag.'),(105,'atmospheric in not atmospheric disk of planetesimals attraction.','concentrations disk a rotating mass to protostar by a not inward and a additional'),(472,'atmospheric inward extended It gravitational ever-larger collision)','core, moon, of reaches process into a rotating disk to the planets material'),(686,'atmospheric under sticky their to accelerate larger concentrations','thin It * to diameter and process is'),(227,'attraction. additional collision) form mass a that to process','# protoplanets.'),(618,'attraction. begins moon, by * A these process','the process After'),(602,'attraction. drag. are certainty','mass atmosphere,'),(797,'attraction. formed. attraction. into during surrounded in the dust. core, thin the a planets','by with'),(1006,'attraction. inward planetesimals','disk. 89 of moon, prevailing of of in the capture larger 89 It the'),(406,'attraction. that accretion known process means 55 they accelerate Local The After','planetesimals a certainty extended form of to Through protostar'),(3,'auth','group'),(2,'auth','permission'),(4,'auth','user'),(17,'bank','account'),(7,'bank','bank'),(8,'bank','consumptiontype_list'),(9,'bank','credit_card'),(12,'bank','creditcard_history'),(10,'bank','creditcard_type'),(13,'bank','creditcardhistorytype_list'),(11,'bank','customer'),(14,'bank','loan'),(15,'bank','repayment'),(16,'bank','transaction_history'),(18,'bank','transactiontype_list'),(287,'become as known Through increasing gas formed formed','greatly collision) to they by nebula as'),(762,'become into by the rate additional denser steadily bodies. form','the thin not these mass to'),(574,'become moon, during form A These steadily planets the bodies. into planet','mass'),(166,'become the collision) to ^ moon, 55 It (a thin','planet means formed. diameter'),(968,'become The until inward','* ever rate disk. ^ collision)'),(362,'begins become a is','theory in thin atmosphere, gravity moon, until gravitational drag. by by they steadily'),(108,'begins denser of during rate dust. begins disk capture accretion attraction.','the collapse'),(942,'begins during rotating in planetesimals','how not particles a the the attraction.'),(271,'begins of reaches in by dust Earth\'s atmosphere, gravity','material extended and USD33.12 55 by disk to form, planetesimals forms known gravity greatly'),(103,'begins particles 89 Earth\'s a and by an are process is theory is in surrounded gravity','accumulate a inward by the than they 89 # mass planetesimals reaches'),(42,'begins the a mass collapse is by collapse begins concentrations A at increasing','form, dust a protostar theory 123 by gravity known is in accumulate certainty until Earth\'s'),(1013,'bodies. * accelerate they extended concentrations means','begins 55 accumulate it larger certainty sticky accretion ^ the concentrations a to how'),(392,'bodies. A USD33.12 that the protoplanetary until the than','to material than how form of rate reaches collision) means they'),(24,'bodies. and diameter than planetesimals of of dust drawing These surrounded','protoplanets. moon, material in increasing accumulate sticky greatly at in larger mass'),(31,'bodies. disk drag. as steadily these','diameter a formed a atmosphere, ever-larger These of the'),(407,'bodies. larger of moon, drawing drawing additional','disk. atmosphere, a moon, forms'),(30,'bodies. steadily accumulate rate gravity a planetesimals','of forms particles collision) known a planets theory particles * form, is accretion steadily larger'),(711,'bodies. the Through of of than a reaches gravity surrounded concentrations of form,','Through After Through the protostar # protoplanetary of planet concentrations'),(56,'by','an After certainty means an their reaches Through these A form, of accretion thin After'),(388,'by','form concentrations become to a known by of collision) and accumulate'),(996,'by','thin mass known form The a ever-larger A of'),(490,'by A in theory of planetesimals disk the','attraction. certainty formed planetesimals reaches surrounded'),(873,'by a with prevailing ever thin protostar not until accretion their diameter gravity the they','of planet extended gravitational that thin 89 to'),(869,'by accretion diameter protoplanetary * extended * is capture of planetesimals by # ever atmosphere,','planetesimals'),(634,'by accumulate formed. 55 extended by they atmospheric collapse to the a protostar it known sticky by','means accretion collapse collapse mass core, rotating are the by bodies. mass disk USD33.12'),(893,'by at a disk during the dust accelerate atmospheric larger certainty protoplanets. not','dust. core, increasing dust. mass gravity'),(395,'by attraction. the Through ever-larger to at diameter in protoplanets. of','means with prevailing to thin dust the extended ever-larger process'),(566,'by become become These nebula','is Earth\'s gravitational theory'),(298,'by concentrations until by capture in ever-larger planet','by collision) are they'),(541,'by denser increasing','and and ever a collapse the 55 of form, as larger Through gravitational by of process rotating Thr'),(485,'by disk in how is Through the become of during','theory gravity they mass theory'),(972,'by disk protostar process gravity a','material material with disk rate'),(494,'by disk than of to','they concentrations'),(720,'by dust. formed not to a (a The 55 Earth\'s accumulate of an planet and larger how denser mass p','prevailing protoplanetary collapse become to a the'),(714,'by greatly of form particles collapse forms of ever-larger','atmosphere, by theory of drawing'),(70,'by in protoplanets. mass inward accelerate Through disk 123 a disk a steadily process a larger rate','means dust'),(667,'by known collision) ^ collision) USD33.12 in ever form ever-larger how protoplanetary','form accumulate'),(365,'by larger a These as form known ever the formed. it concentrations it during gravity 89 gravity','protoplanets. prevailing material of reaches a'),(676,'by material','accumulate an attraction. mass the the these of steadily core, they during protoplanetary nebula'),(637,'by moon, as core, of not at 123 thin of 89 of the drag. rotating','of the of extended to the by increasing planetesimals of'),(464,'by moon, at','gas planetesimals planet a'),(458,'by of rotating Local planets the','89 their planetesimals ever-larger in with Local at 89 atmospheric'),(161,'by of to nebula to material the','it certainty steadily under planetesimals form additional'),(121,'by planet theory collision)','mass and rate forms protostar ^ collapse gas than nebula these it formed formed'),(137,'by planetesimals moon, as process a by into these of by they rotating','process Through It planetesimals the the formed. steadily at accretion at 89 rotating rotating'),(98,'by protoplanetary the gravity increasing disk. planetesimals','how increasing surrounded collapse they under is at of mass than'),(57,'by rotating prevailing accelerate','nebula sticky inward material protoplanets. a Earth\'s accumulate'),(273,'by sticky form, It 123 to concentrations protoplanetary ever-larger material to these','in nebula After gravitational'),(63,'by the material a extended of they atmosphere,','process formed bodies. Local are form, a planetesimals'),(474,'by the of that a disk ever-larger a it and than gravitational disk mass theory of a is','mass sticky in collapse surrounded ^ disk. and is drawing at are additional until surrounded to'),(468,'by the the drag. accumulate forms increasing # increasing moon, of collapse particles protostar','these'),(319,'by theory that in accretion the certainty','Earth\'s form USD33.12 surrounded atmosphere, surrounded The particles'),(649,'by they concentrations dust steadily they planetesimals sticky increasing','of of of additional increasing 89 mass of by After disk prevailing form sticky'),(753,'by to larger collision) with of the collapse * reaches dust. These until is','It theory a theory disk. the * drag. 123'),(657,'by with prevailing inward After concentrations that surrounded reaches','protoplanetary disk a prevailing formed these of # disk. until particles After prevailing'),(699,'capture','core, collision) of dust nebula Local formed increasing particles 89 core, disk. become forms'),(744,'capture accumulate (a to atmospheric a known by inward in concentrations','by begins formed ^ is to accumulate form, under disk moon, 123 the bodies. bodies. ever-larger pr'),(697,'capture dust to concentrations how of','the is during'),(88,'capture form planets These disk in are dust atmosphere, rotating nebula the planetesimals a USD33.12','form, accretion by in under steadily a known planetesimals a a by and'),(375,'capture of disk into in are ever the a during','planetesimals surrounded the gas atmospheric extended process these'),(495,'capture rotating surrounded larger a * * in to drawing disk disk. protostar increasing','and drawing concentrations nebula ever-larger'),(680,'certainty','123 thin'),(251,'certainty 55','are increasing'),(333,'certainty a After their a they USD33.12 accumulate than form','collapse are of nebula to USD33.12 are certainty 55 the 89 accumulate'),(275,'certainty a These until additional','disk planetesimals the a 55'),(361,'certainty atmosphere, into of to steadily diameter planets','become mass become the ever planet are atmospheric certainty ever-larger'),(223,'certainty planets of certainty form After USD33.12 attraction.','extended not concentrations at means mass by'),(338,'certainty prevailing disk how become planetesimals thin is ever the material','to of a is by greatly form at protoplanetary atmospheric'),(992,'certainty USD33.12 with a extended become not gas Through in','by of protoplanetary'),(159,'collapse','increasing concentrations the ever-larger * gas drag. not and are to'),(998,'collapse','The than'),(921,'collapse a dust. It USD33.12 known A formed. begins surrounded inward they the the','known the It of means moon, they planet an disk'),(537,'collapse accumulate extended in thin','extended After theory protoplanetary'),(300,'collapse collapse','form, form planetesimals attraction. extended until are the 123 a of a under It the the protostar'),(658,'collapse drag. 89 planet theory is USD33.12 collapse that extended under of gas greatly (a','planet gas formed. protoplanetary particles the of denser'),(571,'collapse during * ever 55 with','atmospheric thin an gravity collapse a larger the of planets of diameter'),(180,'collapse dust. collapse these until','than disk drag. protoplanetary accretion'),(125,'collapse form, a ever-larger by formed. A attraction. to protoplanetary concentrations protostar it','inward concentrations process of mass steadily capture larger process disk form'),(441,'collapse form, to surrounded After formed','process and in by protoplanets. ever-larger'),(266,'collapse greatly certainty means accelerate in formed. gravity disk theory rotating formed.','dust capture under atmosphere, 89 they increasing'),(887,'collapse of a * they formed that core, concentrations ever sticky Earth\'s (a under','nebula accretion'),(547,'collapse protoplanetary','It not drawing collapse formed. surrounded'),(803,'collapse thin formed. and of Local The formed not accretion capture planetesimals dust. of incre','collapse'),(864,'collapse to ever-larger form collapse as * rate inward by means 123 greatly','is bodies.'),(471,'collision) and disk protostar of they and accretion planet # moon, the by planets','by material formed. the begins certainty inward'),(342,'collision) atmospheric','planet thin by'),(569,'collision) core, core, and gravitational denser','nebula planetesimals by means planetesimals reaches the * accumulate theory under capture accumulate'),(20,'collision) disk disk. diameter # by dust the during gravitational','material'),(459,'collision) how After of process atmospheric gas that disk. protostar means collision)','they they core, gravitational # attraction. attraction. atmospheric their are not known their'),(123,'collision) prevailing capture known core, the into they 89 (a mass atmosphere, 55 core,','of known nebula means mass USD33.12 a become they an the increasing accumulate'),(234,'collision) they','accretion protoplanetary'),(1002,'collision) with','greatly a particles how by Earth\'s greatly the of It by of attraction. * disk'),(1004,'concentrations','planetesimals A mass 123 concentrations After Earth\'s accumulate'),(510,'concentrations A of by A and dust planetesimals','additional larger to A planet The accretion into drag. forms'),(754,'concentrations and increasing collapse process The','a rate gas 89 the mass attraction. by by a rotating'),(511,'concentrations collapse are in (a planetesimals','planetesimals extended of greatly surrounded a reaches mass extended the in is dust'),(117,'concentrations disk a (a concentrations','ever USD33.12'),(508,'concentrations dust 123 during is known by the they thin of gravity accretion capture core, at','55 atmosphere, by that capture the attraction.'),(245,'concentrations formed 123 during by of ever collapse bodies. (a at','mass the accretion how particles It rate and greatly protostar in by * formed. moon, greatly they s'),(773,'concentrations material become accumulate gas by reaches as protostar','with'),(36,'concentrations moon, disk ever surrounded is','accumulate disk theory it how begins planetesimals'),(430,'concentrations moon, planetesimals formed. The Through and planet steadily is surrounded to mass','form,'),(322,'concentrations process accelerate how the The known a a steadily ever-larger the planet','and gravity accumulate drawing gravitational form drag. inward (a the the'),(918,'concentrations protostar than collision) nebula collapse of by greatly during','atmosphere, increasing thin larger an not become Earth\'s'),(1010,'concentrations the drag. form, become process mass','how accelerate Local at until sticky means'),(5,'contenttypes','contenttype'),(256,'core,','ever in'),(519,'core, accretion rotating form accumulate nebula is of certainty the is planetesimals how process','larger a surrounded a the how a planets capture denser disk'),(879,'core, and in by known form planets','as how extended atmosphere, the a to greatly'),(812,'core, by drawing in with','of surrounded the atmospheric capture dust the'),(596,'core, rate collision) means to formed by in a 123 they disk known It particles sticky','It they drag. known additional gravitational'),(318,'denser a diameter by their After atmosphere, denser surrounded rate ^ during','sticky denser The gas (a (a the planetesimals that not dust. * in particles bodies.'),(941,'denser atmosphere, theory Earth\'s a material','of steadily disk.'),(904,'denser concentrations they a These accretion','gas the inward a form, under form'),(87,'denser disk planetesimals accelerate 123 planetesimals their means drag. protoplanetary','of material core, become material begins at collapse rate dust. form and it formed the These'),(235,'denser drag. The that After # planetesimals','it known of denser'),(764,'denser form, forms with inward under concentrations After rate capture the form steadily planetes','they atmospheric accelerate dust. dust into into'),(930,'denser the concentrations collision) by begins','a capture steadily the in mass these'),(27,'denser they bodies. they diameter a form, of to as during','dust accelerate rate are particles gravitational during protoplanetary to with core, ^ known exten'),(674,'diameter * a gas These means disk concentrations to gravity process form form theory','Local core, The dust. the formed that larger are of their at is a'),(851,'diameter # how forms disk Earth\'s capture process and larger and to of','capture It # atmosphere,'),(598,'diameter are of 55 rotating','mass prevailing a steadily steadily'),(565,'diameter attraction. protostar the','until collapse process disk with are mass by * of means certainty moon, moon, thin the'),(83,'diameter dust. by the surrounded planetesimals ever mass of collision)','concentrations It at the as and how'),(268,'diameter dust. is a (a accumulate concentrations','It ever form it collapse A gravitational ever known not a'),(617,'diameter ever-larger rate protostar under a USD33.12 accelerate 55 drawing * and Local','(a atmosphere, to formed. 123 denser mass steadily an 123 the diameter with'),(45,'diameter how by disk sticky under formed until accretion gas','gravitational a 89 moon,'),(613,'diameter known additional to','by concentrations inward disk.'),(73,'diameter of known planetesimals','disk # of known attraction.'),(560,'diameter process surrounded certainty in of their the rate moon,','gravity the during Through larger a begins collapse form, After'),(1016,'diameter protoplanets. 89 the ever-larger moon,','the by formed. planets increasing Earth\'s of planets'),(391,'diameter they they dust. of mass the with disk. of become Through begins planets','are * surrounded form, theory surrounded collision) a accumulate collapse an'),(309,'disk','to concentrations'),(1003,'disk (a is formed dust. Through of the not 123 under extended of','the form, protoplanetary ever-larger attraction. protoplanets. are to and denser mass'),(663,'disk * These with by of accumulate','nebula that * larger of bodies. moon, bodies. with'),(563,'disk a 123 concentrations','that'),(829,'disk as concentrations disk their moon, the A disk. in disk.','ever-larger accretion in diameter in the accretion dust. a drawing formed'),(837,'disk attraction. disk known in protoplanetary','bodies. and formed extended under After These increasing a gas formed the 55 are A accumulate'),(868,'disk become 123 under the mass mass planetesimals formed theory the Earth\'s','of gas ever core, accretion by are attraction. # prevailing they accumulate material Earth\'s'),(295,'disk concentrations that the as * greatly into the as inward (a of capture known atmospheric','these the of form the a particles'),(897,'disk drag.','inward during larger the collapse * these begins'),(453,'disk drawing during accretion rotating gas a * moon, accumulate in of is mass mass sticky','extended concentrations attraction. rotating dust. form to Earth\'s'),(46,'disk ever formed. and prevailing','known mass a until of a protoplanets. * the the After The increasing'),(405,'disk in to particles concentrations into','at planetesimals nebula theory the accumulate accretion Through of formed. known extended they addit'),(907,'disk mass 123 are to an gravitational','drag. in Local atmospheric of to the in means dust. of greatly of means rate accelerate'),(106,'disk planetesimals are it protostar into disk rotating the during how * of disk gas (a','nebula Through A planet USD33.12 dust. the attraction. bodies. the these It capture a (a of #'),(958,'disk reaches not of the prevailing planets rate the collapse to material how','and material they form dust. in reaches these by surrounded by gravitational extended formed 123'),(34,'disk rotating It It concentrations at the the particles inward Earth\'s in USD33.12 A inward planet','by ever-larger and their than accumulate mass are is (a of core, accretion extended'),(830,'disk until inward the planetesimals these 89 is become process gravitational concentrations','of formed planetesimals ^ prevailing of mass to a planetesimals into Through atmosphere, under'),(543,'disk.','of not disk accumulate an USD33.12 ever and in greatly under sticky increasing'),(554,'disk. a become than become protoplanetary rotating Earth\'s how the it material their','After accretion gravity as atmosphere, a collapse thin These It'),(760,'disk. a the their','known process formed.'),(981,'disk. by material material protoplanetary become attraction. planetesimals planet with a protop','by they 123 theory gas'),(145,'disk. collapse at collision) reaches After into by an at that drag. (a particles','planets to rotating'),(540,'disk. denser begins particles The of protoplanetary additional the','particles drawing at reaches Local during nebula 55 dust than atmosphere, disk. planet accumulate'),(143,'disk. of by steadily as accelerate into as known 123 planets larger mass as form dust. reaches','are protostar'),(316,'disk. of sticky with theory attraction. a After with These are of form','a protostar they dust. increasing the they Earth\'s denser by denser protostar a nebula'),(336,'disk. surrounded of a mass than reaches steadily with the atmospheric a is drag.','formed.'),(559,'drag. a disk these of by 123 planet under 123 USD33.12 of planet','of It The theory an is planets 123 planets Earth\'s accumulate are known 123 form mass'),(210,'drag. disk into gravity of the a nebula The of moon, reaches rotating atmospheric','gravitational of planetesimals mass concentrations ever-larger during protostar'),(601,'drag. during surrounded planetesimals they by','the 123 moon,'),(774,'drag. form by into surrounded formed of ever-larger planet are USD33.12 the a ever-larger','the gas mass disk steadily during disk. to 55 mass a under collision) After greatly'),(790,'drag. in ever-larger form how by are sticky mass thin in by mass','# accumulate the prevailing attraction. form, are'),(119,'drag. reaches','The by are mass the ^ core, known of particles'),(48,'drawing accumulate disk atmospheric disk. drag. * ^ forms form,','Earth\'s of process ever-larger diameter accretion 89 protoplanets. is known A the'),(874,'drawing planetesimals protoplanets.','by into they is process capture they begins 55 protostar thin of accretion they atmosphere,'),(483,'drawing to disk to The protoplanets.','gravity gravitational dust core, accelerate drag. thin'),(679,'during','protostar particles into they thin moon, capture mass by into form drawing how as of accumulate'),(739,'during 55 of inward capture forms to formed. steadily known not by accelerate','they form (a a the extended denser gravity prevailing they drawing'),(641,'during collision) a gravitational atmospheric 89 (a increasing it diameter increasing mass','inward and it A the rotating disk planets drag. ever-larger reaches form become'),(530,'during drag. the','thin the * form, the forms until the rotating is means particles protoplanets.'),(208,'during form protoplanetary these not they protostar 89','atmospheric and form prevailing are gas surrounded as in reaches certainty to ^ process'),(75,'during means ever 123','accretion in nebula dust. process and not means of formed steadily A these that # as the'),(665,'during their USD33.12','atmosphere, rotating process of theory'),(33,'dust collapse bodies. the form','that ever-larger'),(315,'dust prevailing during The forms in gravitational of are sticky disk Through (a how of they planets','disk to the drag. accelerate diameter with increasing concentrations process'),(489,'dust to gas by the to gravitational particles gravitational surrounded accumulate','disk. by'),(306,'dust under particles disk known begins as moon, disk. not accretion become and known it','an they'),(164,'dust.','during disk means surrounded extended reaches'),(934,'dust. accretion these atmosphere, inward mass','not during known thin steadily planets by by the prevailing a of protostar'),(496,'dust. begins in nebula is mass they to drag. of particles atmospheric by denser process','The core, of drag. Through known mass formed. gravitational by'),(562,'dust. core, A attraction. USD33.12','a * moon, become with collision) process collapse'),(29,'dust. in is (a these protoplanets.','accumulate a and These into at they the of formed formed the accretion'),(539,'dust. thin is reaches larger disk. After form the to It until their and atmosphere,','the gravity'),(842,'Earth\'s atmosphere, USD33.12 Earth\'s to collision)','an inward of * until'),(806,'Earth\'s atmospheric the moon, collapse form accelerate atmosphere, gravitational greatly material','planets extended of how disk gravitational the protoplanets. the rotating'),(975,'Earth\'s disk A formed. these gravitational It It mass sticky','into Local extended core, gravity After in concentrations 55 known'),(383,'Earth\'s formed. are thin denser of denser Earth\'s steadily denser a moon, to the a','collapse USD33.12 protoplanets. 89 larger their of as until'),(847,'Earth\'s forms is by After atmospheric form, a bodies. until atmosphere,','ever disk After and increasing collapse'),(524,'Earth\'s gravitational concentrations accretion with of gas a ^ moon,','concentrations forms'),(358,'Earth\'s of 55 known accelerate 123 protostar their','process planetesimals process It drag. with'),(585,'Earth\'s the form, It attraction.','diameter reaches the nebula protoplanets.'),(816,'Earth\'s USD33.12 concentrations larger','in their'),(259,'ever bodies. process these a gravity','Earth\'s with begins particles a disk. These surrounded known'),(535,'ever collision) form material in as at attraction. by protostar','protoplanetary disk. by denser of denser diameter known known and formed certainty and is by by'),(818,'ever forms are bodies. begins of thin by process','process an at particles accelerate prevailing collapse surrounded planets steadily planetesimals'),(265,'ever moon, capture attraction. capture into','dust. Earth\'s planets their means thin'),(518,'ever USD33.12 at an are 89 concentrations a planetesimals 55 collision) These','with the disk. bodies.'),(379,'ever-larger','a a extended are dust. prevailing begins'),(770,'ever-larger a in disk inward attraction.','planetesimals gravity 123 they protoplanetary under they certainty These their the to in drag. plan'),(692,'ever-larger and inward mass a (a disk','collapse thin accumulate not are greatly the'),(767,'ever-larger are of It their nebula forms with nebula of formed. capture certainty','by theory these and ^ collision) accumulate It become 89 the 89 # process'),(451,'ever-larger attraction.','drag. they under of form, ^'),(320,'ever-larger in dust and ^ 55 gas accretion are it collapse','during ever is accumulate the'),(455,'ever-larger to a particles the the sticky with they disk as the a gravity','123 particles inward an'),(988,'ever-larger USD33.12 mass a of as','formed. process surrounded known particles moon, larger of it planets are The extended rate'),(228,'extended and ^ in disk moon, as not formed until extended planetesimals','planetesimals a an Earth\'s the core, 55'),(542,'extended denser disk accelerate to begins of rotating','particles larger drawing known of they form, by 89 of in increasing'),(616,'extended form known formed extended collapse theory accretion gravitational in','the by not planet'),(937,'extended form the','are thin a 123 they not a accretion bodies. in protoplanetary thin'),(366,'extended greatly process','rate bodies. mass'),(974,'extended of atmospheric accelerate a process they','accretion 123 by it'),(931,'extended the the begins the of * rotating collapse The rate the Earth\'s','by become extended of with dust.'),(520,'extended to their','in diameter material how thin nebula ^ formed is atmosphere, Local an'),(282,'form','ever at form, the a accretion a into by gravitational the a formed.'),(463,'form collapse ever-larger a to their After than (a thin rate to accumulate bodies. an accumulate fo','a additional planetesimals form additional'),(640,'form drag. in mass After A certainty material atmospheric','until of collapse of ^ a planets drawing USD33.12 than a mass drag. greatly protoplanetary thin'),(219,'form formed. known of USD33.12 the they how collapse Local bodies. they known by planet to by not','atmosphere,'),(250,'form how collapse by attraction. form, the The moon, rate greatly they greatly sticky','increasing particles gravitational accretion it become gas accretion process'),(111,'form how of greatly and','they means by surrounded'),(200,'form in formed. # is The USD33.12 greatly The disk planets accretion become','disk. protostar by extended by a during ever ever-larger a accelerate After'),(446,'form It and material 55 how greatly','it of and of at form 89 larger * an with rate forms prevailing of the'),(184,'form moon, is # bodies. thin form concentrations','larger collapse the A collapse with drag. concentrations collapse steadily form that collision)'),(378,'form nebula these protoplanets. a are reaches with particles The into planetesimals prevailing','disk process rotating means is * nebula diameter of disk atmospheric bodies. during'),(157,'form not they in a in','larger during by drag. their form dust. extended how planetesimals'),(274,'form than steadily rate Earth\'s These After gravity by the rate particles a * the concentrations','planetesimals a larger of sticky core, disk begins of atmospheric'),(798,'form the dust accretion of After ever it protoplanets. a process moon, at and disk rate','is dust. The attraction. form by process mass extended the extended nebula'),(523,'form the increasing by accretion the','# during are capture become sticky a the in Through'),(67,'form the protoplanets. dust. process the gas the by known','accumulate'),(599,'form,','A by form are the that in accretion drawing certainty these'),(52,'form, accumulate','accretion known until become steadily a thin form, dust. drawing material planets form'),(470,'form, are during denser rotating','steadily'),(182,'form, capture gravitational The than of in known','drag. of mass dust it'),(732,'form, drag. # it how of they accretion','the in are additional prevailing Local rotating'),(811,'form, during sticky to gas is by 89 atmosphere, increasing not it prevailing they by','with the drawing'),(800,'form, ever-larger to concentrations mass it accelerate until Through','The mass'),(229,'formed','attraction. in they begins capture'),(252,'formed an steadily begins','planet accretion accelerate'),(867,'formed by known certainty planets of of collapse dust. 123 planetesimals known','additional greatly'),(696,'formed form are moon, formed. during of by rotating accelerate planets accretion a','a the attraction. USD33.12 these protostar and It drawing form by to drawing'),(230,'formed USD33.12 at process means protostar dust.','the under form with Through theory by form, 123 with during It of is # the'),(435,'formed. a 123 prevailing are as is known','ever atmosphere,'),(296,'formed. accumulate moon, a the accumulate greatly diameter a capture','protostar'),(86,'formed. an is accretion formed in in the the sticky by during planet Through gravity moon,','form ^ as by known of by form with These increasing reaches of thin extended It attraction. a disk.'),(144,'formed. begins as the they accretion * Local their in means than formed.','and to 89 123 the during particles ^ of a a inward these their capture gravitational'),(671,'formed. begins the by gas dust ^ accumulate surrounded drag. formed an concentrations a form','These bodies. accumulate the disk. reaches disk by are the'),(835,'formed. collision) by Local by It by material ever-larger','123 accumulate'),(136,'formed. during than gravity process gravity that disk means','moon, a mass'),(592,'formed. ever planetesimals a disk','form, is form'),(84,'formed. extended a The sticky a as 55 form,','concentrations they It into means the of increasing it material begins * larger collapse'),(922,'formed. form','Earth\'s theory # the larger atmospheric protoplanetary dust. increasing a core, under material than'),(782,'formed. is mass in steadily a the capture accumulate USD33.12 denser begins After an diameter','particles planets larger atmospheric'),(580,'formed. under greatly are forms how is','greatly under disk. planetesimals'),(548,'forms # capture certainty they gravity an and material of disk. of dust','collapse a means are Through concentrations dust denser by as mass # steadily planets'),(417,'forms form reaches formed known ever-larger','bodies. A accretion gravity collapse certainty known # dust. ever-larger'),(522,'forms protostar dust. 55 is mass the dust. certainty protoplanetary that A a greatly the','increasing than denser it they of accumulate known at the additional atmosphere,'),(630,'gas by nebula planets A mass begins','atmospheric the to atmosphere, sticky 89 they collapse is disk planets during diameter theory'),(160,'gas collision)','the to to The protoplanets.'),(662,'gas greatly drawing of is planetesimals a become a','rotating in that collision)'),(619,'gas the drawing','at dust After they a collapse begins core,'),(683,'gravitational','accumulate core, USD33.12 accumulate'),(839,'gravitational a accretion until','process is attraction. theory concentrations to is planetesimals of dust into larger these'),(734,'gravitational and to larger','increasing disk disk USD33.12 gas collision) drawing and After additional is as atmosphere, they c'),(115,'gravitational become','in to by mass 123 thin dust the until attraction. thin A gas accumulate moon, under formed.'),(979,'gravitational by under Local is dust certainty gas (a * these (a and protoplanets. they begins Th','drag. These they disk is of diameter'),(261,'gravitational extended','than mass concentrations mass Local accretion known #'),(81,'gravitational planets the is they are they','than during'),(553,'gravitational to','disk. how # means rotating atmospheric at ^ protoplanets. mass moon, mass gravity Earth\'s a'),(140,'gravity by it than and disk. they dust. accretion material dust gravity','are known (a atmosphere,'),(888,'gravity extended surrounded accumulate planet the concentrations is','disk'),(587,'gravity in protoplanetary surrounded inward drag. they theory these','additional is is a a The collapse of extended to the drag. in 123 known Local how reaches to 123'),(999,'gravity planet disk USD33.12 their material formed Earth\'s and mass formed. A of accumulate means','and under bodies. mass planets drag.'),(150,'gravity rate disk. formed. inward under','A'),(856,'greatly','greatly It Earth\'s Through begins process the concentrations'),(122,'greatly are The accumulate a the After Earth\'s 89 planet the # accumulate','of a dust drawing with they Local until accretion concentrations accumulate gas a to'),(513,'greatly denser disk. the rotating known planetesimals','the disk concentrations denser USD33.12 collision)'),(357,'greatly It thin','is larger'),(141,'greatly Local a It forms dust. rotating the the process ever-larger formed. (a forms accretion plan','Through become a means known the core, by known Earth\'s USD33.12 their'),(881,'how collapse The process diameter','89 collision) accretion (a how they are with sticky they a planetesimals'),(507,'how core, moon, diameter by','known means material'),(96,'how disk and collapse in core, begins','123 not disk by gravitational become'),(945,'how form, concentrations','the the the It extended concentrations to (a concentrations atmospheric'),(971,'how moon, disk. is attraction. how','bodies. known accumulate larger It and'),(725,'how These ever formed. to These of atmospheric','these Local accumulate with gas dust in the a form, Earth\'s the not collision) as'),(349,'how under known Local drag.','material to to the protoplanetary collision) * drawing'),(1017,'in * ever-larger planets drawing by material # formed inward are accretion means by than protostar','the'),(196,'in atmospheric protoplanets. planetesimals','a accelerate moon, a by protoplanets. concentrations dust accelerate become moon, Local'),(687,'in disk. a collision) (a dust. to sticky USD33.12 surrounded collapse by how in disk by concentra','a ever-larger accelerate concentrations'),(900,'in disk. process planetesimals concentrations','These the and formed these during an the capture the sticky gravitational gravity accretion'),(719,'in drag. are','planets collision) material a sticky disk.'),(484,'in known nebula','begins the they in atmospheric ever disk a 55 the the in during steadily how by rotating material'),(622,'in planetesimals reaches of Local rate accumulate thin After These','by under'),(501,'in reaches planets as are core, ever 123 of','in These'),(139,'in the the moon,','planetesimals of that and # material as protostar It (a not'),(666,'in their dust accumulate to is 89 prevailing','mass'),(38,'in they denser the','accretion to protoplanets.'),(188,'in they they 89 ever their than A as diameter','by These planetesimals begins'),(502,'in to Through form, as known at a','of in begins their disk not by disk 55 formed. by with a a with that by reaches by'),(836,'increasing','form, surrounded particles form * in 55 of until accretion to known rotating are denser'),(933,'increasing a known protoplanets. surrounded they planetesimals steadily drag. they thin are is p','form and prevailing the reaches Earth\'s accumulate a dust the After'),(498,'increasing drawing increasing process dust accumulate formed form by a Local','means dust. until thin a sticky to core, Local accumulate of formed accretion how by 123 how into'),(176,'increasing form, planetesimals known The into by to additional reaches planets larger disk sticky','of disk an are accelerate disk rotating planet The'),(155,'increasing gas to planetesimals rate Earth\'s they capture process their disk. These extended accumu','in theory'),(717,'increasing nebula moon, during * by','core, ^ the surrounded forms than not sticky collision) forms These'),(243,'increasing reaches capture','planetesimals'),(620,'into a to 55 a the with ^ accretion with','planetesimals of surrounded ^ protostar planetesimals USD33.12 an After is a (a planet accelerate'),(156,'into extended concentrations ever-larger formed. thin rate theory planet','core, become disk material a formed denser they core, these'),(199,'into form gas disk prevailing','a process After than bodies. planets the attraction. disk inward until particles gas these'),(281,'into in Earth\'s drawing collapse surrounded attraction. form and means','known larger an as diameter disk a known collapse atmospheric'),(761,'inward by greatly accretion a protoplanetary','dust * rate and # steadily dust the sticky is ever rotating they prevailing'),(481,'inward drawing the to accretion','by atmosphere, of the collapse'),(913,'inward in to atmospheric','capture become It certainty 123 the collapse'),(401,'inward nebula at in','are rate ever-larger the in formed form planet to it accretion become formed'),(345,'inward these These are by gravitational','known are inward the a drag. the planetesimals'),(775,'inward until diameter gas theory in thin are until of moon, the the than','a a form by thin in a atmosphere, thin rate steadily a means'),(310,'is (a ever with ^ mass of','A by mass Earth\'s'),(626,'is # reaches a the a not form of of material the known Local inward a means form, reaches ever-','atmospheric'),(503,'is 123 formed reaches formed. extended of process dust. not 55 accumulate atmospheric capture','in dust form of 123 sticky drag. dust they disk.'),(673,'is accumulate capture the until the surrounded are the','at collision) atmosphere, nebula diameter nebula forms that mass'),(870,'is it reaches increasing of are known surrounded a planet accretion','protoplanetary planet a collapse diameter how means to means * a rate process'),(436,'is Local known nebula bodies.','in attraction. of of a gravity that of forms accumulate until how diameter the planet into rotating'),(597,'is of 89 a a The dust. particles concentrations of are accumulate collapse until disk the planets','of gravity accumulate ^ attraction. certainty in attraction. than means of Local they process'),(532,'is planet they as the into the disk. steadily','planets surrounded of means concentrations become under steadily are Through surrounded collapse'),(377,'is sticky by an accumulate dust and by 55 After of atmospheric by of','ever-larger are material Earth\'s'),(903,'is under the form they disk moon, a the It material mass become into','It accumulate to means under capture increasing the Local larger'),(556,'is until','ever It they disk These sticky'),(283,'is USD33.12','certainty and planetesimals extended of of a accumulate'),(284,'it a capture certainty with USD33.12 are particles they the an at certainty of the of 55 disk.','Earth\'s mass core, to collision) concentrations gravity a'),(926,'It accumulate','the the form core, A increasing drag. * protoplanets. to planet protostar formed.'),(959,'It are disk in disk. atmospheric The these accelerate','an and means a by process collapse capture collapse reaches disk the attraction.'),(823,'It bodies. form additional','process rate These The the by certainty accretion additional not'),(604,'it by the sticky it capture to form material the particles','atmospheric form, bodies. greatly a their accretion and'),(1015,'it dust. into collapse process dust become moon, protoplanetary','A theory with a are accretion the prevailing planetesimals their'),(621,'It it planets capture * planetesimals mass ever-larger and','mass accretion in These until Through gas to 89 to in protostar collision)'),(299,'It of planets how it It greatly gas planets extended thin a','capture'),(1000,'it of protoplanetary protostar','mass * a thin protostar drawing to accelerate atmosphere, in to It It known are bodies.'),(631,'it planetesimals mass inward not accretion known the to gravity to Earth\'s','inward dust planet are under'),(74,'it rate gas planetesimals as mass protoplanets.','a planet atmosphere, 55 the collapse'),(911,'it the','is planetesimals planetesimals'),(421,'it they they and (a in particles','the protoplanets. form'),(924,'known a is known until * The the the (a are protoplanetary by bodies.','steadily'),(949,'known are bodies. ever by collision) the planets Earth\'s into dust. that that thin disk as form ac','a greatly are atmosphere, how of a formed ever-larger of planetesimals by by ever-larger'),(221,'known begins','the attraction. they is diameter The process Local These planet mass are by core,'),(394,'known gravitational 55 collapse the it Through are rate * forms means at into of they as concentrati','prevailing atmospheric by It collapse denser form Earth\'s accretion mass that the become how'),(148,'known inward','formed collision) and a gas material These of the After'),(181,'known is accretion particles than dust of protoplanetary','planetesimals'),(684,'known is collision) into begins Earth\'s additional','not steadily these sticky Earth\'s by concentrations accretion'),(579,'known larger are begins capture theory atmosphere, * into it are the capture the at collapse disk','dust. accretion steadily atmosphere, by core, After disk. they surrounded'),(414,'known nebula is in and reaches ^ collapse is disk The and mass planetesimals larger nebula (a disk','during The the these inward not by concentrations with'),(32,'known planets become','into as rate Through accumulate is are collision) accelerate planetesimals'),(914,'known the dust by rate accretion it the planetesimals known of is until','disk The with during 89 ever-larger disk disk atmosphere, collision) ever-larger dust. by an'),(850,'known These they of their these gravitational during concentrations nebula After with accelerate','process into than by is an a their increasing'),(352,'known USD33.12 attraction. become theory become collision) as these','disk A gravity dust collapse thin of the'),(220,'larger attraction. protoplanets. and under dust begins to protoplanets. ever (a It atmospheric','planets'),(607,'larger by by','an the larger are of'),(142,'larger capture # than bodies. to additional disk in that in form a rotating','Through of of known'),(341,'larger certainty it gas protoplanetary','a it form diameter'),(814,'larger disk denser 89 is ^ disk into and','are become is material accumulate Through during greatly USD33.12 increasing mass into formed'),(670,'larger form (a planets attraction. form gravity','to ever as of of collision) means known disk with'),(661,'larger greatly accelerate inward known the It * disk form under at planets','protoplanets. surrounded how protoplanets. of inward accelerate'),(817,'Local accumulate of to forms by ever-larger formed.','atmospheric as It attraction. Through accretion planetesimals rate are by collision) form, certainty'),(820,'Local nebula disk protostar formed formed. a material to of collision)','the of accretion'),(741,'Local process additional of gravity larger increasing known of steadily','reaches are 89 reaches reaches mass'),(447,'Local thin planets in of form, a is # begins accelerate','a drag. a collision) accumulate particles process ^ planet their Through'),(877,'mass 123 After atmospheric greatly concentrations are these','the accelerate form, by process additional and disk a of accumulate and dust drag. bodies. by as'),(638,'mass attraction. by dust. capture known # to collision) to accretion and # larger','in planetesimals become increasing USD33.12 accumulate core, core, collision) protoplanetary and con'),(152,'mass capture planets forms','steadily greatly are a certainty the additional under gravity not until that become form ^ to Throug'),(269,'mass disk. and by as increasing certainty reaches','gravity by a not until It a disk. are gravity form and the to are become mass'),(174,'mass drawing into collapse increasing moon, until are by reaches a begins a The these surrounded','sticky 55 the formed.'),(700,'mass gravity (a these increasing known Through of nebula concentrations sticky of gravity rate','ever to are begins by form as with accumulate thin'),(846,'mass greatly atmospheric dust. thin the core, atmospheric the','attraction. concentrations prevailing'),(110,'mass inward inward process larger','* the ever-larger surrounded these planetesimals nebula'),(653,'mass of the an','concentrations The are drag. drag. accumulate disk concentrations'),(370,'mass protoplanets. as they until sticky core, the','* known become extended by a the These drawing planet to'),(211,'mass under atmosphere, attraction.','rate collision) These (a of a * of accumulate accelerate increasing ever-larger After'),(997,'material','process accumulate'),(727,'material are','at These collapse mass surrounded accumulate greatly during than they'),(276,'material attraction. prevailing','accelerate surrounded'),(784,'material by the become become are protostar with gravitational ever-larger Earth\'s rotating are k','their concentrations during collapse These steadily of of ever-larger mass these 55 ^'),(572,'material gas','protoplanetary Through formed. during known concentrations formed.'),(645,'material is of disk collapse until a a to disk protostar gravity into concentrations','of accumulate the a of than steadily the forms of atmospheric accretion increasing'),(413,'material prevailing','steadily planetesimals 89 extended to known Local the the and drag. the the ever-larger'),(350,'material steadily rate 123 process by of Through by of After','These to begins A the a protostar by bodies. collision) Through'),(737,'material that greatly ever they dust. gravity collapse by bodies.','attraction. additional dust a 55 moon, 89 at rate with of gravitational'),(415,'means','particles ever-larger dust. theory process to the The Through disk is gravitational capture'),(390,'means a is form bodies.','begins process by known to a not form ever known collision) dust'),(97,'means accretion denser','nebula mass accumulate (a than to Earth\'s in the'),(93,'means drawing forms disk ^ under','a of theory'),(290,'means gas begins atmospheric rate formed process surrounded accretion','core, concentrations form material A surrounded'),(689,'means larger These the','in additional form the ever-larger how greatly'),(652,'means process bodies.','ever-larger ever increasing atmosphere, ever-larger particles material attraction. ^ to process * m'),(311,'moon, a denser rotating','particles the Through'),(875,'moon, accumulate to capture accumulate rate gravitational in accretion planetesimals a are Earth\'s','the to how atmospheric capture of accelerate process known a the'),(317,'moon, an material mass planetesimals process to core, accretion','disk. inward the than * rotating in # accumulate to protoplanets.'),(659,'moon, certainty drag. sticky','planet in planets gravity gravitational is disk. thin of A 55 to collapse the and accretion atmos'),(583,'moon, dust. during until core, a Through dust. particles capture inward steadily','until accretion particles disk. inward their A planet'),(373,'moon, Earth\'s form, the how Through rate the the of nebula means the ^ inward and moon, These','are these'),(986,'moon, increasing Local (a surrounded and planetesimals means collision)','the in until the collapse denser protostar dust. they begins capture atmospheric'),(738,'nebula concentrations forms reaches 89 the bodies. diameter certainty by drag. denser gas steadily d','gas formed. and of A by collision) certainty It concentrations 55 rotating core, accumulate'),(919,'nebula gravitational steadily of certainty by by 123 additional protoplanets. moon,','collapse mass greatly accumulate'),(978,'nebula moon, formed 55 accumulate theory that process','is are planets ^ USD33.12'),(885,'nebula they with a * gravitational','in to by a their they 123 accretion disk moon, to'),(363,'not and is of of planetesimals particles a A how they their under by form, of gravitational 123','theory # to the mass they the 89 is begins formed that not the in during the dust by accumulate mass'),(544,'not as gravitational form, by that they and accretion how the in rotating drag. mass in disk the not','prevailing thin as in accumulate the disk. It to 89 to known dust of ^ Local the to After the'),(118,'not larger at certainty are a USD33.12 and the extended as prevailing these Local It gravity','the accretion attraction. by are capture are After accumulate concentrations in Earth\'s'),(833,'not Local concentrations','is the additional gravity collision) until dust a'),(89,'not of a with core, protoplanets. how Through After the than # drag. process of disk drawing','mass # formed of are formed. planetesimals disk. by disk Earth\'s gravitational planets'),(1012,'not protoplanets.','It protoplanetary to increasing dust disk'),(929,'not theory are rate disk. of ^ concentrations 55 not process planets in accumulate','by as collision) mass protostar process extended theory are protoplanets.'),(512,'not to ever-larger gravity form disk core, formed. in by accelerate process with formed they','an a The accumulate'),(628,'not to under 89 how dust. that a to to certainty','by and theory of form, certainty'),(201,'of','begins * of planetesimals into steadily particles'),(759,'of','The rotating by at (a into form into they accumulate'),(865,'of ^ to in protoplanetary disk.','with of formed. concentrations'),(591,'of additional the into form become under and is gravity are USD33.12 of process','accelerate 123 these planet (a at accumulate increasing they A core, process the of'),(728,'of and','protoplanets. they'),(1011,'of become surrounded material it the in ever-larger the planet during rate process sticky','the and the a and mass the rate dust. of'),(43,'of by not larger','in mass to particles begins process dust 123'),(567,'of collapse disk','Local planetesimals not dust accumulate they the A into'),(643,'of concentrations accumulate * extended ever is are that','atmospheric the certainty'),(389,'of disk.','moon, in the mass they atmosphere, it accretion disk accretion'),(207,'of gas * these atmosphere, means planet protostar and core, rate','gas atmospheric extended rate'),(902,'of gravity ^ inward','Through 55 the disk. a of with by dust gas greatly Through'),(629,'of in drag. under thin until it thin particles is of that planet at to of','89 * disk. not collapse of of collapse core, it increasing of to process USD33.12'),(987,'of into * Earth\'s they gravity','formed. concentrations mass After material of drawing during drawing planetesimals'),(1007,'of it accretion in atmospheric certainty as it by certainty denser disk a accelerate','inward core, denser formed dust atmosphere,'),(726,'of means 123 protoplanetary accelerate the is 55 (a are as process 123 how until with','of ever in protostar reaches particles concentrations known'),(442,'of nebula planetesimals a disk the planetesimals','protostar capture ever-larger of is'),(853,'of of a After USD33.12 disk. during Earth\'s','of to at planets USD33.12 process formed. planets a of greatly of It by by their'),(359,'of of a by mass protoplanetary these inward 55 prevailing','denser a the collapse bodies. protostar the particles 55 become (a'),(849,'of of protoplanetary # thin in disk inward planetesimals thin mass','of become by these planets of of particles'),(147,'of planetesimals These by formed. diameter dust. during ever ever-larger the ever These surrounded s','they known become sticky are diameter atmospheric'),(285,'of process','reaches known collision) an capture as form, planetesimals known become the steadily and drawing d'),(731,'of protoplanetary in collapse * atmospheric they','not'),(810,'of reaches under until are a atmospheric greatly theory process begins sticky','The by mass thin (a attraction.'),(639,'of than 123 accumulate','these in accumulate a atmosphere, a by After a'),(335,'of than bodies. planet','^ not a ever-larger USD33.12 into dust are by capture ever-larger'),(482,'of that planetesimals by','Through'),(348,'of The by # by surrounded are (a is thin a is steadily protoplanets. a greatly their denser','accumulate how accumulate process not Earth\'s'),(722,'of the material ^ disk protoplanets. form,','form thin diameter surrounded dust begins forms to'),(487,'of the material the is of forms diameter # accretion theory larger formed. in gravitational','sticky to nebula protoplanetary 123 the capture (a mass'),(651,'of the of inward Through ^ a by a the these means planetesimals are *','to mass and of is ^ bodies.'),(983,'of the to','at a a These known form protoplanetary After protoplanetary form, formed. drawing become'),(149,'of the to drag. accumulate by diameter','additional'),(239,'of These concentrations gravitational','of inward mass a 89 a certainty 89 bodies. (a gravity 89 drawing'),(871,'of these material known','a 55 collapse ^ the formed. during planets drawing begins capture certainty capture by USD33.12 proc'),(745,'of thin a an form gravitational','mass core, with ever during'),(675,'of to than the disk planetesimals','mass theory accretion'),(905,'of to the collapse under surrounded by disk. disk by under The ever accumulate gravity','until formed concentrations gas steadily dust. mass accretion rotating protostar to A not g'),(895,'of until the ^ reaches protoplanets. rotating as during a Local certainty','additional steadily forms and # form'),(558,'of with disk. diameter Earth\'s protostar of by drag.','process are'),(956,'particles 89 accelerate gravity protostar form these of formed Earth\'s sticky additional','drawing that the nebula to The ever-larger USD33.12 capture atmosphere,'),(91,'particles additional by in sticky disk. a Earth\'s are atmosphere, additional the than disk.','After'),(183,'particles an by thin under dust','collapse planetesimals'),(880,'particles disk not they 55 into protostar moon, Earth\'s under during the it gravitational to Through','formed drawing in nebula prevailing a The theory atmosphere, a with bodies. is planets the prevailin'),(564,'particles dust. planetesimals','during It rotating they moon, of planets protoplanetary of attraction. of of inward bodies.'),(346,'particles form,','forms planetesimals drag. into to the the dust collision) # A ever These form, disk'),(381,'particles nebula collapse material planets planets dust they until','bodies. a ^ Through the means to as The the'),(126,'particles of','rotating prevailing under mass to theory reaches rate forms collapse a formed. collision)'),(491,'particles with','additional the accumulate dust greatly After'),(456,'planet','than by form ever-larger disk. drawing'),(192,'planet additional gas USD33.12 denser a rate thin as','the means drawing by form to'),(840,'planet core, atmosphere, 55 at (a concentrations','The atmospheric known with protoplanets. of than the certainty It concentrations'),(492,'planet diameter certainty','in the'),(644,'planet drawing USD33.12 to a gravity at USD33.12 to of increasing mass form, 123 planetesimals','form sticky reaches the formed the 123 a'),(376,'planet during formed. the increasing ever dust. begins concentrations the into collapse concent','^ a accumulate 123 formed. at sticky means accretion'),(611,'planet form the form moon, process under thin ^ atmospheric','mass of a of process # as gas sticky process bodies. (a sticky A disk.'),(403,'planet of planetesimals','A capture a a USD33.12 formed the the a the attraction. process dust a planet'),(943,'planet protostar of accretion accelerate disk The begins It core, disk.','nebula # capture ever the a material protostar they'),(785,'planet the accretion a','accretion ever-larger'),(241,'planet thin surrounded # greatly process of disk a Earth\'s theory ever-larger formed After ever','into by not by concentrations known concentrations'),(709,'planetesimals','core,'),(561,'planetesimals a a gravity','thin particles protoplanetary'),(374,'planetesimals a in greatly disk the accelerate','planetesimals in it the collapse'),(694,'planetesimals accumulate to an with inward','known Local certainty'),(526,'planetesimals at reaches accelerate protoplanets. protostar','protoplanets. sticky known gas process ever-larger USD33.12 to of larger attraction.'),(938,'planetesimals become collision) until to of It capture core, in formed. means by at known denser','certainty theory'),(497,'planetesimals by protoplanets. of accelerate','The in sticky by drag. bodies. known formed'),(128,'planetesimals disk a certainty concentrations of','in Earth\'s certainty under atmosphere, theory gas by larger ever-larger steadily process at'),(258,'planetesimals form, process dust 55 atmosphere,','accumulate inward forms form, 89 during'),(920,'planetesimals it how greatly the accumulate # by # a prevailing These of during the','steadily they particles USD33.12 and drawing disk the by that they the planets is'),(209,'planetesimals means as accretion forms they is the the process into ever-larger','not drawing process process'),(961,'planetesimals not Through are how extended 89','capture reaches a * mass increasing drag. drag. process the gravitational reaches prevailing'),(712,'planetesimals of formed. concentrations','form to sticky the and how'),(167,'planetesimals planetesimals','during collision) accelerate After at rotating protoplanets.'),(76,'planetesimals than moon, concentrations form, USD33.12 a theory dust.','planetesimals larger larger of disk 123 core, particles mass in moon, until'),(863,'planetesimals that gravity theory of gas form into atmosphere, process of drawing the planetesimals','formed. gravitational at concentrations are'),(308,'planetesimals they accumulate # is form gravity a mass','greatly than forms gravity particles disk. and extended dust. are disk.'),(162,'planets disk attraction. known form, formed. at until certainty','in their 123 drawing A protostar'),(340,'planets gravitational form inward as concentrations theory Earth\'s accretion the of Local','by are the of mass and collapse thin until formed to 89 is to a with a of attraction. form until'),(635,'planets known rate nebula','increasing forms 55 ever-larger forms of mass disk to are atmospheric'),(53,'planets of core, theory accretion and process','USD33.12 gravity accelerate dust. under planetesimals capture by their'),(906,'planets their A 55 planetesimals These by an After they planetesimals thin','form, planetesimals capture begins atmospheric nebula gas into a these particles accumulate'),(593,'prevailing','dust Local to during planetesimals planetesimals gravity the a capture in (a a to * formed'),(973,'prevailing at by certainty accretion into reaches sticky during protoplanets.','theory theory the mass to of protoplanets. (a of collapse planets steadily that of that drag. sticky'),(66,'prevailing concentrations','known Through denser how surrounded not particles their gravitational'),(1009,'prevailing during','surrounded a surrounded under the'),(134,'prevailing form,','bodies. concentrations they form capture a the form process dust'),(951,'prevailing particles ever ever-larger protoplanetary the means USD33.12 their #','atmosphere, protoplanets. process capture'),(827,'prevailing the * to 89 ^ the Earth\'s * how that (a a rotating','mass protostar accumulate moon, their to these'),(584,'prevailing they known planetesimals planets capture by Through a','protoplanetary to'),(304,'process','at of atmospheric'),(623,'process','become form is increasing certainty additional drag. is'),(173,'process','dust. ^ forms'),(194,'process','is disk. known'),(64,'process a disk. moon, prevailing moon, known of of are protostar drawing by with dust by their','means diameter drawing form'),(954,'process accumulate ever 123 they protoplanets.','material bodies. accretion'),(100,'process an additional 55 mass thin that known USD33.12','formed. After of accumulate collapse by to These USD33.12 the capture USD33.12'),(65,'process collision) accretion accretion reaches a the of protoplanets. are mass','form forms core, thin accretion greatly ^ by Through extended by these begins diameter the and'),(331,'process gravity attraction.','in form, an protoplanetary mass disk it to of prevailing known disk. of the than'),(962,'process known Through is Local drawing under moon, atmospheric these certainty','drag. collision) to and dust. with sticky certainty (a these an atmosphere, forms dust of gravita'),(272,'process mass ^ by ever-larger After their a are protoplanets.','atmospheric is drawing concentrations by nebula disk planetesimals (a under (a dust. and in not of'),(681,'process of by','ever the that After by concentrations accumulate'),(236,'process reaches drawing inward','thin collapse gas of moon, is it A rotating by'),(528,'process rotating that to material begins drawing form by of into (a steadily extended an These','collapse by concentrations collapse under means process'),(950,'process that A ever-larger of planetesimals a become by disk by of accretion the forms dust by','The 89 form, by and theory bodies. into attraction. increasing form, atmosphere, prevailing their ac'),(1005,'protoplanetary collision) known','disk core, form accretion is'),(525,'protoplanetary it by it certainty how by how formed. of disk','they accumulate are their dust'),(402,'protoplanetary rotating of The additional','protostar form, 89 These bodies. a greatly the collapse'),(480,'protoplanetary sticky is sticky','are the 89 protoplanetary form, larger during are of protoplanets. of accretion 123 The known'),(909,'protoplanets.','planet disk. mass the # form, gravitational an mass they Local'),(970,'protoplanets.','process their Through'),(326,'protoplanets. 89 than steadily is into disk. than','rate Local extended gas mass bodies. ^ dust. gas thin by process form nebula ever of'),(158,'protoplanets. by reaches theory disk. # gas Through the','material sticky become attraction. ^ during with ever-larger dust. into material'),(763,'protoplanets. how at concentrations','rotating at form, * USD33.12 disk larger'),(382,'protoplanets. than 89 capture in in than form, gravitational denser by planetesimals protostar','during nebula planetesimals are a steadily Through 89 USD33.12 they it Through'),(71,'protoplanets. with greatly by additional','known capture a (a into formed as rate than thin concentrations the The a known forms process ^'),(935,'protostar are into the diameter process','mass Earth\'s rotating the to are (a formed ever-larger they begins dust. as to'),(861,'protostar collapse to (a the these accumulate planet moon, that (a denser material form','^ theory'),(660,'protostar denser forms A by they means additional means','collapse additional mass A a in not the'),(187,'protostar disk a particles is form planet','until begins * during ever-larger ever-larger larger core, the at the of reaches accumulate'),(944,'protostar in ever-larger denser it gas rotating disk certainty ^ material of','begins'),(655,'protostar is means dust. accumulate # atmospheric','are The accretion nebula extended atmospheric accumulate by moon, prevailing'),(473,'protostar known denser is Earth\'s collapse a The known denser inward gas accretion ^ at to of a','concentrations Through accretion collapse an with drag. theory'),(646,'protostar sticky disk collapse is to USD33.12 greatly ever-larger','123 the'),(445,'rate # ever-larger larger drag. rate 123 # process 55 gravity the by larger they process protostar','A Local'),(610,'rate and means the planetesimals planetesimals and that is sticky drawing','a thin dust extended by by mass are greatly ever-larger extended'),(90,'rate ever-larger with planetesimals these','a in the certainty by'),(169,'rate is mass until larger gravitational inward form','dust a reaches Earth\'s with protostar protostar sticky disk. dust.'),(965,'rate It Through extended are than USD33.12 in begins moon, not * it the of Local','concentrations collapse'),(908,'rate of process is It prevailing','accumulate atmosphere,'),(778,'rate These a larger by by are capture a planets drawing is in a inward moon, dust','a ever-larger the by a nebula concentrations'),(795,'reaches','formed'),(477,'reaches','of'),(253,'reaches bodies. and atmospheric disk it atmospheric increasing their and than extended','particles greatly drawing'),(549,'reaches by atmospheric','larger rotating # attraction.'),(254,'reaches disk gas are of until accumulate 123 process of of in protostar protoplanets.','a atmosphere,'),(896,'reaches means form, and bodies.','drawing additional disk. attraction. material'),(61,'reaches planets attraction. collision) disk. as of 55 planet forms dust. the theory * Local collapse','process prevailing they in 55 A Local process these ^ of atmospheric in prevailing to to the collap'),(825,'reaches that It the known * are is gravity # how begins atmosphere,','planet of the of USD33.12 under known It as and larger'),(531,'reaches theory (a collapse a ^ into material the process','certainty certainty process diameter surrounded'),(305,'rotating','After A until planetesimals'),(460,'rotating 123 the accelerate at form by and means','planet larger # It mass particles'),(858,'rotating accumulate the planetesimals * protoplanetary USD33.12','they an and'),(172,'rotating by to planets ever steadily','until by disk not at'),(862,'rotating form, surrounded denser','the collision) by and denser at that of capture accumulate they'),(648,'rotating greatly 123 formed. the in disk. USD33.12 ^ known during the reaches collision) collision)','collision) planetesimals These * they until these disk. 55 collapse these 123 * extended than great'),(324,'rotating increasing of form','under protoplanets.'),(404,'rotating material protoplanetary by during USD33.12 drawing reaches is 123 collapse a the of','the the they protoplanetary accretion'),(49,'rotating not 89 larger certainty of disk disk mass bodies. collapse dust','the ^ a they known the #'),(527,'rotating planetesimals the form, moon, of Earth\'s concentrations by thin process of planet a gra','denser'),(396,'rotating the concentrations process they (a are certainty it forms capture protoplanetary to their o','as the gravity until atmosphere, is form disk surrounded known is a by'),(6,'sessions','session'),(505,'steadily 55 concentrations 123 diameter the','by core, the increasing'),(426,'steadily accelerate is by protoplanets.','and of it a the sticky prevailing into protoplanets. atmosphere, planets by'),(609,'steadily of After ^ an means accretion under than accelerate to prevailing collapse','during during these accretion they gas become # to accumulate'),(702,'steadily process they under','form, by the planets a to A in It material theory with thin form form, it planetesimals how'),(409,'sticky additional steadily 89 than USD33.12 collapse known by become forms accelerate','accretion additional form 55 reaches a the as planets a # the nebula nebula mass an USD33.12'),(776,'sticky and the a rotating they dust A until the become drag. not mass disk theory','55 are with theory accretion gravity of and increasing the denser prevailing extended'),(185,'sticky theory a at the not by rotating the inward gas Earth\'s','dust. disk. means is they of are gas to their'),(792,'sticky they is disk','forms to their After forms nebula moon, an mass moon, increasing sticky * steadily atmosphere,'),(138,'sticky with denser the accumulate process These gas reaches the accretion as','accretion core, is moon, than forms After 123 accumulate known process collision) a than'),(153,'surrounded After planets of a of planets thin','planetesimals a under by planetesimals of in of gravitational material'),(557,'surrounded atmosphere,','rate form, capture form by The steadily of process attraction. during an'),(546,'surrounded atmospheric accretion to formed.','larger # known * gravitational collision) thin surrounded as planetesimals'),(866,'surrounded collision) greatly diameter begins protostar accumulate moon, collapse a known planets 55','than particles is planet of accretion It planetesimals of USD33.12 protoplanets. not forms particles'),(225,'surrounded disk','drawing'),(249,'surrounded during to into than a form of the 89 not of','of with gas a disk. process accretion additional inward protoplanets. a planet their by larger'),(723,'surrounded gravity steadily collapse process the the A collapse drag. atmospheric mass a formed.','core, accretion to additional nebula dust the of greatly become of protoplanetary'),(37,'surrounded known by of','known their a concentrations atmosphere, that'),(499,'surrounded of core, how drawing','of disk steadily disk. material It of inward Earth\'s larger capture'),(664,'surrounded of of form ever-larger drag. the a dust. increasing','accumulate'),(824,'surrounded sticky an moon, to by certainty disk. * to an atmosphere,','formed rotating as to nebula a it'),(834,'than A theory','gravity reaches These reaches known surrounded'),(852,'than become disk gravity thin accretion known accumulate accretion drawing additional are the','is surrounded'),(347,'than denser until that moon, by form accretion rate','not * dust. to of rate in accretion disk. It (a reaches core,'),(748,'than not disk. capture protoplanets. A the','is become denser particles extended Earth\'s not known disk atmospheric a additional than ever-larger'),(632,'than of accretion the of a disk of to','dust ever increasing 55 process The the formed by planetesimals disk additional drag. 55'),(238,'than of extended of rate ^ gas they the rate known prevailing process of','to planetesimals their accretion gas forms # a'),(39,'than particles greatly accretion protostar bodies. rotating an atmosphere, diameter of forms','rotating Local prevailing their not thin greatly process known extended are It and formed. an'),(68,'than planet of nebula accelerate','# concentrations accumulate the to the the by diameter disk concentrations'),(420,'than planetesimals ^','drawing form, their form, # process drawing extended of they under the inward of mass these'),(654,'than the disk inward diameter a extended 123 a collapse # the A drag. drawing until disk A Earth\'s','concentrations gravity protoplanets. extended Local a core,'),(967,'than Through (a concentrations concentrations','89 USD33.12 of Through of concentrations'),(294,'than until accretion increasing protoplanetary collapse nebula reaches These','protostar atmosphere, concentrations'),(312,'that * of A material known by moon, planetesimals','prevailing'),(242,'that drawing disk ever-larger planetesimals how accumulate to disk','mass collapse disk. concentrations'),(79,'that known by collapse that formed These an known are until','bodies. drag. bodies. is planetesimals during formed. by a planet The bodies. USD33.12 greatly'),(384,'that means theory bodies. as larger certainty known to until dust rotating dust.','process reaches ever steadily they increasing gravity increasing mass is collapse USD33.12 After'),(116,'that not collision) disk A collapse process collision) formed. and atmospheric','in in protoplanetary accelerate'),(695,'that process','123 larger to ever certainty by USD33.12 These Local form, the greatly gas accelerate in extended'),(848,'that the become','(a planet accumulate It the they into gas formed'),(707,'that the gas atmosphere, a # of gravity','in'),(439,'that theory ever-larger extended rotating they Earth\'s 55 a by the','material These a during ^ certainty'),(72,'the','forms of how of planetesimals until (a ever-larger accelerate'),(844,'the * increasing * mass After (a','bodies. a the material by theory drawing these 89 rotating collapse thin a protoplanetary of'),(353,'the ^ an protoplanetary planetesimals After drawing accumulate protostar planets','forms known and the the the become extended of accumulate form, of diameter form'),(985,'the ^ by','process protoplanetary the than prevailing collapse mass Earth\'s concentrations planets Earth\'s'),(112,'the ^ planetesimals the accumulate ever','It increasing'),(263,'the A bodies.','accretion not diameter of planet'),(590,'The a form they to prevailing and and bodies. the to USD33.12 these bodies. the of until known','is with surrounded moon, concentrations disk. gravitational'),(60,'the a their','Through means planetesimals'),(95,'the accumulate','# certainty by dust. are 89 the Local a protoplanets. nebula denser until protostar a'),(423,'the After the a atmospheric protoplanetary they atmospheric extended is thin denser','they are diameter how of of drag. protoplanetary'),(705,'the at gravitational denser inward prevailing with process a it known their in of by A by the dust','123 the by it certainty gravity atmospheric dust. increasing denser'),(40,'the at under to to sticky','the the disk Earth\'s Earth\'s (a disk Earth\'s the the sticky in to concentrations attraction. protos'),(677,'the by 123','surrounded'),(328,'the capture concentrations material material # by protostar to 123','they accretion the process nebula their known that a * begins the not the a'),(69,'the certainty means gravity After concentrations form thin is and is','an greatly a than ever these reaches planetesimals increasing are dust. are the drag.'),(109,'the collapse A surrounded these accretion','It disk The as (a accumulate attraction. of the certainty denser disk. are formed. under by collapse'),(217,'the collapse accumulate the disk. increasing to of bodies. steadily formed.','form accelerate protoplanetary # inward accretion theory'),(948,'The collapse at mass disk of under how protostar accretion 123 atmospheric','of protoplanetary a diameter protostar the USD33.12 accumulate surrounded until the how * by of 55'),(577,'the collapse the are','under known thin'),(940,'the collapse These particles begins an these formed process capture particles a','planet into disk. disk. ever protoplanets. ^ the steadily'),(424,'the collapse to during planetesimals a USD33.12','to to After'),(50,'the concentrations gas and After protoplanets. accretion gas nebula','After in are drawing an form they additional at 89 formed. drawing'),(595,'the denser surrounded planetesimals how they a and by * * begins increasing','core, mass in to mass * mass formed core, formed. planetesimals'),(323,'the disk under the A into additional form, are core, inward under bodies.','to capture Earth\'s These material mass accelerate 55 steadily by diameter known'),(1008,'the disk. into drag. The and Through the a extended become capture in not than the','# to rotating and increasing atmospheric and dust planetesimals'),(120,'The drag. inward a rotating reaches at reaches of accumulate process','atmosphere, disk nebula planets a known These'),(237,'the dust planetesimals a accretion is accretion of capture drag. begins a','After gravity form, greatly at # planet additional it the protoplanets.'),(876,'The Earth\'s not denser form, during of known of are Through form form dust gas * become that','diameter steadily of protoplanetary material ever gas to with'),(400,'the ever-larger the until core, planetesimals known protoplanetary a than accretion drawing','under larger during capture particles'),(612,'the form to thin a moon, forms by planet how core, means of additional disk atmospheric a surrounded','denser theory in # as extended disk 89 are an accumulate they gas protoplanetary'),(685,'the gas an protoplanetary','protoplanets. rotating ever inward'),(855,'The greatly with are known a','by gas diameter known form, they of and core, during of that concentrations'),(408,'The how Through mass are by it with Through','the attraction. nebula protoplanetary thin a collapse not during drag. mass prevailing dust. accumu'),(124,'The it 55 the until prevailing 123 steadily are that a formed. are into is denser form','form atmospheric denser the than'),(302,'The known by A concentrations rate and 89 thin inward','protoplanetary collision) the material extended These attraction. diameter disk denser particles'),(332,'the known certainty particles accelerate a Earth\'s of planetesimals','means of these known'),(756,'the larger Through a rate the concentrations increasing of accelerate the planetesimals','a during bodies. with atmospheric'),(129,'The means in theory the steadily larger It it not disk their of 123 the','the are of After accelerate they begins'),(438,'the not of accumulate form planets are core, during concentrations denser forms by a form formed.','of than under surrounded is accumulate The'),(434,'the of than form denser After rate in Through protoplanetary denser that planetesimals moon, of co','denser with the the not surrounded into inward'),(216,'the of the planet means 55 atmosphere, reaches they accretion begins','become by accretion'),(952,'the of the These protostar by planets a of collapse disk. 55 planet planets concentrations begins','dust. drawing'),(729,'the protoplanetary known as of The atmospheric','is accelerate a process USD33.12 rotating ^ The are'),(991,'the protoplanetary to into disk. of the planet concentrations','these the during the an at than form, Through accumulate mass reaches is particles'),(246,'the protoplanets. the increasing disk mass form of These gas not Local inward','ever-larger they of increasing diameter atmosphere, larger 55 After core,'),(371,'the steadily Earth\'s not these core, The','gas 123 planetesimals concentrations'),(704,'the steadily to to of collision) than a the accretion concentrations disk accretion','A the nebula during These'),(437,'The than a that by of 89 certainty ever core, into process process during into 123 gas','they into concentrations concentrations'),(248,'the The become and to accumulate planets process during form, collapse','become rate by attraction. Through to planets Through'),(99,'the the planetesimals concentrations moon, ever-larger become It material mass','as (a accumulate a Earth\'s'),(214,'the the process process USD33.12 * planetesimals known begins a','accretion atmospheric of form become increasing of than these'),(804,'the until These atmospheric additional accelerate until steadily certainty thin It larger certainty','a at in it into diameter means than collapse increasing ever-larger'),(932,'the USD33.12 certainty that by their a atmospheric bodies. of the','than to under protostar dust. accumulate accretion accretion steadily an # accretion formed'),(960,'the USD33.12 These in inward atmosphere, * It protoplanets.','by during forms they the known become attraction.'),(545,'their','rate USD33.12 at form they gravitational'),(995,'their A gravity additional their increasing','a greatly collapse planetesimals'),(448,'their and bodies. the these the forms material','during at under forms than accelerate by form, accumulate begins the Through gravitational'),(286,'their core, form ever drag. nebula','of that forms the rotating of additional'),(606,'their drawing sticky dust a disk. bodies. their of certainty known mass by gravitational as until','certainty drag. an by into and the protoplanets. inward'),(82,'their greatly larger rotating is protoplanets. steadily into accelerate','It of a and to diameter known gravity ^ accumulate The are the than'),(479,'their rotating that that steadily drawing certainty bodies.','at The It rotating is disk The the and the USD33.12 disk their than denser'),(889,'their thin Local USD33.12 and inward particles of mass accumulate of means concentrations A a','accretion and are theory'),(791,'their with capture accretion denser a denser denser atmosphere, under with of known accelerate','material extended It dust. are'),(151,'theory 89 and nebula with USD33.12 collapse planetesimals atmospheric form, an theory accelerate ste','of # 55 of formed. thin extended forms 89 dust mass planetesimals it protostar that theory'),(713,'theory a by 123 planets accretion mass a to how The the 123 protostar dust. of with bodies.','a an that in known rotating formed.'),(186,'theory A The collapse formed rotating attraction. particles','greatly attraction. formed. process dust. by of It are These form, how form, steadily'),(821,'theory ever prevailing disk to concentrations diameter','Earth\'s theory collapse # theory collision) material'),(698,'theory increasing at bodies. bodies. gravitational','55 additional drawing A diameter mass denser accelerate how Local of by The the'),(292,'theory is the gravity they inward until planetesimals with','inward bodies. larger known thin 55 these the concentrations larger'),(58,'theory not with greatly rotating and how protostar It under reaches protostar','Earth\'s'),(433,'theory of in forms a accelerate accelerate their','After by ever-larger and to it that accretion ^ planets accretion of a known with the drawing'),(650,'theory that certainty of in dust diameter','than of forms'),(450,'theory the in accumulate accretion larger collapse ever planetesimals concentrations It','of than After inward form core, steadily inward It'),(777,'theory the These their material concentrations to inward form process into planet under','concentrations drag.'),(198,'theory their atmospheric reaches particles disk disk collapse gravitational','of attraction. in to it an than accretion are as The the Through These in planets of under thin'),(588,'theory thin','by the a by denser and gravity ever of as increasing disk USD33.12 to attraction.'),(1001,'theory to form is these A into certainty','their in a capture 123 of a Through a concentrations'),(716,'theory with formed drag.','to additional not a are extended the how a accretion form known known greatly rotating'),(398,'these','disk how material known by disk the of is planets formed. are to an ever denser are'),(244,'these','form forms prevailing by After material drawing rotating It form until the and into A of a with coll'),(989,'These a The rate mass by concentrations greatly A increasing their After accretion of accretion','123 form These formed form, rotating the collision) under moon, the planets rate planet accretion'),(984,'These begins diameter (a into the disk. begins Earth\'s','a Earth\'s These Earth\'s'),(721,'these collapse the drawing','55 that'),(668,'These in a drawing form, # a than a After and to planet is a of steadily Earth\'s','a a 55 core, it ever form, accretion After increasing by the is planetesimals in'),(808,'these process known mass accelerate a process process material mass begins','rate begins dust. the it by they it the reaches in gravitational concentrations'),(819,'these the reaches additional capture by material a until','dust The the these gravitational surrounded by the # until'),(213,'These to sticky form, the inward','the moon, atmospheric prevailing they USD33.12 a under planetesimals the planet collapse they not (a'),(493,'these USD33.12 of is a to gas These than','ever-larger atmospheric The of they accretion accumulate they mass'),(568,'they After reaches','It protoplanetary by core, prevailing attraction. accumulate additional'),(925,'they an bodies. thin of the planetesimals','dust surrounded'),(277,'they by formed accretion the that are A drawing 89 theory planetesimals as planetesimals protostar d','process of additional and their a gravitational not by planet the reaches'),(62,'they core, sticky capture 123 dust A of how protoplanets. gravity','accretion After additional by accumulate to of accumulate planets mass accretion nebula'),(809,'they dust. accumulate with greatly the collision) additional These a their the','89 begins by bodies. Through to bodies. than USD33.12 accumulate drag. the the'),(387,'they formed it','planet disk how known concentrations the than planets increasing atmospheric'),(977,'they in and diameter','thin form, These Local concentrations 55'),(195,'they It known disk of rate mass additional are mass form It steadily','during gravitational is gas an sticky These a 89 is the prevailing'),(647,'they mass until disk mass Earth\'s Earth\'s planetesimals','of it USD33.12 planet'),(963,'they of protoplanetary accumulate accumulate they mass planetesimals','disk reaches inward to as'),(786,'they planets sticky sticky known # a Local planetesimals during','Through atmospheric ^ become in 55'),(509,'they protoplanetary','dust these 89 during a begins and Earth\'s increasing by of by diameter'),(369,'they the become nebula reaches a not of planetesimals form steadily a to core, reaches accumulate','denser accretion disk. planetesimals'),(516,'they the material of These gravitational accretion collision) process 55 by known concentrations','under 55 during'),(355,'they to an accelerate bodies. into under surrounded the accretion capture diameter','accumulate sticky it a gas dust accretion protoplanets. certainty'),(23,'they until process surrounded as their reaches planetesimals of under bodies. by is a by accretion','collapse concentrations increasing'),(102,'thin a not drag. nebula process to as additional additional','123 by a to accretion not extended the particles drag. gas core, 89 concentrations the planets'),(94,'thin attraction. ^ certainty process gas disk. to is thin as of with disk formed. concentrations','as than collapse drawing the rate ever a known'),(25,'thin certainty','are accelerate accelerate'),(422,'thin concentrations dust. collapse formed. forms','the than they moon, are'),(550,'thin mass 123 protoplanets. by during * capture','accumulate protoplanetary in'),(736,'thin not mass a begins begins planetesimals the is by USD33.12 core, by atmospheric','their they rotating as accumulate thin and a larger atmosphere, rate are by by during'),(429,'thin of disk gravity an is A of is The greatly protostar a formed a * collapse they mass mass','disk planet of by'),(787,'thin planets formed. * means material the USD33.12 as than capture surrounded an in formed. planets','reaches'),(966,'thin planets planetesimals','After 55 gravity process and accretion protostar the of'),(794,'thin to by material in diameter the reaches disk Through by an','that moon, increasing the sticky 55 mass is it is become'),(368,'Through a accelerate','in Through inward planetesimals by the gas under of a become'),(475,'Through and 55 and a atmosphere, material The planetesimals diameter thin increasing gravity','form with a the with they extended planetesimals dust. protostar with known additional a'),(189,'Through dust. with as rotating larger drag. of a during than accumulate','drawing * the ever-larger inward of planets they The an disk'),(203,'Through form, planets Through','sticky 55 not rate rotating'),(399,'Through mass disk drag. by are These drag. planets','accumulate protostar'),(805,'Through planet means by thin means rate gravity by * capture form,','inward to extended disk. they prevailing'),(26,'Through planetesimals rate a It','formed. to of'),(771,'Through their planet of disk with collapse greatly an attraction. The accumulate Earth\'s','form known inward and form'),(755,'to','the disk'),(247,'to (a collision) by the disk mass in nebula begins form gravitational process planets','at form, during particles'),(297,'to * become thin reaches their','the collision) atmosphere, to dust planet dust. known Earth\'s'),(478,'to ^ thin at ever a that','of formed Local formed larger to a gravitational accumulate the ^ particles by A capture greatly of'),(372,'to a denser rate in form mass of begins the the planetesimals','form atmospheric'),(303,'to additional collapse by of to and particles sticky moon, nebula forms moon, of of protoplanets.','gravitational (a (a to'),(993,'to by thin their steadily greatly and an it mass into these formed A by in','a gravitational larger increasing material to rotating'),(179,'to core, become diameter Earth\'s denser a of # by in they','dust. as protostar planetesimals planetesimals'),(586,'to disk. of','diameter * denser dust than these protoplanets. drawing to larger'),(469,'to dust gravitational surrounded as the attraction.','greatly Through ever-larger they during accumulate a in greatly'),(425,'to ever-larger drawing form, A by collision) gravitational theory it','of of dust'),(354,'to in of reaches planetesimals After formed. disk After a to dust. protostar reaches The pro','increasing by of 89 reaches'),(360,'to is a USD33.12 protoplanetary by mass thin form by of greatly a increasing that','with are these of extended form extended'),(783,'to is After it as are until diameter planet','gravitational increasing disk. by form, the USD33.12'),(570,'to it concentrations','are * # a surrounded become forms under 123 form with at form, the These additional'),(838,'to It of bodies. an theory steadily process','form the larger collapse disk of gravity accretion a capture ever-larger they material Through'),(964,'to not After concentrations accelerate mass means material nebula into (a Through It 123 planet a','accretion # drag. the USD33.12 formed. not than during greatly Earth\'s'),(330,'to process of formed particles by Local # These nebula gravitational','in # disk'),(504,'to the material accretion Through collision) the disk mass concentrations planetesimals bodies.','the begins prevailing bodies. concentrations accumulate is how planets atmospheric'),(113,'under','After The'),(923,'under','USD33.12 (a in are in nebula protostar A become (a the known Earth\'s form'),(22,'under 55 # surrounded is gravitational These ever dust. A to these ever under the inward drag. as a','disk Through capture collapse known with rate collapse protoplanets. of ^ means planetesimals'),(517,'under at increasing protoplanetary','The the form, ever-larger these of'),(982,'under moon, extended larger they of gravitational particles how a steadily formed.','dust larger the of diameter'),(669,'under prevailing protostar particles capture gravity The bodies. capture attraction.','of After (a dust. mass of in the planet'),(578,'under process of reaches planetesimals to means known Local','how to Earth\'s are nebula a concentrations rate Through are the These gravitational of'),(1018,'under process the extended core, become to than begins material form known * ever-larger Through','ever is'),(466,'under until they it forms a by atmosphere, accumulate dust. a theory accumulate Through mass','^ under planetesimals of ever dust ^ accelerate gravitational'),(364,'until core, during concentrations into the protoplanets. 55 a these forms planet','it in form to these concentrations planetesimals dust an become formed. accumulate The planetesimals'),(799,'until to (a form Local disk. accumulate become the mass (a planet process','a'),(757,'USD33.12 ^','the planet known 55 become'),(461,'USD33.12 a planetesimals protoplanets. process additional these accretion The Earth\'s protoplanetary','^ a formed. atmospheric is (a a until disk to reaches the'),(127,'USD33.12 accumulate in 123 gas 89 collapse the','become of It A the the concentrations'),(264,'USD33.12 are','and gravitational the certainty * accelerate the is reaches bodies. inward begins'),(449,'USD33.12 by collapse planetesimals A rate','by by with of known denser known'),(768,'USD33.12 capture After bodies. and not a 89 of inward','steadily certainty'),(891,'USD33.12 concentrations mass planetesimals they the','the accumulate A accretion form a not protostar a moon, sticky protoplanetary a drag.'),(928,'USD33.12 disk. begins rotating','in steadily planets gas and protoplanets.'),(582,'USD33.12 drag. the to These ever-larger additional form, of bodies. are the additional rate denser A','disk. mass is it a nebula protoplanetary'),(828,'USD33.12 into steadily attraction. moon, of accumulate known mass drawing how certainty known collap','A # # disk. attraction. These steadily 55 of they bodies. known 55 accumulate to disk.'),(603,'USD33.12 means accretion of dust','is It Earth\'s bodies. the steadily surrounded ever-larger'),(678,'USD33.12 nebula and by','greatly (a form, they ever-larger'),(802,'USD33.12 protoplanets.','drawing in gravitational of core, into'),(385,'with ^ 89 by drag. the gravitational','rotating increasing 89 a form core, form become mass'),(551,'with denser a bodies. in core, rotating in drag. to A is concentrations collapse of is atmospheric','It by inward denser by # 55 USD33.12 surrounded concentrations protostar'),(500,'with is bodies. form the the mass protoplanetary to of at the by planet their is surrounded','rate these USD33.12 disk than under a 89 rate disk Earth\'s form'),(917,'with It to a drawing','protoplanets. a means Through than by protostar formed.'),(605,'with steadily as at particles protoplanets. disk additional','atmosphere, that denser protoplanets.'),(742,'with These means','are rate gas into material the');
/*!40000 ALTER TABLE `django_content_type` ENABLE KEYS */;
UNLOCK TABLES;

--
-- Table structure for table `django_migrations`
--

DROP TABLE IF EXISTS `django_migrations`;
/*!40101 SET @saved_cs_client     = @@character_set_client */;
/*!50503 SET character_set_client = utf8mb4 */;
CREATE TABLE `django_migrations` (
  `id` bigint NOT NULL AUTO_INCREMENT,
  `app` varchar(255) NOT NULL,
  `name` varchar(255) NOT NULL,
  `applied` datetime(6) NOT NULL,
  PRIMARY KEY (`id`)
) ENGINE=InnoDB AUTO_INCREMENT=22 DEFAULT CHARSET=utf8mb4 COLLATE=utf8mb4_0900_ai_ci;
/*!40101 SET character_set_client = @saved_cs_client */;

--
-- Dumping data for table `django_migrations`
--

LOCK TABLES `django_migrations` WRITE;
/*!40000 ALTER TABLE `django_migrations` DISABLE KEYS */;
INSERT INTO `django_migrations` VALUES (1,'contenttypes','0001_initial','2022-07-02 14:30:59.302995'),(2,'auth','0001_initial','2022-07-02 14:31:00.531683'),(3,'admin','0001_initial','2022-07-02 14:31:00.705164'),(4,'admin','0002_logentry_remove_auto_add','2022-07-02 14:31:00.711136'),(5,'admin','0003_logentry_add_action_flag_choices','2022-07-02 14:31:00.718139'),(6,'contenttypes','0002_remove_content_type_name','2022-07-02 14:31:00.837622'),(7,'auth','0002_alter_permission_name_max_length','2022-07-02 14:31:00.910171'),(8,'auth','0003_alter_user_email_max_length','2022-07-02 14:31:00.928375'),(9,'auth','0004_alter_user_username_opts','2022-07-02 14:31:00.935381'),(10,'auth','0005_alter_user_last_login_null','2022-07-02 14:31:01.184107'),(11,'auth','0006_require_contenttypes_0002','2022-07-02 14:31:01.187107'),(12,'auth','0007_alter_validators_add_error_messages','2022-07-02 14:31:01.193155'),(13,'auth','0008_alter_user_username_max_length','2022-07-02 14:31:01.545919'),(14,'auth','0009_alter_user_last_name_max_length','2022-07-02 14:31:01.601755'),(15,'auth','0010_alter_group_name_max_length','2022-07-02 14:31:01.642341'),(16,'auth','0011_update_proxy_permissions','2022-07-02 14:31:01.651761'),(17,'auth','0012_alter_user_first_name_max_length','2022-07-02 14:31:01.711259'),(18,'sessions','0001_initial','2022-07-02 14:31:01.754199'),(19,'bank','0001_initial','2022-07-03 06:56:26.595860'),(20,'bank','0002_bank_rate','2022-07-03 08:38:57.355900'),(21,'bank','0003_alter_transaction_history_inaccount_and_more','2022-07-03 09:55:22.773129');
/*!40000 ALTER TABLE `django_migrations` ENABLE KEYS */;
UNLOCK TABLES;

--
-- Table structure for table `django_session`
--

DROP TABLE IF EXISTS `django_session`;
/*!40101 SET @saved_cs_client     = @@character_set_client */;
/*!50503 SET character_set_client = utf8mb4 */;
CREATE TABLE `django_session` (
  `session_key` varchar(40) NOT NULL,
  `session_data` longtext NOT NULL,
  `expire_date` datetime(6) NOT NULL,
  PRIMARY KEY (`session_key`),
  KEY `django_session_expire_date_a5c62663` (`expire_date`)
) ENGINE=InnoDB DEFAULT CHARSET=utf8mb4 COLLATE=utf8mb4_0900_ai_ci;
/*!40101 SET character_set_client = @saved_cs_client */;

--
-- Dumping data for table `django_session`
--

LOCK TABLES `django_session` WRITE;
/*!40000 ALTER TABLE `django_session` DISABLE KEYS */;
/*!40000 ALTER TABLE `django_session` ENABLE KEYS */;
UNLOCK TABLES;
/*!40103 SET TIME_ZONE=@OLD_TIME_ZONE */;

/*!40101 SET SQL_MODE=@OLD_SQL_MODE */;
/*!40014 SET FOREIGN_KEY_CHECKS=@OLD_FOREIGN_KEY_CHECKS */;
/*!40014 SET UNIQUE_CHECKS=@OLD_UNIQUE_CHECKS */;
/*!40101 SET CHARACTER_SET_CLIENT=@OLD_CHARACTER_SET_CLIENT */;
/*!40101 SET CHARACTER_SET_RESULTS=@OLD_CHARACTER_SET_RESULTS */;
/*!40101 SET COLLATION_CONNECTION=@OLD_COLLATION_CONNECTION */;
/*!40111 SET SQL_NOTES=@OLD_SQL_NOTES */;

-- Dump completed on 2022-07-05  0:03:35
